"genes","Freq"
"MAD1L1",106
"ZIC1",84
"CAMTA1",75
"OPCML",64
"PAX6",59
"TP73",57
"GATA4",55
"RPS6KA2",53
"CDH4",48
"BANP",45
"CBFA2T3",43
"WT1",42
"EBF3",41
"FOXP1",40
"CSMD1",38
"RUNX3",36
"CUX1",35
"TFAP2A",35
"CTNNA2",33
"AJAP1",32
"MCC",32
"FAT1",31
"HIVEP3",31
"CDH13",30
"CHFR",29
"PACRG",29
"DLEU1",28
"MCPH1",28
"DNMT3A",27
"TRIM15",27
"MEG3",26
"PPP2R2C",26
"CACNA2D3",25
"RUNX1",25
"RUNX2",25
"TBX5",25
"ZFHX3",25
"DLC1",24
"ESR1",24
"PROX1",24
"TSPAN32",24
"AHRR",23
"CNTNAP2",23
"BLCAP",22
"ESRRB",22
"HIC1",22
"NOTCH1",22
"TCF7L2",22
"TSC2",22
"PDX1",21
"RASSF1",21
"SASH1",21
"SFRP2",21
"SPTBN1",21
"ST5",21
"CBX5",20
"CDK6",20
"CHD5",20
"DLEU2",20
"PRKCE",20
"STARD13",20
"UNC5A",20
"UNC5D",20
"WWOX",20
"BRF1",19
"DAB2IP",19
"LHX4",19
"LZTS1",19
"PARK2",19
"SEMA3B",19
"SRGAP3",19
"WNT5A",19
"ALDH1A2",18
"DCC",18
"ISG15",18
"PAX5",18
"PRKCB",18
"ROBO1",18
"SFRP1",18
"AHNAK",17
"ATM",17
"BASP1",17
"CXXC5",17
"EDNRB",17
"EYA4",17
"H19",17
"IKZF1",17
"KLF6",17
"NDRG2",17
"PCDHGC3",17
"POU6F2",17
"PPP1CA",17
"RAP1GAP",17
"EFNA5",16
"GALR1",16
"GRIN2A",16
"HIPK2",16
"IGF2R",16
"ITGA7",16
"LSAMP",16
"MRVI1",16
"SOX1",16
"ST7",16
"TRIM31",16
"ANP32A",15
"ERBB4",15
"ESR2",15
"ETV6",15
"HOXB13",15
"JDP2",15
"NUAK1",15
"ONECUT1",15
"PCDH8",15
"PTPN6",15
"RARB",15
"TUSC2",15
"ZBTB18",15
"CDX2",14
"CTDSPL",14
"DSC3",14
"EPAS1",14
"EXT1",14
"FHIT",14
"MXI1",14
"MYH9",14
"PTEN",14
"RB1",14
"RBMS3",14
"TGFBR2",14
"ADAMTS9-AS2",13
"AFAP1L2",13
"CADM1",13
"DIDO1",13
"DIRAS3",13
"EGR2",13
"EPHB3",13
"FBXO31",13
"FOXA2",13
"GNB2L1",13
"IQGAP2",13
"NOTCH3",13
"NR4A1",13
"PHOX2A",13
"PLCE1",13
"PPM1L",13
"RASAL2",13
"RNF111",13
"SLIT2",13
"TGFBR3",13
"UNC5C",13
"WNK2",13
"ZBTB4",13
"ACHE",12
"ADAMTS9",12
"BIK",12
"BRCA1",12
"CADM2",12
"CREB3L1",12
"CREBBP",12
"CYB561D2",12
"DLK1",12
"DOK1",12
"EGLN3",12
"IRF4",12
"LITAF",12
"NDRG1",12
"NF1",12
"PLXNC1",12
"PPP2R5C",12
"PRDM1",12
"PRDM2",12
"PRICKLE1",12
"RASSF5",12
"SCRIB",12
"SFN",12
"SOX7",12
"SPI1",12
"STAT5A",12
"THBS1",12
"ZBTB7C",12
"ZHX2",12
"AKAP12",11
"ARHGEF12",11
"CTNNBIP1",11
"CYGB",11
"DENND2D",11
"E2F3",11
"FOXO6",11
"HOMER2",11
"IGF1",11
"IGFBP7",11
"IL17RD",11
"LRIG1",11
"MADD",11
"MIR129-2",11
"MTSS1",11
"NTRK3",11
"RASAL1",11
"RASSF2",11
"RASSF4",11
"RND3",11
"SCGB3A1",11
"SGMS1",11
"THRB",11
"VIM",11
"ZNF668",11
"ALPL",10
"APC",10
"ARID1A",10
"AXIN1",10
"AXIN2",10
"CAPG",10
"CDH11",10
"CFTR",10
"CLU",10
"CTNNA3",10
"DAB2",10
"EPHB2",10
"FHL1",10
"FLNA",10
"FOXL2",10
"HSPD1",10
"INPP4B",10
"JUP",10
"MAPK10",10
"MLH1",10
"NCOA4",10
"NPM1",10
"NR4A3",10
"PCDH17",10
"PEG3",10
"PKD1",10
"PTCH1",10
"PTPN23",10
"RTN4",10
"SH2B3",10
"SIRT2",10
"SPARC",10
"SPINT2",10
"SUFU",10
"TMPRSS6",10
"TNFRSF12A",10
"TOM1L2",10
"UNC5B",10
"UVRAG",10
"WFDC1",10
"ZFAS1",10
"ACVR1C",9
"AKR1B1",9
"BCL2L11",9
"BMP4",9
"CABLES1",9
"CD44",9
"CDH5",9
"CDK2AP1",9
"CDKN1A",9
"CDKN1C",9
"CDO1",9
"CREM",9
"CUL1",9
"DCDC2",9
"DCLRE1A",9
"DDR2",9
"DNAJB1",9
"DNMT1",9
"DOK3",9
"DPP4",9
"EXTL3",9
"FBXL13",9
"FRS3",9
"GPRC5A",9
"GSN",9
"HNF4A",9
"HOPX",9
"HTRA3",9
"IGFBP4",9
"IGFBP5",9
"IRF8",9
"IRX1",9
"KIF1B",9
"MST1",9
"NDRG4",9
"PCDH10",9
"PCDH9",9
"PRDM11",9
"PRR5",9
"PTPN12",9
"PTPRK",9
"RNF144A",9
"ROR2",9
"SALL4",9
"SFRP5",9
"SOX11",9
"SOX15",9
"SSBP2",9
"SYNPO2",9
"TCF4",9
"TDGF1",9
"TGFB1",9
"TGFBI",9
"TMEM127",9
"TREX2",9
"TRIM13",9
"VDR",9
"ZBTB16",9
"ZFP36L2",9
"ASCL1",8
"ATF3",8
"BCL6B",8
"BMF",8
"BMPR2",8
"CADM3",8
"CASP8",8
"CCDC136",8
"CDK2",8
"CDKN2C",8
"CITED2",8
"CTNND1",8
"DACH1",8
"DAPK1",8
"DKK3",8
"DUSP6",8
"EPHA2",8
"ERF",8
"ERRFI1",8
"GAS5",8
"GPX3",8
"HDAC1",8
"HEPACAM",8
"IER3",8
"ING1",8
"ING5",8
"ITGB1",8
"KLF4",8
"KLF5",8
"KRT19",8
"LIMA1",8
"LIMD1",8
"LRIG3",8
"MEN1",8
"MIR124-2",8
"MIR141",8
"MIR25",8
"MME",8
"MNT",8
"MTUS1",8
"NGFR",8
"NNAT",8
"NPAS2",8
"NUP98",8
"OSCP1",8
"PANX2",8
"PDLIM4",8
"PER2",8
"PFN1",8
"PLD1",8
"PLEKHO1",8
"PPP2CA",8
"PRKCDBP",8
"RAB7A",8
"RASL10A",8
"RNH1",8
"RPL10",8
"RPRM",8
"SCUBE2",8
"SDHD",8
"SERPINB5",8
"SPRY2",8
"SPRY4",8
"STAT3",8
"TET2",8
"THY1",8
"TMEFF2",8
"TSC22D1",8
"VEGFA",8
"VPS53",8
"WNT7A",8
"ZMYND10",8
"ZMYND11",8
"BIN1",7
"BMPR1A",7
"BNIP3L",7
"BRMS1",7
"CDCP1",7
"CDKN1B",7
"CEBPA",7
"CNOT3",7
"COPS2",7
"CYB5R2",7
"DAPK2",7
"DICER1",7
"DKK1",7
"DMBT1",7
"DMD",7
"DNMT3B",7
"DSP",7
"DUSP1",7
"DUSP22",7
"EGR1",7
"EPB41L3",7
"FABP3",7
"FAM172A",7
"FAS",7
"FAT4",7
"FBXW7",7
"FOXD3",7
"FOXO3",7
"FRK",7
"GATA5",7
"GORAB",7
"GTPBP4",7
"ID4",7
"IGFBP3",7
"ITGA5",7
"KDM3A",7
"KLF10",7
"LHX6",7
"MARCKS",7
"MAX",7
"MDC1",7
"MIR125B1",7
"MIR145",7
"MIR199A1",7
"MIR615",7
"MSH2",7
"MST1R",7
"MUS81",7
"NEDD4L",7
"NFATC2",7
"NPRL2",7
"NUMB",7
"PARK7",7
"PHLDA2",7
"PHLDA3",7
"PLA2G7",7
"PLAGL1",7
"PLK2",7
"PPP1R1B",7
"PTPRD",7
"PTPRJ",7
"RBBP7",7
"RCHY1",7
"RHOBTB2",7
"S100A11",7
"SEPT4",7
"SFRP4",7
"SOD2",7
"STK10",7
"THRA",7
"TNK1",7
"TP53",7
"TP53BP1",7
"TP63",7
"UCHL1",7
"VWA5A",7
"ZNF366",7
"ADAMTS18",6
"ADAMTS8",6
"ADPRH",6
"AGTR1",6
"ALOX15",6
"ARHGAP29",6
"ARNTL",6
"ATR",6
"BLID",6
"BTG2",6
"C2orf40",6
"CASP2",6
"CCAR2",6
"CD82",6
"CDH1",6
"CDH17",6
"CHST10",6
"CMTM3",6
"CPNE7",6
"CSRNP1",6
"DIRAS1",6
"DPH1",6
"EAF2",6
"EED",6
"EEF1A1",6
"EHF",6
"EMP1",6
"EMP2",6
"EPB41",6
"EPHB6",6
"FLCN",6
"FOXA1",6
"FOXC1",6
"FOXO1",6
"FUS",6
"G0S2",6
"GJA1",6
"GLI1",6
"GLTSCR1",6
"HINT1",6
"HTRA1",6
"IDH1",6
"IGFALS",6
"ING4",6
"IRF3",6
"IRF5",6
"ITGAV",6
"ITGB3",6
"KAT5",6
"KL",6
"KLK10",6
"KLK6",6
"LIFR",6
"LINC-PINT",6
"LOX",6
"LRRC3B",6
"MAP3K8",6
"MIR181C",6
"MIR205",6
"MIR219A1",6
"MIR503",6
"MIR9-3",6
"MYO18B",6
"NBN",6
"NEDD4",6
"NME1",6
"NR1I2",6
"PAX4",6
"PBRM1",6
"PDCD4",6
"PDGFRL",6
"PGR",6
"PHB",6
"PINX1",6
"PLA2R1",6
"PLCB3",6
"PLCD1",6
"PPM1A",6
"PPP2R4",6
"PRDM5",6
"PRKCD",6
"PTGDR",6
"PTPN2",6
"PYCARD",6
"RASL10B",6
"RBL1",6
"RBM38",6
"RHOA",6
"RHOB",6
"RNF8",6
"SAFB2",6
"SALL2",6
"SIAH1",6
"SLX4",6
"SMARCA4",6
"SMYD4",6
"STAT1",6
"SYNM",6
"TAGLN",6
"THBD",6
"TIMP3",6
"TNFAIP3",6
"TNFRSF10B",6
"TNFSF9",6
"TRIM62",6
"TXNIP",6
"USP12",6
"VSNL1",6
"ZC3H10",6
"AHCYL1",5
"AIF1",5
"AIM2",5
"ANAPC1",5
"ANXA7",5
"APAF1",5
"ARF1",5
"ARL11",5
"ASS1",5
"ASXL1",5
"BBC3",5
"BHLHE41",5
"BLNK",5
"BMP2",5
"BRINP1",5
"BRSK1",5
"BTK",5
"CASC1",5
"CAV1",5
"CCAR1",5
"CCDC67",5
"CDC73",5
"CHD1",5
"CHEK1",5
"CIC",5
"CIZ1",5
"CLDN1",5
"CSNK1A1",5
"CTCF",5
"CXXC4",5
"CYB5A",5
"DFNA5",5
"DNAJB4",5
"DOK2",5
"EEF1E1",5
"EIF3F",5
"EPHB4",5
"ETS2",5
"EXTL2",5
"FBXO32",5
"GADD45B",5
"GANAB",5
"GJB2",5
"GPC5",5
"HBP1",5
"IGFBPL1",5
"INTS6",5
"KDM8",5
"LRP1B",5
"LRRC4",5
"LXN",5
"MAL",5
"MOB1B",5
"NKX3-1",5
"NUPR1",5
"PAIP2",5
"PAWR",5
"PDS5B",5
"PKNOX1",5
"PPARG",5
"PPP3CC",5
"PRDM4",5
"PRKAR1A",5
"RAD23B",5
"RPS6KA6",5
"S100A2",5
"SDHA",5
"SEC14L2",5
"SIRT6",5
"SKIL",5
"SLC39A1",5
"SLC39A4",5
"SLC9A3R1",5
"SOCS1",5
"SPOP",5
"TBL2",5
"TCF3",5
"TCHP",5
"TRIT1",5
"TSLP",5
"TSSC4",5
"TWIST2",5
"UBE2QL1",5
"UBIAD1",5
"YAP1",5
"ZNF185",5
"ABI2",4
"ADARB1",4
"AHR",4
"AIMP1",4
"AIP",4
"AMH",4
"ARID2",4
"BCORL1",4
"BRD7",4
"CAMK2N1",4
"CASC2",4
"CMTM5",4
"CSF2",4
"CYLD",4
"DCN",4
"DLG1",4
"DUSP5",4
"EPHA1",4
"ESRP1",4
"EXTL1",4
"EZH1",4
"FAM188A",4
"FBLN1",4
"FBP1",4
"GABARAP",4
"GADD45A",4
"GADD45G",4
"GADD45GIP1",4
"GLTSCR2",4
"GSK3B",4
"HLTF",4
"HSP90B1",4
"HSPB7",4
"IFI16",4
"ILK",4
"KDM3B",4
"KIF7",4
"LATS2",4
"LEFTY1",4
"LTF",4
"MAP2K4",4
"MAP3K4",4
"MAP4K1",4
"MIR1-1",4
"MIR124-1",4
"MIR124-3",4
"MIR130A",4
"MIR148A",4
"MIR17",4
"MIR193B",4
"MIR200A",4
"MIR203A",4
"MIR20A",4
"MIR26B",4
"MIR27A",4
"MIR493",4
"MIR636",4
"MIR874",4
"MT1DP",4
"MT1F",4
"MT1G",4
"MT1M",4
"MZB1",4
"NDN",4
"NEURL1",4
"NFKB1",4
"NINJ1",4
"OSGIN1",4
"PANO1",4
"PARP1",4
"PHF6",4
"PHLPP1",4
"PIAS1",4
"PLA2G16",4
"POU2F3",4
"PRKAA1",4
"PRODH",4
"PTPN13",4
"PYHIN1",4
"RANBP9",4
"RASSF8",4
"RB1CC1",4
"RBM6",4
"RBMX",4
"RFWD2",4
"RTN4IP1",4
"SAFB",4
"SDHB",4
"SEMA3F",4
"SETD2",4
"SH3GLB1",4
"SHISA3",4
"SLC5A8",4
"SMARCC1",4
"SMCHD1",4
"SYK",4
"TFPI2",4
"TNFAIP8L2",4
"TOPORS",4
"TRIM3",4
"UBE4B",4
"UFL1",4
"UHRF2",4
"WHSC1L1",4
"WNT11",4
"XPO5",4
"XRCC5",4
"YPEL3",4
"ZNF292",4
"ZYX",4
"ABCG2",3
"AMER1",3
"ARL6IP5",3
"ARMC5",3
"BAP1",3
"BARD1",3
"BCL10",3
"BCR",3
"BECN1",3
"BLM",3
"BRCA2",3
"BTG3",3
"BTG4",3
"CCNC",3
"CDKN2A",3
"CNDP2",3
"CNN1",3
"CST6",3
"CTCFL",3
"CXCL12",3
"CXCL14",3
"DAPK3",3
"DCUN1D3",3
"DMTF1",3
"E2F1",3
"EAF1",3
"EGLN1",3
"EXT2",3
"FER1L4",3
"FH",3
"FXN",3
"FZR1",3
"GPC3",3
"GSTP1",3
"HECA",3
"HIF1A",3
"HIRA",3
"HTATIP2",3
"HTRA2",3
"IKZF2",3
"IKZF3",3
"IL24",3
"KANK1",3
"KMT2C",3
"LAT2",3
"LIN9",3
"LLGL1",3
"MARVELD1",3
"MFSD2A",3
"MIR137",3
"MIR149",3
"MIR150",3
"MIR182",3
"MIR183",3
"MIR193A",3
"MIR194-2",3
"MIR195",3
"MIR200B",3
"MIR200C",3
"MIR210",3
"MIR23A",3
"MIR26A1",3
"MIR26A2",3
"MIR34B",3
"MIR34C",3
"MIR375",3
"MIR409",3
"MIR451A",3
"MIR494",3
"MIR495",3
"MOB1A",3
"MSMB",3
"MT2A",3
"MYBBP1A",3
"MYO1A",3
"NAPEPLD",3
"NDST4",3
"NKX2-8",3
"NR2C2",3
"NRCAM",3
"NRSN2",3
"PAFAH1B1",3
"PCGF2",3
"PDSS2",3
"PEA15",3
"PEBP1",3
"PGRMC2",3
"PHC3",3
"PLA2G2A",3
"PLK1",3
"PML",3
"PNN",3
"PRKAA2",3
"PTPRC",3
"RAB25",3
"RAP1A",3
"RASSF10",3
"RASSF3",3
"RBM4",3
"RBP1",3
"RNF180",3
"RPA1",3
"SAA1",3
"SHQ1",3
"SIRT1",3
"SMARCA2",3
"SPARCL1",3
"ST13",3
"STRADA",3
"STUB1",3
"SYT13",3
"TCEB3",3
"TNFRSF18",3
"TNFSF12",3
"TRIM24",3
"TSG101",3
"TSPAN13",3
"TTF1",3
"TUSC7",3
"WIF1",3
"XAF1",3
"XIST",3
"ZBTB48",3
"ACY1",2
"AIMP2",2
"ANGPTL4",2
"APITD1",2
"ARMC10",2
"ATMIN",2
"BMP10",2
"CAT",2
"CCDC154",2
"CCNDBP1",2
"CD4",2
"CEACAM1",2
"CHEK2",2
"CLDN23",2
"CTGF",2
"CUL2",2
"CUL5",2
"DACT1",2
"DDX3X",2
"DEFB1",2
"DFFA",2
"DLEC1",2
"DNAJC11",2
"DND1",2
"DUSP9",2
"ECT2",2
"EHD3",2
"EI24",2
"FADD",2
"FOXO4",2
"FOXP3",2
"GAS1",2
"GGNBP2",2
"GKN1",2
"GKN2",2
"GLS2",2
"GNAT1",2
"GNMT",2
"GREM1",2
"H2AFX",2
"HDAC3",2
"HIVEP1",2
"HPGD",2
"HRASLS2",2
"HRG",2
"ING3",2
"IRF1",2
"KCNRG",2
"KDM5A",2
"KDM6A",2
"KISS1",2
"KRIT1",2
"LATS1",2
"LEFTY2",2
"LMNTD1",2
"LRMP",2
"MAT2A",2
"MBD4",2
"MIA",2
"MIR100",2
"MIR122",2
"MIR1247",2
"MIR125A",2
"MIR134",2
"MIR135A1",2
"MIR135A2",2
"MIR138-1",2
"MIR140",2
"MIR143",2
"MIR192",2
"MIR196A2",2
"MIR206",2
"MIR218-2",2
"MIR296",2
"MIR320A",2
"MIR326",2
"MIR329-1",2
"MIR34A",2
"MIR424",2
"MIR449A",2
"MIR449B",2
"MIR497",2
"MIR574",2
"MIR7-2",2
"MIR9-1",2
"MIRLET7E",2
"MIRLET7I",2
"NCOA5",2
"NF2",2
"NOL7",2
"NOV",2
"NR0B2",2
"NRBP1",2
"NRF1",2
"OLFM4",2
"PALB2",2
"PDCD5",2
"PIN1",2
"PIWIL2",2
"PPARA",2
"PPP2CB",2
"PPP2R1B",2
"PTCH2",2
"RAD51C",2
"RARRES3",2
"RBBP8",2
"RBM14",2
"RECK",2
"RINT1",2
"RITA1",2
"RNASET2",2
"RPL11",2
"RPL5",2
"SELENBP1",2
"SIRT3",2
"SKP2",2
"SMARCB1",2
"SOCS3",2
"SPINK7",2
"SRPX",2
"STK11",2
"SUZ12",2
"TANK",2
"TBRG1",2
"TCEAL7",2
"TES",2
"THSD1",2
"TMPRSS11A",2
"TNFRSF10A",2
"TP53BP2",2
"TP53INP1",2
"TRIM32",2
"TRIM35",2
"TSC1",2
"UIMC1",2
"USP33",2
"VIL1",2
"ZDHHC2",2
"ZFP36",2
"ZFP82",2
"ALOX15B",1
"ARG1",1
"AZGP1",1
"BATF2",1
"BEX2",1
"CADM4",1
"CBL",1
"CEBPD",1
"CRNN",1
"CST5",1
"DDB2",1
"DDX58",1
"DIABLO",1
"E2F2",1
"EPHA3",1
"FANCG",1
"FBXO25",1
"GBP1",1
"GUCY2C",1
"HACE1",1
"HCAR2",1
"IFT88",1
"IL17A",1
"ING2",1
"L3MBTL4",1
"MAPK9",1
"MCM9",1
"MIR10A",1
"MIR1226",1
"MIR125B2",1
"MIR126",1
"MIR132",1
"MIR133A2",1
"MIR138-2",1
"MIR148B",1
"MIR155",1
"MIR15A",1
"MIR185",1
"MIR187",1
"MIR194-1",1
"MIR196B",1
"MIR211",1
"MIR214",1
"MIR215",1
"MIR30A",1
"MIR30C1",1
"MIR33A",1
"MIR367",1
"MIR378A",1
"MIR505",1
"MIR520B",1
"MIR551A",1
"MIR9-2",1
"MIR98",1
"MIRLET7B",1
"MIRLET7F2",1
"MLH3",1
"NIT2",1
"NOTCH2",1
"PAEP",1
"PHACTR4",1
"PHLPP2",1
"PLK5",1
"PTENP1",1
"PTPN1",1
"PTPN11",1
"PTPRT",1
"RASL11A",1
"RBM5",1
"RNASEL",1
"SAMD9L",1
"SCYL1",1
"SHPRH",1
"SIRT4",1
"SMAD2",1
"SNORD50A",1
"ST20",1
"TAT",1
"TDRG1",1
"TGM3",1
"TMEFF1",1
"TPTE2",1
"TTC4",1
"TUSC1",1
"VEZT",1
"WDR11",1
"WISP3",1
"ZNF382",1
