"genes","Freq"
"OPCML",68
"CDH4",52
"CSMD1",43
"ZIC1",36
"EBF3",34
"AJAP1",33
"TP73",33
"CTNNA2",31
"EDNRB",31
"PACRG",25
"PARK2",25
"IKZF1",22
"MAD1L1",21
"LSAMP",19
"PRKCB",19
"LZTS1",18
"UNC5D",18
"ESR1",17
"PAX6",17
"RBMS3",17
"CNTNAP2",16
"GALR1",16
"AHNAK",15
"HOXB13",15
"EYA4",14
"POU6F2",14
"SFRP2",13
"SLIT2",13
"ALDH1A2",12
"DSC3",12
"HIVEP3",12
"PCDH8",12
"RASSF1",12
"AKR1B1",11
"CAMTA1",11
"CDH13",11
"PROX1",11
"GRIN2A",10
"MIR141",10
"SFRP1",10
"STAT5A",10
"BANP",9
"CFTR",9
"MIR129-2",9
"MIR25",9
"MIR329-1",9
"RASSF2",9
"RUNX1",9
"TNK1",9
"WT1",9
"APC",8
"BLCAP",8
"CADM3",8
"IRF4",8
"LRRC3B",8
"MIR127",8
"MRVI1",8
"NDN",8
"NUAK1",8
"PRR5",8
"PTGDR",8
"RUNX3",8
"SHISA3",8
"TFAP2A",8
"ZFHX3",8
"AKAP12",7
"CHFR",7
"CUX1",7
"DLEU1",7
"IGFALS",7
"L3MBTL4",7
"MIR124-2",7
"ONECUT1",7
"PDLIM4",7
"PYHIN1",7
"SOX1",7
"SPARC",7
"SRGAP3",7
"TNFRSF12A",7
"BLID",6
"CDH5",6
"CDK6",6
"CPNE7",6
"DDR2",6
"DOK3",6
"EXT1",6
"IGFBP7",6
"JDP2",6
"KRT19",6
"MIR200C",6
"MME",6
"NNAT",6
"NOTCH1",6
"PCDH10",6
"PCDH17",6
"PLXNC1",6
"PPP1CA",6
"PRKCDBP",6
"RAP1GAP",6
"RBP1",6
"RUNX2",6
"ST7",6
"STAT3",6
"TAGLN",6
"THBS1",6
"THRA",6
"BRF1",5
"BRINP1",5
"CBFA2T3",5
"CCDC67",5
"CTNND1",5
"DAB2IP",5
"DLK1",5
"DNMT3A",5
"FOXP1",5
"HIC1",5
"HOPX",5
"IL17A",5
"IRF8",5
"LIMA1",5
"LRRC4",5
"MIR487B",5
"MYH9",5
"PDX1",5
"PHOX2A",5
"PPP2R5C",5
"RASL10A",5
"RNF111",5
"SELENBP1",5
"ST5",5
"TBX5",5
"TSC2",5
"TUSC2",5
"WNT5A",5
"WNT7A",5
"WWOX",5
"ADAMTS9-AS2",4
"ALPL",4
"BTG4",4
"CDO1",4
"CDX2",4
"DAB2",4
"DFNA5",4
"DKK3",4
"EHF",4
"FHL1",4
"GATA4",4
"GATA5",4
"IGF1",4
"ITGB3",4
"LINC-PINT",4
"MARCKS",4
"MIR1-1",4
"MIR124-3",4
"MIR206",4
"MIR218-1",4
"MIR34C",4
"MIR409",4
"MIR410",4
"MIR503",4
"NF1",4
"NOTCH3",4
"NUPR1",4
"PAX4",4
"PKD1",4
"PML",4
"PPP2R2C",4
"PRDM2",4
"PRKCE",4
"PTPN6",4
"PTPRJ",4
"RNH1",4
"SALL2",4
"SEMA3B",4
"SERPINB5",4
"SPINT2",4
"TCF4",4
"TGFBI",4
"TOM1L2",4
"TRIM15",4
"TSLP",4
"TSPAN32",4
"UNC5B",4
"ZBTB7C",4
"ADARB1",3
"AHRR",3
"AIM2",3
"ALOX15",3
"AMH",3
"AXIN2",3
"BARD1",3
"BLNK",3
"BMF",3
"BMP10",3
"BMP2",3
"CABLES1",3
"CAV1",3
"CDH17",3
"CDKN1C",3
"CLU",3
"CREB3L1",3
"CREBBP",3
"CTNNBIP1",3
"CXCL12",3
"CXXC5",3
"DCC",3
"DENND2D",3
"DLC1",3
"DLEU2",3
"DMBT1",3
"DMD",3
"DPP4",3
"DUSP22",3
"EGLN3",3
"EPHA1",3
"EPHA2",3
"EPHB3",3
"ETV6",3
"EXTL3",3
"FABP3",3
"FAT1",3
"FBXL13",3
"FBXW7",3
"FOXA1",3
"FOXC1",3
"GPC5",3
"GSN",3
"HLTF",3
"HTRA3",3
"ID4",3
"IFI16",3
"IGFBP3",3
"IL17RD",3
"IRX1",3
"ITGB1",3
"KL",3
"MADD",3
"MAP4K1",3
"MCC",3
"MIR134",3
"MIR195",3
"MIR219A1",3
"MIR34B",3
"MST1R",3
"MTUS1",3
"NDRG2",3
"NEURL1",3
"NGFR",3
"PANX2",3
"PAX5",3
"PCDH9",3
"PLAGL1",3
"PPM1L",3
"RASSF5",3
"RBM38",3
"RHOB",3
"RNF144A",3
"ROBO1",3
"RTN4",3
"SEPT4",3
"SH2B3",3
"SMYD4",3
"SOX11",3
"SPI1",3
"SPTBN1",3
"TCF7L2",3
"TGFBR3",3
"TMPRSS6",3
"TP53INP1",3
"TRIM31",3
"TRIT1",3
"TUSC7",3
"UBE4B",3
"UCHL1",3
"VEGFA",3
"WIF1",3
"XAF1",3
"ZMYND10",3
"ADAMTS8",2
"ADAMTS9",2
"AFAP1L2",2
"AGTR1",2
"ARID2",2
"BASP1",2
"BCL10",2
"BCL2L11",2
"BMP4",2
"BMPR1A",2
"BNIP3L",2
"BRMS1",2
"BTG3",2
"C2orf40",2
"CADM1",2
"CCAR2",2
"CD82",2
"CDH1",2
"CDK2AP1",2
"CDKN2B",2
"CEBPA",2
"CHD5",2
"CIC",2
"CMTM5",2
"CSRNP1",2
"CUL1",2
"CYB5R2",2
"DCN",2
"DIABLO",2
"DICER1",2
"DUSP5",2
"EMP2",2
"EPHB6",2
"ERRFI1",2
"ESR2",2
"ESRP1",2
"ESRRB",2
"EXT2",2
"FBP1",2
"FER1L4",2
"FOXD3",2
"GNMT",2
"GPRC5A",2
"GREM1",2
"HRASLS2",2
"HTRA1",2
"IGFBP4",2
"IL24",2
"ITGA5",2
"JUP",2
"KMT2C",2
"LEFTY2",2
"LHX4",2
"LHX6",2
"LIFR",2
"LITAF",2
"LRP1B",2
"MCPH1",2
"MEG3",2
"MIR100",2
"MIR125B1",2
"MIR136",2
"MIR137",2
"MIR143",2
"MIR145",2
"MIR150",2
"MIR26B",2
"MIR494",2
"MIR495",2
"MIR497",2
"MIR888",2
"MIRLET7A2",2
"MOB1B",2
"MTSS1",2
"MYBBP1A",2
"NDRG1",2
"NDRG4",2
"NEDD4L",2
"NPAS2",2
"NR2C2",2
"PER2",2
"PPP1R1B",2
"PRDM5",2
"PRICKLE1",2
"RAB25",2
"RAB7A",2
"RASAL1",2
"RASAL2",2
"RASSF4",2
"RECK",2
"RHOBTB2",2
"RPS6KA2",2
"SCGB3A1",2
"SFRP5",2
"SGMS1",2
"SLC9A3R1",2
"SPARCL1",2
"STARD13",2
"STK10",2
"SUFU",2
"SYNM",2
"SYNPO2",2
"TGFB1",2
"THRB",2
"TMEFF2",2
"TNFRSF10B",2
"TRIM13",2
"TRIM3",2
"TRIM62",2
"UNC5A",2
"VIM",2
"WNT11",2
"ZMYND11",2
"ZNF292",2
"ZNF366",2
"AHCYL1",1
"ANGPTL4",1
"ANP32A",1
"ARF1",1
"ARHGEF12",1
"ARID1A",1
"ARL6IP5",1
"ARMC10",1
"ATF3",1
"AXIN1",1
"BCL6B",1
"BMPR2",1
"BRCA2",1
"BRD7",1
"BRSK1",1
"CACNA2D3",1
"CADM2",1
"CAMK2N1",1
"CASC2",1
"CASP5",1
"CASP8",1
"CBL",1
"CD44",1
"CDH11",1
"CDKN1A",1
"CDKN2A",1
"CHD1",1
"CHEK1",1
"CLDN1",1
"CNDP2",1
"CNN1",1
"CSNK1A1",1
"CTNNA3",1
"CYB561D2",1
"CYGB",1
"DACT1",1
"DAPK1",1
"DCDC2",1
"DDX58",1
"DIRAS1",1
"DKK1",1
"DNMT1",1
"DNMT3B",1
"DPH1",1
"DUSP9",1
"E2F1",1
"EDA2R",1
"EGLN1",1
"EGR1",1
"EGR2",1
"EHD3",1
"EMP1",1
"EPAS1",1
"EPHA3",1
"EPHB2",1
"EPHB4",1
"ERBB4",1
"FAS",1
"FBLN1",1
"FBXO31",1
"FHIT",1
"FLT3",1
"FOXA2",1
"FOXL2",1
"FOXO3",1
"FRK",1
"GAS1",1
"GLI1",1
"GNB2L1",1
"GPX3",1
"GSTP1",1
"H19",1
"HBP1",1
"HECA",1
"HEPACAM",1
"HIPK2",1
"HSPB7",1
"IFT88",1
"IKZF3",1
"ILK",1
"ING5",1
"INTS6",1
"IQGAP2",1
"IRF1",1
"IRF5",1
"ITGA7",1
"ITGAV",1
"KCNRG",1
"KIF7",1
"KISS1",1
"KLF10",1
"KLF4",1
"KLF6",1
"KLK6",1
"LATS2",1
"LLGL1",1
"LMNTD1",1
"LRIG1",1
"LRIG3",1
"MAL",1
"MAP2K4",1
"MAPK10",1
"MARVELD1",1
"MAX",1
"MFSD2A",1
"MIR122",1
"MIR181C",1
"MIR193A",1
"MIR199A1",1
"MIR200A",1
"MIR204",1
"MIR211",1
"MIR296",1
"MIR34A",1
"MIR424",1
"MIR490",1
"MIR511",1
"MIR520B",1
"MIR574",1
"MIR9-3",1
"MIRLET7D",1
"MSH2",1
"MUS81",1
"MXI1",1
"MYO1A",1
"MZB1",1
"NCOA4",1
"NFATC2",1
"NKX2-8",1
"NR0B2",1
"NR1I2",1
"NRCAM",1
"PAWR",1
"PBRM1",1
"PCDHGC3",1
"PDGFRL",1
"PEG3",1
"PGR",1
"PHLDA2",1
"PHLDA3",1
"PIAS1",1
"PINX1",1
"PLCE1",1
"PLEKHO1",1
"PPP2CB",1
"PPP2R4",1
"PRDM1",1
"PRDM11",1
"PRKCD",1
"PTCH1",1
"PTCSC3",1
"PTEN",1
"PTPN1",1
"PTPN12",1
"PTPN23",1
"PTPRD",1
"PTPRT",1
"PYCARD",1
"RARB",1
"RASL10B",1
"RB1",1
"RBL2",1
"RBM14",1
"RCHY1",1
"RNASET2",1
"RND3",1
"RNF8",1
"ROR2",1
"RPRM",1
"SAFB",1
"SALL4",1
"SASH1",1
"SCRIB",1
"SCUBE2",1
"SDHB",1
"SFN",1
"SFRP4",1
"SHPRH",1
"SHQ1",1
"SIRT2",1
"SMAD2",1
"SMARCB1",1
"SSBP2",1
"STK11",1
"TANK",1
"TCF3",1
"THSD1",1
"THY1",1
"TIMP3",1
"TMEFF1",1
"TMEM127",1
"TMPRSS11A",1
"TNFAIP8L2",1
"TNFSF12",1
"TPTE2",1
"TRIM35",1
"TSSC4",1
"TWIST2",1
"VDR",1
"VTRNA2-1",1
"XRCC5",1
"YPEL3",1
"ZBTB16",1
"ZBTB4",1
"ZHX2",1
"ZNF668",1
"ZYX",1
