"genes","Freq"
"ZIC1",93
"OPCML",90
"MAD1L1",74
"TP73",71
"CDH4",56
"CSMD1",55
"PAX6",55
"EBF3",53
"AJAP1",47
"CAMTA1",44
"CBFA2T3",44
"GATA4",44
"CTNNA2",43
"WT1",38
"TBX5",37
"EYA4",36
"RUNX3",36
"EDNRB",34
"ESR1",34
"PACRG",34
"TSPAN32",33
"UNC5D",33
"CDH13",29
"SFRP2",29
"GALR1",28
"TFAP2A",28
"CNTNAP2",27
"GRIN2A",27
"MEG3",27
"PDX1",27
"IKZF1",26
"BANP",24
"PRKCB",24
"ZFHX3",24
"RUNX2",22
"BLCAP",21
"DLEU1",21
"HIVEP3",21
"LSAMP",21
"PROX1",21
"SOX1",21
"LRRC3B",20
"ONECUT1",20
"RBMS3",20
"AHRR",19
"PCDH8",19
"POU6F2",19
"CUX1",18
"SFRP1",18
"APC",17
"CDX2",17
"DKK3",17
"DNMT3A",17
"NNAT",17
"SHISA3",17
"ALDH1A2",16
"DCC",16
"HOXB13",16
"IRX1",16
"PARK2",16
"RASSF1",16
"WNT5A",16
"AKR1B1",15
"BRF1",15
"CHFR",15
"FOXP1",15
"HOPX",15
"PCDH10",15
"RASSF2",15
"RPS6KA2",15
"ST5",15
"WNT7A",15
"CADM3",14
"CREBBP",14
"FOXL2",14
"HIC1",14
"IRF4",14
"MRVI1",14
"PAX5",14
"SLIT2",14
"SRGAP3",14
"TRIM31",14
"AHNAK",13
"AKAP12",13
"DSC3",13
"FOXA2",13
"IGFBP7",13
"MCC",13
"RUNX1",13
"SEMA3B",13
"SPINT2",13
"SPTBN1",13
"THBS1",13
"TRIM15",13
"IGFBP3",12
"IRF8",12
"LHX4",12
"NDN",12
"PDLIM4",12
"PPP1CA",12
"PRR5",12
"PTGDR",12
"STAT5A",12
"TMPRSS6",12
"VIM",12
"AFAP1L2",11
"CDO1",11
"CYGB",11
"GATA5",11
"H19",11
"MIR124-2",11
"MIR124-3",11
"MIR129-2",11
"NUAK1",11
"PCDHGC3",11
"PTPN6",11
"RASL10A",11
"RASSF10",11
"RBP1",11
"TNK1",11
"CAV1",10
"CDK6",10
"CDKN1C",10
"CFTR",10
"CHD5",10
"CTNND1",10
"DLK1",10
"DOK3",10
"EPB41L3",10
"ESRRB",10
"KL",10
"KRT19",10
"MIR141",10
"NFATC2",10
"PRKCDBP",10
"RAP1GAP",10
"RASAL1",10
"RASSF5",10
"RB1",10
"SPARC",10
"STARD13",10
"TSLP",10
"TUSC2",10
"ALOX15",9
"ASCL1",9
"AXIN2",9
"BCL6B",9
"BMP2",9
"BMP4",9
"BTG4",9
"C2orf40",9
"CACNA2D3",9
"CDH5",9
"CPNE7",9
"DAB2IP",9
"DFNA5",9
"DPP4",9
"FHL1",9
"GNMT",9
"IGFALS",9
"L3MBTL4",9
"MIR34C",9
"MTUS1",9
"NDRG2",9
"PHOX2A",9
"RNH1",9
"ROBO1",9
"SASH1",9
"SFRP5",9
"TCF3",9
"TSC2",9
"UNC5A",9
"ALPL",8
"AXIN1",8
"BRINP1",8
"CDH1",8
"CXXC5",8
"DLC1",8
"EPHB3",8
"ESR2",8
"EXT1",8
"FAT4",8
"GPC5",8
"IL17RD",8
"LZTS1",8
"MIR1-1",8
"MIR25",8
"MIR410",8
"MYH9",8
"NOTCH1",8
"PKD1",8
"PLXNC1",8
"PRDM2",8
"PRKCE",8
"PYHIN1",8
"SOX11",8
"ZBTB16",8
"ADAMTS18",7
"AMH",7
"BCL2L11",7
"CCDC67",7
"CDH11",7
"CYB561D2",7
"DDR2",7
"DENND2D",7
"DUSP5",7
"EMP2",7
"ETV6",7
"FBXL13",7
"FOXA1",7
"GREM1",7
"HEPACAM",7
"LHX6",7
"LRRC4",7
"MAL",7
"MIR193B",7
"MIR199A1",7
"MME",7
"NDRG4",7
"NGFR",7
"PLAGL1",7
"PPM1L",7
"RASSF4",7
"RBM38",7
"RNF144A",7
"STAT3",7
"TCF4",7
"TGFBI",7
"THRA",7
"TMEFF2",7
"TNFRSF12A",7
"ADAMTS9",6
"ADARB1",6
"BLID",6
"BLNK",6
"BMF",6
"CLU",6
"CTNNA3",6
"CXCL12",6
"DAB2",6
"DKK1",6
"DLEC1",6
"DLEU2",6
"DMBT1",6
"DMD",6
"EPHA2",6
"EPHB2",6
"ERBB4",6
"GJB2",6
"GPX3",6
"ID4",6
"IGF1",6
"ITGB1",6
"JUP",6
"LINC-PINT",6
"MADD",6
"MAP4K1",6
"MCPH1",6
"MIR125B1",6
"MIR196B",6
"MIR200C",6
"MIR34B",6
"MIR503",6
"MIR9-3",6
"NEDD4L",6
"NEURL1",6
"NOTCH3",6
"PCDH17",6
"RNF111",6
"RTN4",6
"SFN",6
"SOX7",6
"SPI1",6
"ST7",6
"TAGLN",6
"TRIM62",6
"UCHL1",6
"WFDC1",6
"ZBTB7C",6
"ACHE",5
"ADAMTS9-AS2",5
"CD4",5
"CDCP1",5
"CIC",5
"CREB3L1",5
"DNAJC11",5
"DUSP22",5
"DUSP9",5
"EFNA5",5
"EGLN3",5
"EGR2",5
"EHF",5
"EPAS1",5
"EPHB6",5
"FABP3",5
"FBXO31",5
"FOXD3",5
"FRK",5
"GSN",5
"HTRA3",5
"ITGA5",5
"ITGA7",5
"ITGB3",5
"JDP2",5
"LIMA1",5
"LRIG1",5
"MIR200A",5
"MIR219A1",5
"MIR329-1",5
"MIR409",5
"NDRG1",5
"NF1",5
"NPAS2",5
"NTRK3",5
"PANX2",5
"PAX4",5
"PCDH9",5
"PEG3",5
"PPP2R2C",5
"PRDM11",5
"PTPRC",5
"PTPRJ",5
"RHOBTB2",5
"SCGB3A1",5
"SELENBP1",5
"SERPINB5",5
"SFRP4",5
"SH2B3",5
"SOX15",5
"SPRY2",5
"SYNPO2",5
"TGFBR3",5
"THY1",5
"TSSC4",5
"TWIST2",5
"UBE4B",5
"VDR",5
"WWOX",5
"AIM2",4
"ARF1",4
"ARID1A",4
"BARD1",4
"BCR",4
"BMPR1A",4
"BRMS1",4
"BTK",4
"CASC2",4
"CBX5",4
"CDK2",4
"CDK2AP1",4
"CMTM5",4
"CSRNP1",4
"CTNNBIP1",4
"DIABLO",4
"DNMT3B",4
"DPH1",4
"DUSP1",4
"FAM172A",4
"FAT1",4
"FHIT",4
"FLT3",4
"FOXC1",4
"G0S2",4
"GPC3",4
"IRF1",4
"LEFTY1",4
"LITAF",4
"MAPK10",4
"MIR124-1",4
"MIR137",4
"MIR195",4
"MIR26B",4
"MYO18B",4
"NKX2-8",4
"NUPR1",4
"PLA2G7",4
"PLCE1",4
"PLEKHO1",4
"PPARG",4
"PPP2R5C",4
"PTCH1",4
"PTCH2",4
"RAB25",4
"RASL10B",4
"RECK",4
"RPRM",4
"SALL2",4
"SALL4",4
"SIRT2",4
"SLC9A3R1",4
"SMYD4",4
"STK10",4
"SYNM",4
"TCF7L2",4
"TCHP",4
"TDGF1",4
"TGFBR2",4
"THRB",4
"TOM1L2",4
"WIF1",4
"ZBTB4",4
"ZFAS1",4
"ZHX2",4
"ZMYND10",4
"ZNF292",4
"ZNF366",4
"ZNF668",4
"ABCG2",3
"ADAMTS8",3
"ADPRH",3
"AGTR1",3
"AIF1",3
"ARHGAP29",3
"ARNTL",3
"AZGP1",3
"BASP1",3
"BHLHE41",3
"BNIP3L",3
"BRD7",3
"BTG2",3
"BTG3",3
"CABLES1",3
"CADM1",3
"CCDC154",3
"CDH17",3
"CDKN1A",3
"CMTM3",3
"CST6",3
"CUL1",3
"DAPK1",3
"DAPK2",3
"DAPK3",3
"DCDC2",3
"DCUN1D3",3
"DICER1",3
"DIRAS3",3
"DNMT1",3
"E2F1",3
"EPB41",3
"EPHA1",3
"EXT2",3
"FLCN",3
"FRS3",3
"GLTSCR1",3
"GPRC5A",3
"HDAC1",3
"HECA",3
"HTRA1",3
"IFI16",3
"IGF2R",3
"IGFBP4",3
"IGFBP5",3
"IL17A",3
"IL24",3
"ING5",3
"IQGAP2",3
"IRF5",3
"ISG15",3
"KIF1B",3
"LEFTY2",3
"LIFR",3
"LMNTD1",3
"LRMP",3
"MIR130A",3
"MIR143",3
"MIR145",3
"MIR181C",3
"MIR192",3
"MIR194-2",3
"MIR206",3
"MIR218-1",3
"MIR497",3
"MIR574",3
"MIR7-2",3
"MIR888",3
"MIR9-1",3
"MIRLET7A2",3
"MSH2",3
"MTSS1",3
"MUS81",3
"MXI1",3
"MYBBP1A",3
"NR0B2",3
"NR1I2",3
"NR2C2",3
"NR4A3",3
"PER2",3
"PHLDA3",3
"PLCD1",3
"PPP1R1B",3
"PPP2CB",3
"PRDM1",3
"PRDM5",3
"PRICKLE1",3
"PTPN2",3
"PTPRT",3
"RARB",3
"RASAL2",3
"RASSF8",3
"RBM4",3
"RHOB",3
"SCRIB",3
"SEMA3F",3
"SEPT4",3
"SGMS1",3
"SOCS3",3
"SPARCL1",3
"SRPX",3
"STK11",3
"SUFU",3
"TCEAL7",3
"TIMP3",3
"TNFAIP3",3
"TNFSF9",3
"TP53INP1",3
"TRIM13",3
"TUSC7",3
"UBE2QL1",3
"UNC5B",3
"VEGFA",3
"VTRNA2-1",3
"WNK2",3
"WNT11",3
"XAF1",3
"ZMYND11",3
"ACVR1C",2
"AHCYL1",2
"AIP",2
"ANP32A",2
"ATF3",2
"BCL10",2
"BEX2",2
"BIK",2
"BMP10",2
"BRCA2",2
"BRSK1",2
"CADM2",2
"CAMK2N1",2
"CASP8",2
"CBL",2
"CCAR2",2
"CCDC136",2
"CD44",2
"CD82",2
"CDKN2B",2
"CEBPA",2
"CIZ1",2
"CNDP2",2
"CTDSPL",2
"CXCL10",2
"CXCL14",2
"CXCR2",2
"CYB5R2",2
"DACH1",2
"DIDO1",2
"DIRAS1",2
"EGR1",2
"EMP1",2
"EPHA3",2
"EPHB4",2
"ESRP1",2
"EXTL1",2
"EXTL3",2
"FAS",2
"FBP1",2
"FBXW7",2
"FER1L4",2
"FOXO3",2
"FOXO6",2
"GAS1",2
"GLI1",2
"GNAT1",2
"GSTP1",2
"HDAC3",2
"HIPK2",2
"HRASLS2",2
"HRG",2
"HSPB7",2
"IFT88",2
"INPP4B",2
"KANK1",2
"KCNRG",2
"KIF7",2
"KISS1",2
"KMT2C",2
"LATS1",2
"LATS2",2
"LLGL1",2
"LOX",2
"LRIG3",2
"LRP1B",2
"MAP2K4",2
"MAX",2
"MIA",2
"MIR100",2
"MIR122",2
"MIR125A",2
"MIR134",2
"MIR150",2
"MIR187",2
"MIR200B",2
"MIR26A2",2
"MIR34A",2
"MIR487B",2
"MIR493",2
"MIR520B",2
"MNT",2
"MOB1B",2
"MST1R",2
"MT2A",2
"NCOA4",2
"NFKB1",2
"OSCP1",2
"OSGIN1",2
"PARP1",2
"PDGFRL",2
"PHLDA2",2
"PIAS1",2
"PINX1",2
"PIWIL2",2
"PLCB3",2
"PLD1",2
"PML",2
"POU2F3",2
"PTEN",2
"PTPRD",2
"RAP1A",2
"RASSF3",2
"RBL2",2
"RND3",2
"ROR2",2
"RPA1",2
"SAFB",2
"SCUBE2",2
"SHQ1",2
"SPRY4",2
"SSBP2",2
"SYT13",2
"TAT",2
"TFPI2",2
"TGFB1",2
"THSD1",2
"TMEM127",2
"TNFAIP8L2",2
"TNFRSF18",2
"TNFSF12",2
"TRIM3",2
"TRIT1",2
"UHRF2",2
"UNC5C",2
"VIL1",2
"VSNL1",2
"ACY1",1
"AMER1",1
"ANGPTL4",1
"APITD1",1
"ARHGEF12",1
"ARID2",1
"ARL6IP5",1
"ARMC10",1
"ASXL1",1
"BBC3",1
"BIN1",1
"CAPG",1
"CASP2",1
"CASP5",1
"CDKN2A",1
"CHD1",1
"CHEK1",1
"CHST10",1
"CLDN1",1
"CLDN23",1
"CNN1",1
"CNOT3",1
"COPS2",1
"CREM",1
"CSNK1A1",1
"CST5",1
"CTCFL",1
"CTGF",1
"CYB5A",1
"DACT1",1
"DCN",1
"DDX58",1
"DEFB1",1
"DLG1",1
"DND1",1
"DOK1",1
"DUSP26",1
"E2F3",1
"EAF1",1
"ECT2",1
"EGLN1",1
"EHD3",1
"ERF",1
"ETS2",1
"EZH1",1
"FANCG",1
"FBLN1",1
"FLNA",1
"FOXP3",1
"GANAB",1
"GLIPR1",1
"GLTSCR2",1
"GORAB",1
"GUCY2C",1
"HBP1",1
"HIF1A",1
"HLTF",1
"HNF4A",1
"HOMER2",1
"HPGD",1
"HSP90B1",1
"HSPD1",1
"HTATIP2",1
"IDH1",1
"INTS6",1
"ITGAV",1
"KLF10",1
"KLF4",1
"KLK6",1
"LIMD1",1
"MAP3K8",1
"MARCKS",1
"MARVELD1",1
"MDC1",1
"MFSD2A",1
"MIA2",1
"MIR10A",1
"MIR1226",1
"MIR1247",1
"MIR127",1
"MIR129-1",1
"MIR135A1",1
"MIR138-2",1
"MIR146A",1
"MIR147A",1
"MIR148B",1
"MIR155",1
"MIR182",1
"MIR193A",1
"MIR204",1
"MIR210",1
"MIR211",1
"MIR26A1",1
"MIR27A",1
"MIR296",1
"MIR383",1
"MIR424",1
"MIR483",1
"MIR495",1
"MIR505",1
"MIR508",1
"MIR509-3",1
"MIR517A",1
"MIR519D",1
"MIR615",1
"MIR874",1
"MIR9-2",1
"MIR941-1",1
"MIRLET7E",1
"MLH3",1
"MST1",1
"MT1G",1
"MT1M",1
"MZB1",1
"NAPEPLD",1
"NDST4",1
"NEDD4",1
"NF2",1
"NINJ1",1
"NIT2",1
"NOTCH2",1
"NOV",1
"NPRL2",1
"NR4A1",1
"NRCAM",1
"NRF1",1
"NUP98",1
"PAFAH1B1",1
"PAWR",1
"PBRM1",1
"PCGF2",1
"PDCD4",1
"PDS5B",1
"PEA15",1
"PGR",1
"PHACTR4",1
"PHC3",1
"PHF6",1
"PHLPP2",1
"PIN1",1
"PLA2G16",1
"PLA2R1",1
"PPARA",1
"PPP2CA",1
"PPP2R1B",1
"PPP3CC",1
"PRDM4",1
"PRKAR1A",1
"PRKCD",1
"PRODH",1
"PTCSC3",1
"PTPN1",1
"PTPN12",1
"PTPN13",1
"PTPN23",1
"PYCARD",1
"RAB7A",1
"RAD51C",1
"RARRES3",1
"RBBP8",1
"RBL1",1
"RBM14",1
"RFWD2",1
"RNASET2",1
"RNF8",1
"RPL5",1
"S100A2",1
"SAA1",1
"SAFB2",1
"SDHA",1
"SDHB",1
"SDHD",1
"SEC14L2",1
"SIAH1",1
"SIRT4",1
"SLC39A1",1
"SLC39A4",1
"SLX4",1
"SMAD2",1
"SMARCA2",1
"SMARCA4",1
"SMARCB1",1
"SMCHD1",1
"ST20",1
"STRADA",1
"STUB1",1
"TANK",1
"TBL2",1
"TBRG1",1
"TDRG1",1
"TMEFF1",1
"TMPRSS11A",1
"TNFRSF10B",1
"TP53BP2",1
"TP63",1
"TRIM24",1
"TSC1",1
"TTC4",1
"TTF1",1
"UVRAG",1
"VPS53",1
"WDR48",1
"WISP3",1
"XRCC5",1
"YAP1",1
"YPEL3",1
"ZBTB48",1
