"genes","Freq"
"MAD1L1",26
"OPCML",26
"ZIC1",24
"CUX1",22
"EBF3",20
"PAX6",19
"RUNX3",19
"CAMTA1",18
"FOXP1",18
"MCC",18
"TP73",18
"CBFA2T3",16
"BANP",15
"ETV6",13
"CTNNA2",12
"DLEU1",12
"LSAMP",12
"SFRP1",12
"CDH4",11
"AHRR",10
"BLCAP",10
"CACNA2D3",10
"DLC1",10
"GATA4",10
"MCPH1",10
"SFN",10
"WWOX",10
"CNTNAP2",9
"FHIT",9
"IER3",9
"RAP1GAP",9
"RASSF1",9
"TSC2",9
"WNT5A",9
"ZBTB18",9
"ZFHX3",9
"AJAP1",8
"CDK6",8
"DAB2IP",8
"HIVEP3",8
"IGF1",8
"IGF2R",8
"IQGAP2",8
"LITAF",8
"MIR141",8
"PRKCE",8
"RASSF5",8
"RPS6KA2",8
"TRIM31",8
"UNC5A",8
"CABLES1",7
"CDX2",7
"CSMD1",7
"CYB561D2",7
"DAPK1",7
"EPHB3",7
"FAT1",7
"JDP2",7
"LZTS1",7
"MAPK10",7
"RUNX1",7
"SPARC",7
"ZMYND11",7
"AFAP1L2",6
"BASP1",6
"CDH13",6
"EXT1",6
"GRIN2A",6
"HEPACAM",6
"HTRA3",6
"INPP4B",6
"LXN",6
"MIR205",6
"PARK2",6
"PAX5",6
"PCDHGC3",6
"PLXNC1",6
"PPP2R2C",6
"PROX1",6
"RTN4",6
"SPTBN1",6
"TDGF1",6
"TRIT1",6
"ZBTB7C",6
"AHNAK",5
"AKAP12",5
"ALDH1A2",5
"ALPL",5
"BCL6B",5
"BIN1",5
"CADM1",5
"CDC73",5
"CFTR",5
"CHFR",5
"DENND2D",5
"DLEU2",5
"DMD",5
"DOK1",5
"DUSP5",5
"EFNA5",5
"EHF",5
"EPHB6",5
"ERRFI1",5
"ESR1",5
"FBXL13",5
"GAS5",5
"IKZF1",5
"LINC-PINT",5
"LRIG1",5
"MIR874",5
"MRVI1",5
"MTUS1",5
"NEDD4L",5
"NF1",5
"PACRG",5
"PRR5",5
"RARB",5
"RHOBTB2",5
"RNF111",5
"RUNX2",5
"SCUBE2",5
"SERPINB5",5
"SGMS1",5
"SLC9A3R1",5
"SPI1",5
"SPINT2",5
"SRGAP3",5
"ST5",5
"STARD13",5
"TFAP2A",5
"TNFRSF12A",5
"TRIM15",5
"VIM",5
"ZHX2",5
"ADAMTS9-AS2",4
"BMF",4
"CD44",4
"CDCP1",4
"CDKN1C",4
"CREM",4
"CTNND1",4
"DAB2",4
"DCC",4
"DDR2",4
"DICER1",4
"DKK3",4
"DNAJB1",4
"DSP",4
"ESR2",4
"ESRRB",4
"EYA4",4
"FOXL2",4
"FRK",4
"GPRC5A",4
"HBP1",4
"HIRA",4
"IL17RD",4
"INTS6",4
"IRF4",4
"ITGB3",4
"JUP",4
"MDC1",4
"MEG3",4
"MIR145",4
"MIR17",4
"MIR181C",4
"MIR20A",4
"MYH9",4
"NNAT",4
"NPRL2",4
"NR1I2",4
"NRCAM",4
"ONECUT1",4
"PDGFRL",4
"PEG3",4
"PER2",4
"PLA2G7",4
"POU6F2",4
"PPM1L",4
"PPP2CA",4
"PRDM1",4
"PTPN13",4
"PTPRD",4
"PYHIN1",4
"RBL2",4
"RNF144A",4
"SALL4",4
"SCRIB",4
"TAGLN",4
"TGFBR2",4
"THBS1",4
"THY1",4
"TUSC2",4
"ZFP36L2",4
"ACHE",3
"ADAMTS8",3
"ADAMTS9",3
"ANP32A",3
"BCORL1",3
"BLM",3
"BMPR1A",3
"BRCA1",3
"BRD7",3
"BRMS1",3
"C2orf40",3
"CADM3",3
"CAPG",3
"CASP8",3
"CAV1",3
"CDKN1A",3
"CHD5",3
"CHEK2",3
"CHST10",3
"CPNE7",3
"CSNK1A1",3
"CST6",3
"CTDSPL",3
"CTNNA3",3
"CYGB",3
"DLK1",3
"DNMT3A",3
"DPP4",3
"EAF1",3
"EPHA1",3
"EPHA3",3
"ESRP1",3
"FABP3",3
"FAM172A",3
"FBXO25",3
"FBXW7",3
"FOXO3",3
"GABARAP",3
"GATA5",3
"HDAC1",3
"HOMER2",3
"HTRA1",3
"IGFBP5",3
"ITGA5",3
"KLF5",3
"KLK6",3
"KRT19",3
"LHX6",3
"LIMA1",3
"LRRC4",3
"LTF",3
"MIR200C",3
"MLH1",3
"MNT",3
"MOB1B",3
"MXI1",3
"MZB1",3
"NDRG2",3
"NDST4",3
"NFATC2",3
"NUP98",3
"PARK7",3
"PAWR",3
"PDX1",3
"PEA15",3
"PHOX2A",3
"PLCB3",3
"PLCE1",3
"PLK2",3
"PPM1A",3
"PPP1CA",3
"PRKCB",3
"PTCH1",3
"PTPN6",3
"PYCARD",3
"RAB25",3
"RAB7A",3
"RASAL1",3
"RASSF2",3
"RASSF8",3
"RBP1",3
"RND3",3
"RNF8",3
"ROR2",3
"SAA1",3
"SDHD",3
"SEMA3B",3
"SIRT6",3
"SMYD4",3
"SPRY4",3
"ST7",3
"STK10",3
"SYNPO2",3
"TBX5",3
"TNFRSF10B",3
"TNK1",3
"TOM1L2",3
"TP63",3
"TSC22D1",3
"TSLP",3
"TSPAN32",3
"TSSC4",3
"VEZT",3
"VPS53",3
"VSNL1",3
"WFDC1",3
"ZMYND10",3
"ADAMTS18",2
"AIM2",2
"AIMP1",2
"AIP",2
"AKR1B1",2
"ALOX15",2
"APC",2
"ARHGAP29",2
"ARHGEF12",2
"ARMC5",2
"ATF3",2
"ATM",2
"BAP1",2
"BCL2L11",2
"BECN1",2
"BHLHE41",2
"BIK",2
"BLID",2
"BLNK",2
"BMP2",2
"BNIP3L",2
"BRINP1",2
"CADM2",2
"CAMK2N1",2
"CASC1",2
"CCDC136",2
"CCDC67",2
"CCNC",2
"CCNDBP1",2
"CD4",2
"CDH11",2
"CDH5",2
"CIC",2
"CLDN1",2
"CLU",2
"CMTM5",2
"CREBBP",2
"CSRNP1",2
"CTNNBIP1",2
"CUL1",2
"CXXC5",2
"CYB5A",2
"DAPK2",2
"DCN",2
"DCUN1D3",2
"DEFB1",2
"DNMT3B",2
"DOK3",2
"DPH1",2
"DUSP1",2
"DUSP26",2
"DUSP6",2
"E2F3",2
"EGLN3",2
"EGR1",2
"EGR2",2
"EHD3",2
"EPB41L3",2
"EPHB2",2
"EPHB4",2
"ERBB4",2
"ETS2",2
"FBXO31",2
"GLIPR1",2
"GNAT1",2
"GREM1",2
"HDAC3",2
"HECA",2
"HNF4A",2
"HOXB13",2
"HPGD",2
"HTRA2",2
"IGFBP3",2
"IGFBP7",2
"IL24",2
"ING4",2
"IRX1",2
"KANK1",2
"KLF6",2
"LAT2",2
"LEFTY2",2
"LIFR",2
"LIMD1",2
"LRIG3",2
"MAL",2
"MAP2K4",2
"MAP3K4",2
"MAP3K8",2
"MARCKS",2
"MIR124-1",2
"MIR124-2",2
"MIR193B",2
"MIR195",2
"MIR199A1",2
"MIR211",2
"MIR296",2
"MIR30A",2
"MIR494",2
"MIR497",2
"MIRLET7A2",2
"MIRLET7C",2
"MME",2
"MST1R",2
"MTSS1",2
"NDRG1",2
"NOTCH3",2
"NPAS2",2
"NR4A1",2
"NRF1",2
"NTRK3",2
"NUAK1",2
"NUPR1",2
"PAFAH1B1",2
"PAIP2",2
"PCDH17",2
"PCDH9",2
"PDCD5",2
"PDLIM4",2
"PDS5B",2
"PGR",2
"PHC3",2
"PHLDA2",2
"PIWIL2",2
"PKD1",2
"PLAGL1",2
"PLCD1",2
"PLD1",2
"POU2F3",2
"PPARG",2
"PPP2R5C",2
"PRKCDBP",2
"PTEN",2
"PTPN12",2
"PTPN2",2
"RASAL2",2
"RASL10A",2
"RASSF3",2
"RB1",2
"RBM14",2
"RBM6",2
"RBMS3",2
"RFWD2",2
"RNASET2",2
"RNH1",2
"ROBO1",2
"RPRM",2
"RTN4IP1",2
"S100A2",2
"SALL2",2
"SASH1",2
"SEMA3F",2
"SFRP2",2
"SFRP5",2
"SH2B3",2
"SIRT2",2
"SKIL",2
"SLIT2",2
"SMARCA4",2
"SOD2",2
"SOX1",2
"SPOP",2
"SPRY2",2
"ST13",2
"STAT1",2
"STAT3",2
"SUFU",2
"SYNM",2
"TCF4",2
"TCF7L2",2
"TGFBI",2
"TGFBR3",2
"THRA",2
"THRB",2
"THSD1",2
"TMEM127",2
"TNFAIP3",2
"TNFRSF18",2
"TP53",2
"TP53BP2",2
"TP53INP1",2
"TREX2",2
"TRIM13",2
"TRIM62",2
"UBE4B",2
"UNC5B",2
"UVRAG",2
"WHSC1L1",2
"WNT7A",2
"YAP1",2
"ZBTB16",2
"ZNF292",2
"ABCG2",1
"ABI2",1
"ACVR1C",1
"ADARB1",1
"AGTR1",1
"AHR",1
"AIF1",1
"AIMP2",1
"ALOX15B",1
"AMER1",1
"AMH",1
"ANAPC1",1
"ANXA1",1
"ANXA7",1
"APAF1",1
"APITD1",1
"ARF1",1
"ARG1",1
"ARID1A",1
"ARID2",1
"ARL6IP5",1
"ASCL1",1
"ASS1",1
"ATMIN",1
"ATR",1
"AXIN2",1
"BARD1",1
"BCL10",1
"BRF1",1
"BTG2",1
"BTG3",1
"CASC2",1
"CBL",1
"CBX5",1
"CCAR1",1
"CD82",1
"CDH1",1
"CDH17",1
"CDK2",1
"CDK2AP1",1
"CDKN2B",1
"CDKN2C",1
"CDO1",1
"CEACAM1",1
"CHD1",1
"CHEK1",1
"CITED2",1
"CNN1",1
"CREB3L1",1
"CTCF",1
"CTGF",1
"CUL5",1
"CXCL14",1
"CYLD",1
"DACH1",1
"DACT1",1
"DCDC2",1
"DFNA5",1
"DIABLO",1
"DIDO1",1
"DIRAS3",1
"DLEC1",1
"DLG1",1
"DMTF1",1
"DNAJC11",1
"DNMT1",1
"DSC3",1
"DUSP9",1
"EDNRB",1
"EEF1A1",1
"EEF1E1",1
"EGLN1",1
"EMP1",1
"EPAS1",1
"EPB41",1
"EPHA2",1
"ERF",1
"EXT2",1
"EXTL1",1
"EZH2",1
"FAS",1
"FBXO32",1
"FER1L4",1
"FOXA2",1
"FOXD3",1
"FOXO6",1
"FOXP3",1
"FZR1",1
"GANAB",1
"GJA1",1
"GJB2",1
"GKN1",1
"GLS2",1
"GLTSCR1",1
"GNB2L1",1
"GNMT",1
"GORAB",1
"GPC3",1
"GPC5",1
"GPX3",1
"GSK3B",1
"GSN",1
"GSTP1",1
"H19",1
"H2AFX",1
"HIF1A",1
"HINT1",1
"HIPK2",1
"HIVEP1",1
"HRG",1
"HSPD1",1
"IFI16",1
"IGFALS",1
"IKZF2",1
"ILK",1
"ING3",1
"ITGA7",1
"ITGAV",1
"ITGB1",1
"KDM3A",1
"KDM3B",1
"KDM5A",1
"KDM8",1
"KIF1B",1
"KISS1",1
"KLF4",1
"KMT2C",1
"KRIT1",1
"L3MBTL4",1
"LHX4",1
"LIN9",1
"LLGL1",1
"LMNTD1",1
"LRRC3B",1
"MADD",1
"MAP4K1",1
"MAX",1
"MEN1",1
"MIA",1
"MIA2",1
"MIR100",1
"MIR107",1
"MIR1-1",1
"MIR122",1
"MIR1226",1
"MIR124-3",1
"MIR129-2",1
"MIR133A1",1
"MIR146A",1
"MIR149",1
"MIR150",1
"MIR155",1
"MIR187",1
"MIR192",1
"MIR194-2",1
"MIR200A",1
"MIR200B",1
"MIR203A",1
"MIR206",1
"MIR217",1
"MIR26A1",1
"MIR26B",1
"MIR302B",1
"MIR34A",1
"MIR409",1
"MIR449A",1
"MIR451A",1
"MIR493",1
"MIR495",1
"MIR615",1
"MIR7-2",1
"MIR9-1",1
"MIR941-1",1
"MIR99A",1
"MOB1A",1
"MSH2",1
"MST1",1
"MT1DP",1
"MT1F",1
"MT2A",1
"MYBBP1A",1
"NAPEPLD",1
"NCOA4",1
"NCOA5",1
"NDN",1
"NEDD4",1
"NF2",1
"NFKB1",1
"NGFR",1
"NKX2-8",1
"NOL7",1
"NOTCH1",1
"NPM1",1
"NR0B2",1
"NR2C2",1
"NRBP1",1
"NRSN2",1
"NUMB",1
"OSCP1",1
"PAEP",1
"PALB2",1
"PANX2",1
"PBRM1",1
"PCDH8",1
"PCGF2",1
"PDCD4",1
"PDSS2",1
"PFN1",1
"PHB",1
"PHLDA3",1
"PHLPP2",1
"PIN1",1
"PKNOX1",1
"PLEKHO1",1
"PLK5",1
"PML",1
"PPP2CB",1
"PPP2R1B",1
"PPP3CC",1
"PRDM5",1
"PRICKLE1",1
"PRKCD",1
"PTPN1",1
"PTPRJ",1
"PTPRK",1
"RAD23B",1
"RAP1A",1
"RASL10B",1
"RASL11A",1
"RASSF10",1
"RBBP7",1
"RBM5",1
"RHOA",1
"RHOB",1
"RNASEL",1
"RNF180",1
"RPA1",1
"SAFB",1
"SAFB2",1
"SAMD9L",1
"SCYL1",1
"SDHA",1
"SEC14L2",1
"SELENBP1",1
"SETD2",1
"SH3GLB1",1
"SHISA3",1
"SHQ1",1
"SIRT1",1
"SLC39A4",1
"SMAD2",1
"SMARCC1",1
"SMCHD1",1
"SNORD50A",1
"SOCS1",1
"SOCS3",1
"SOX11",1
"SOX15",1
"SSBP2",1
"STAT5A",1
"STK11",1
"STUB1",1
"SUZ12",1
"TANK",1
"TAT",1
"TCEB3",1
"TCHP",1
"TES",1
"TGFB1",1
"TGM3",1
"TMEFF2",1
"TNFAIP8L2",1
"TNFSF12",1
"TPTE2",1
"TRIM24",1
"TRIM3",1
"TSC1",1
"TUSC7",1
"UBE2QL1",1
"UCHL1",1
"UIMC1",1
"UNC5C",1
"UNC5D",1
"USP12",1
"USP33",1
"VDR",1
"VHL",1
"WDR11",1
"WIF1",1
"WNT11",1
"WT1",1
"XIST",1
"XRCC5",1
"YPEL3",1
"ZBTB4",1
"ZBTB48",1
"ZNF382",1
"ZNF668",1
"ZYX",1
