"genes","Freq"
"ZIC1",50
"MAD1L1",26
"TFAP2A",21
"TSPAN32",18
"CAMTA1",15
"UNC5D",15
"DLEU1",14
"CSMD1",13
"TP73",13
"CDH4",12
"OPCML",12
"LSAMP",11
"RASSF1",11
"BLCAP",10
"CBFA2T3",10
"CDH13",10
"ESR1",10
"HIVEP3",10
"PAX6",10
"PRKCB",10
"PTPN6",10
"BANP",9
"GATA4",9
"MEG3",9
"MIR141",9
"SEMA3B",9
"WNT5A",9
"BCL2L11",8
"CFTR",8
"HOPX",8
"NNAT",8
"PCDH8",8
"PPP1CA",8
"RUNX3",8
"SOX1",8
"SPARC",8
"STAT5A",8
"TNK1",8
"WT1",8
"CADM3",7
"DENND2D",7
"DNMT3A",7
"EMP2",7
"EPHB3",7
"NUAK1",7
"POU6F2",7
"PRR5",7
"RAP1GAP",7
"RUNX1",7
"AHNAK",6
"CDO1",6
"DKK3",6
"GNMT",6
"KRT19",6
"MRVI1",6
"PCDH17",6
"RPS6KA2",6
"ST5",6
"AKAP12",5
"CDK6",5
"CTNNA2",5
"CUX1",5
"EBF3",5
"FOXP1",5
"GRIN2A",5
"HOXB13",5
"IKZF1",5
"LIMA1",5
"LRRC4",5
"MCC",5
"MIR200C",5
"NOTCH1",5
"NOTCH3",5
"PTGDR",5
"RBMS3",5
"SELENBP1",5
"SFRP2",5
"SPI1",5
"ST7",5
"STARD13",5
"TAGLN",5
"TMPRSS6",5
"UNC5A",5
"ZFHX3",5
"AHRR",4
"AJAP1",4
"ALDH1A2",4
"BLID",4
"BMF",4
"CDH1",4
"CDH5",4
"CHFR",4
"CLU",4
"DIABLO",4
"EHF",4
"EPHB6",4
"FOXL2",4
"HIC1",4
"IGFALS",4
"IRF4",4
"ITGA5",4
"MCPH1",4
"MTUS1",4
"NDRG2",4
"PCDH10",4
"PPM1L",4
"RASL10A",4
"RUNX2",4
"SFN",4
"SLC9A3R1",4
"SPTBN1",4
"THBS1",4
"THRB",4
"TP53INP1",4
"TSLP",4
"WWOX",4
"AIM2",3
"ALOX15",3
"ALPL",3
"CACNA2D3",3
"CDK2AP1",3
"CPNE7",3
"CYGB",3
"DDR2",3
"DLC1",3
"DLK1",3
"DOK2",3
"DOK3",3
"EFNA5",3
"ERBB4",3
"ETV6",3
"FHL1",3
"FOXA1",3
"FOXD3",3
"GALR1",3
"GPC5",3
"GPRC5A",3
"IRF5",3
"JUP",3
"KL",3
"LEFTY1",3
"LHX4",3
"LINC-PINT",3
"LRIG1",3
"NF1",3
"PANX2",3
"PDX1",3
"PER2",3
"PLEKHO1",3
"PRDM2",3
"PRKCE",3
"PROX1",3
"RB1",3
"RBM38",3
"RNF144A",3
"SOX7",3
"SRGAP3",3
"STK10",3
"TGFBI",3
"TNFAIP3",3
"TUSC7",3
"UBE4B",3
"ZBTB16",3
"ZNF668",3
"ADAMTS9-AS2",2
"ARID1A",2
"ATF3",2
"AXIN1",2
"AXIN2",2
"AZGP1",2
"BASP1",2
"BCL10",2
"BMP4",2
"BMPR1A",2
"BNIP3L",2
"BRCA2",2
"BRF1",2
"BRINP1",2
"BRMS1",2
"C2orf40",2
"CABLES1",2
"CASP8",2
"CD4",2
"CDH11",2
"CDKN2B",2
"CDX2",2
"CEBPA",2
"CTNNBIP1",2
"CUL1",2
"DAB2",2
"DAB2IP",2
"DLEU2",2
"EDNRB",2
"EGLN3",2
"EPHA2",2
"EPHB2",2
"ESR2",2
"ESRP1",2
"ESRRB",2
"EXT1",2
"FOXO3",2
"GSN",2
"GSTP1",2
"HIPK2",2
"IRX1",2
"JDP2",2
"LHX6",2
"MADD",2
"MAL",2
"MAPK10",2
"MIR100",2
"MIR1-1",2
"MIR137",2
"MIR143",2
"MIR195",2
"MIR25",2
"MIR9-1",2
"MIR9-3",2
"NDRG4",2
"NEURL1",2
"NFATC2",2
"NGFR",2
"NR2C2",2
"OSGIN1",2
"PARP1",2
"PCDHGC3",2
"PDGFRL",2
"PDLIM4",2
"PKD1",2
"PLAGL1",2
"PLCE1",2
"PLXNC1",2
"PRDM11",2
"PRKCDBP",2
"PTPRJ",2
"PYHIN1",2
"RAB25",2
"RASAL1",2
"RASSF2",2
"RASSF4",2
"RHOB",2
"RHOBTB2",2
"RNF111",2
"ROBO1",2
"RTN4",2
"SFRP1",2
"SGMS1",2
"SH2B3",2
"SMYD4",2
"SPINT2",2
"SPRY2",2
"SPRY4",2
"STK11",2
"SUFU",2
"TBX5",2
"TCF3",2
"TGFBR2",2
"TNFAIP8L2",2
"TOM1L2",2
"TRIM31",2
"TRIM62",2
"UCHL1",2
"VDR",2
"VTRNA2-1",2
"ZBTB7C",2
"ZMYND10",2
"ZMYND11",2
"ZNF292",2
"ACHE",1
"ADAMTS18",1
"ADAMTS9",1
"ADARB1",1
"AFAP1L2",1
"AGTR1",1
"AHCYL1",1
"AIF1",1
"AIP",1
"AMH",1
"ANP32A",1
"ARF1",1
"ARID2",1
"ARL6IP5",1
"ASS1",1
"ATR",1
"BCR",1
"BIK",1
"BIN1",1
"BLNK",1
"BMP10",1
"BMPR2",1
"BRD7",1
"BRSK1",1
"BTG4",1
"CASC2",1
"CD44",1
"CD82",1
"CDH17",1
"CDKN1A",1
"CDKN1C",1
"CDKN2A",1
"CEACAM1",1
"CHD1",1
"CHD5",1
"CLDN1",1
"CMTM5",1
"CNTNAP2",1
"CREB3L1",1
"CREBBP",1
"CSRNP1",1
"CTDSPL",1
"CTNND1",1
"CXCL12",1
"CYB561D2",1
"DACH1",1
"DAPK1",1
"DAPK2",1
"DCC",1
"DICER1",1
"DIRAS1",1
"DKK1",1
"DMBT1",1
"DPP4",1
"DSC3",1
"DUSP9",1
"E2F1",1
"EEF1A1",1
"EMP1",1
"EPAS1",1
"EPHA1",1
"ERF",1
"ETS2",1
"EXT2",1
"EXTL3",1
"FAM172A",1
"FAS",1
"FAT4",1
"FBXL13",1
"FER1L4",1
"FHIT",1
"GAS1",1
"GLTSCR2",1
"GNB2L1",1
"GPX3",1
"H19",1
"HBP1",1
"HDAC1",1
"HECA",1
"HPGD",1
"HRASLS2",1
"HTATIP2",1
"ID4",1
"IFI16",1
"IFT88",1
"IGF1",1
"IGFBP4",1
"IL24",1
"ILK",1
"ING5",1
"IRF8",1
"ITGB1",1
"ITGB3",1
"KIF7",1
"KISS1",1
"KLF4",1
"LATS2",1
"LEFTY2",1
"LIFR",1
"LITAF",1
"LRMP",1
"LRRC3B",1
"MAP4K1",1
"MARVELD1",1
"MAX",1
"MIR129-2",1
"MIR181C",1
"MIR193B",1
"MIR196A2",1
"MIR211",1
"MIR34B",1
"MIR34C",1
"MIR495",1
"MIR497",1
"MIR503",1
"MIR888",1
"MIRLET7A2",1
"MME",1
"MOB1B",1
"MST1R",1
"MT1G",1
"MT2A",1
"MTSS1",1
"MUS81",1
"MXI1",1
"MYH9",1
"NAPEPLD",1
"NCOA4",1
"NDN",1
"NDRG1",1
"NEDD4L",1
"NKX2-8",1
"NPAS2",1
"NR0B2",1
"NR1I2",1
"NRCAM",1
"PACRG",1
"PAWR",1
"PAX5",1
"PCDH9",1
"PHACTR4",1
"PHLDA2",1
"PHLDA3",1
"PINX1",1
"PLA2R1",1
"PLCD1",1
"PPP2CB",1
"PPP2R1B",1
"PPP2R2C",1
"PPP2R5C",1
"PPP3CC",1
"PRDM5",1
"PRICKLE1",1
"PRKCD",1
"PTEN",1
"PTPN1",1
"PTPRC",1
"RAB7A",1
"RAP1A",1
"RARB",1
"RASSF8",1
"RBL2",1
"RBM14",1
"RBP1",1
"RECK",1
"RNASET2",1
"RND3",1
"RNF8",1
"RNH1",1
"RPRM",1
"SALL2",1
"SASH1",1
"SCRIB",1
"SEPT4",1
"SERPINB5",1
"SFRP5",1
"SHISA3",1
"SHQ1",1
"SLIT2",1
"SLX4",1
"SMARCA2",1
"SMARCA4",1
"SPARCL1",1
"SYNPO2",1
"TCF7L2",1
"TCHP",1
"TDRG1",1
"THRA",1
"THSD1",1
"TNFRSF10A",1
"TNFRSF10B",1
"TNFRSF18",1
"TRIM13",1
"TRIM15",1
"TRIT1",1
"TUSC2",1
"VEGFA",1
"VEZT",1
"VSNL1",1
"WFDC1",1
"WIF1",1
"WNK2",1
"WNT7A",1
"ZHX2",1
"ZNF366",1
