"genes","Freq"
"MAD1L1",8
"HIVEP3",7
"TP73",7
"ESR1",5
"NOTCH1",5
"PRKCE",5
"PRR5",5
"BLCAP",4
"CDK6",4
"DDR2",4
"DIABLO",4
"DLEU1",4
"EPHB3",4
"HOPX",4
"KRT19",4
"LSAMP",4
"MTUS1",4
"NNAT",4
"PPP1CA",4
"RBP1",4
"RUNX1",4
"RUNX3",4
"STARD13",4
"STAT3",4
"TAGLN",4
"TFAP2A",4
"CBFA2T3",3
"CDH4",3
"CDH5",3
"CLU",3
"CPNE7",3
"CUX1",3
"DNMT3A",3
"FOXP1",3
"LIMA1",3
"MADD",3
"MIR141",3
"PLXNC1",3
"PRDM2",3
"PRKCB",3
"PROX1",3
"PTPN6",3
"RASSF5",3
"RBMS3",3
"RNF111",3
"RUNX2",3
"SMYD4",3
"ST5",3
"STAT5A",3
"STK10",3
"THRA",3
"TNK1",3
"TSPAN32",3
"ALOX15",2
"BANP",2
"BASP1",2
"BLNK",2
"BNIP3L",2
"BRD7",2
"CABLES1",2
"CFTR",2
"CHFR",2
"CREB3L1",2
"DLEU2",2
"DOK3",2
"EGLN3",2
"EHF",2
"EPHA2",2
"EPHB6",2
"ESR2",2
"ESRP1",2
"ETV6",2
"EXT1",2
"GNMT",2
"HIPK2",2
"HRASLS2",2
"IGFALS",2
"IRF4",2
"ITGB1",2
"LRIG1",2
"MCC",2
"MIR200C",2
"MTSS1",2
"NUAK1",2
"PARK2",2
"PCDH17",2
"PKD1",2
"PTPRJ",2
"RAP1GAP",2
"RASAL2",2
"RHOBTB2",2
"RNF144A",2
"ROBO1",2
"RTN4",2
"SELENBP1",2
"SOX1",2
"SPARC",2
"SPTBN1",2
"ST7",2
"THRB",2
"TRIM62",2
"UBE4B",2
"VEGFA",2
"ZIC1",2
"ADAMTS8",1
"ADAMTS9-AS2",1
"AFAP1L2",1
"AGTR1",1
"AHCYL1",1
"AHNAK",1
"AIM2",1
"ALDH1A2",1
"ALPL",1
"ANP32A",1
"ARF1",1
"ARID2",1
"ARL6IP5",1
"ATF3",1
"AXIN1",1
"BARD1",1
"BLID",1
"BMF",1
"BMPR1A",1
"BTG2",1
"C2orf40",1
"CACNA2D3",1
"CADM2",1
"CADM3",1
"CAMTA1",1
"CCDC67",1
"CD82",1
"CDH13",1
"CDH17",1
"CDK2AP1",1
"CDKN2B",1
"CDO1",1
"CEBPA",1
"CHD1",1
"CHD5",1
"CLDN1",1
"CREBBP",1
"CTNNBIP1",1
"CUL1",1
"CXCL12",1
"CXXC5",1
"CYGB",1
"DAPK1",1
"DENND2D",1
"DICER1",1
"DIRAS1",1
"DMBT1",1
"DPP4",1
"DUSP9",1
"EPAS1",1
"EPHB4",1
"EXT2",1
"FBXL13",1
"FER1L4",1
"FHL1",1
"GATA4",1
"GPRC5A",1
"GSN",1
"HBP1",1
"HDAC1",1
"HECA",1
"IKZF1",1
"IRF1",1
"ITGA5",1
"JDP2",1
"JUP",1
"KISS1",1
"KLF10",1
"LEFTY1",1
"LEFTY2",1
"LHX6",1
"LIFR",1
"LINC-PINT",1
"LRIG3",1
"LRRC4",1
"MAL",1
"MAPK10",1
"MEG3",1
"MIR122",1
"MIR181C",1
"MIR195",1
"MIR25",1
"MIR34A",1
"MIR497",1
"MRVI1",1
"MYH9",1
"NDRG1",1
"NDRG2",1
"NEDD4L",1
"NF1",1
"NOTCH3",1
"NPAS2",1
"NR0B2",1
"NR1I2",1
"NR2C2",1
"NUPR1",1
"OPCML",1
"PARP1",1
"PAWR",1
"PAX4",1
"PAX6",1
"PCDHGC3",1
"PDGFRL",1
"PDLIM4",1
"PDX1",1
"PHLDA3",1
"PLEKHO1",1
"POU6F2",1
"PPP2CB",1
"PPP2R2C",1
"PRICKLE1",1
"RAB7A",1
"RARB",1
"RASL10A",1
"RASSF1",1
"RASSF4",1
"RBM14",1
"RCHY1",1
"RND3",1
"SERPINB5",1
"SGMS1",1
"SH2B3",1
"SIRT2",1
"SPARCL1",1
"SPI1",1
"SPINT2",1
"SRGAP3",1
"SSBP2",1
"SUFU",1
"SYNM",1
"SYNPO2",1
"TCF7L2",1
"TDRG1",1
"TGFB1",1
"TGFBI",1
"TGFBR3",1
"THSD1",1
"TNFAIP8L2",1
"TOM1L2",1
"TRIM13",1
"TRIM15",1
"TRIT1",1
"TSC2",1
"TSLP",1
"TUSC2",1
"UNC5A",1
"UNC5B",1
"UNC5D",1
"VDR",1
"WNT7A",1
"WWOX",1
"ZBTB7C",1
"ZFHX3",1
"ZHX2",1
"ZMYND11",1
"ZNF366",1
"ZNF668",1
