Genes,Freq
GFI1,44
CTC-467M3.1,41
CCDC140,37
HCG4P3,36
HLA-J,36
OR2I1P,33
RP11-522B15.3,28
CCND2-AS1,26
CCND2-AS2,25
BCOR,24
RP11-89K21.1,24
ADCYAP1,23
CH17-140K24.8,23
GDF6,23
RP11-672L10.3,23
FEZF2,22
RP11-445F12.1,22
CHST8,21
EVX2,21
LINC01097,21
NEUROG1,21
MEST,20
RP11-227F19.1,20
ARX,19
BDNF,19
FEZF1,19
RP11-17A4.2,19
RP11-672L10.2,19
SLC1A6,19
ATP11A,18
BCL11B,18
CCNA1,18
HCG4P8,18
HLA-G,18
LINC00682,18
CRMP1,17
HPSE2,17
LCE3C,17
RP11-497E19.1,17
MESTIT1,16
PHOX2B,16
RP4-665J23.1,16
SHANK1,16
SOX2,16
TRHDE,16
GDNF,15
ISL2,15
LHX2,15
LHX5,15
PAUPAR,15
RP11-849I19.1,15
VWA7,15
CCK,14
CDH22,14
DUOX1,14
FOXI2,14
GAK,14
LBX1,14
LINC01475,14
MEG3_1,14
MKX-AS1,14
MYH14,14
NKX2-1,14
PDPN,14
RP11-262A16.1,14
RP11-708B6.2,14
RP4-738P15.1,14
SYT3,14
TRHDE-AS1,14
APCDD1L,13
C11orf87,13
CCDC105,13
CELF4,13
CTBP1-AS,13
CTD-2314G24.2,13
DUOXA1,13
ELFN1,13
FGF19,13
GAD2,13
GALNT13,13
GRIA4,13
ISL1,13
MED12L,13
MIR3663HG,13
OSTM1-AS1,13
PCSK1,13
PRDM14,13
PTF1A,13
RP11-288A5.2,13
RP11-333B11.1,13
SOX17,13
ALX3,12
CNGA3,12
DPF3,12
EPSTI1,12
FBXO39,12
FOXG1-AS1,12
GCM2,12
HTR1A,12
IGSF9B,12
KCNS3,12
MYO7A,12
NFATC1,12
OLIG3,12
PAX1,12
RP11-175K6.1,12
RP11-227F19.2,12
RP11-609D21.3,12
SAPCD1-AS1,12
STK32C,12
TBX20,12
TBX21,12
TOX2,12
VSTM2B,12
ZFHX4-AS1,12
AC092675.3,11
AC092675.4,11
AC096574.4,11
C1QL2,11
DGKK,11
DIO3,11
DLEU7,11
DLEU7-AS1,11
EVC2,11
FEZF1-AS1,11
FOXF1,11
GJB6,11
GRIN2D,11
HHEX,11
HOXA10-AS,11
HOXD12,11
LINC00599,11
MEIS1-AS2,11
MGMT,11
MIAT,11
MMEL1,11
NKX1-1,11
NKX2-1-AS1,11
NTF3,11
OSR2,11
PAH,11
RP11-108K3.1,11
RP11-517H2.6,11
SLC10A4,11
STK33,11
VPS52,11
ZNF707,11
APCDD1L-AS1,10
ATXN7L1,10
C18orf42,10
C1QTNF1,10
COL9A3,10
CRIP3,10
CTC-467M3.3,10
CTD-3032H12.2,10
CYP27C1,10
DSE,10
EXOC3L2,10
FGF12,10
FGF3,10
FYN,10
GP5,10
HAGLR,10
HLX-AS1,10
HMX3,10
HOXA11-AS1_1,10
LINC00237,10
LINC01482,10
LYL1,10
MAFA,10
MRGPRF,10
NETO1,10
PCDHB18P,10
PLEKHG4B,10
POU4F3,10
PTCHD2,10
RP1-18D14.7,10
RSPO3,10
SSTR1,10
TH,10
TMEM255A,10
TWIST1,10
VAT1L,10
ZNF300P1,10
ZNF318,10
AC016757.3,9
ALX1,9
AMT,9
BARHL1,9
BHMT,9
BMP3,9
BRD2,9
CCDC181,9
CD40,9
CD7,9
CH17-140K24.7,9
CHL1,9
CTC-497E21.3,9
CTD-2135J3.3,9
CYP2S1,9
DLG2,9
DPYS,9
EGFLAM,9
EPHA10,9
EPHA5,9
ESX1,9
GCSAML,9
GSE1,9
INSC,9
KCNJ2-AS1,9
LRRC14B,9
MAP6,9
MIAT_exon1,9
MIR10B,9
NPHS2,9
PABPC3,9
PCYT1B,9
POU3F2,9
PTCHD3,9
RFTN1,9
RNU5F-2P,9
RP11-480N24.3,9
RP11-53M11.5,9
RP11-944L7.4,9
RP11-944L7.5,9
SLFN12L,9
SYT6,9
TAC1,9
TNFAIP8L3,9
WNT6,9
XXbac-BPG154L12.5,9
ZDHHC14,9
ZNF560,9
ZNF573,9
ZNF660,9
AC007796.1,8
ASB18,8
ATP5G2,8
BARX1,8
BHLHE23,8
C1orf61,8
CACNG7,8
CAMKV,8
CCDC166,8
CHL1-AS2,8
COL5A2,8
CPXM2,8
CRCT1,8
CTB-41I6.1,8
CTC-525D6.2,8
CTC-543D15.3,8
CTD-2168K21.1,8
CYP2E1,8
DPY19L2P2,8
EP400,8
EPHA5-AS1,8
EPO,8
FAM181B,8
FBN2,8
FBXO47,8
FEZ1,8
FGR,8
FLJ16779,8
GET4,8
GLTSCR1L,8
GPC2,8
GPR144,8
GRID2IP,8
GSG1L,8
GSTM5,8
HCRTR2,8
HES2,8
IFNL4P1,8
INS,8
KCNAB3,8
KCNH2,8
KCNQ1-AS1,8
KLHDC8A,8
LAMP5-AS1,8
LRRK1,8
MDGA1,8
MIR663B,8
MMP9,8
MRC2,8
NEUROD2,8
NGB,8
P2RY1,8
PAX8,8
PCDHB15,8
PEX10,8
PHLDB1,8
PLCH1,8
POR,8
POU3F4,8
PSD,8
RIMS2,8
RP11-1099M24.7,8
RP11-122D10.1,8
RP11-16E12.2,8
RP11-489D6.2,8
RP11-676J15.1,8
RP11-701H24.4,8
RP4-555D20.3,8
SCD5,8
SLC16A12,8
SLC26A4,8
SLC2A14,8
SLC7A3,8
SLC7A5,8
SLITRK1,8
TAF4,8
TMEM235,8
VCAN,8
ZNF154,8
ZNF197,8
ZNF551,8
AC005597.1,7
AC012123.1,7
AC138430.4,7
ACSL4,7
ALDH1L1-AS2,7
ALOX12-AS1,7
ASB2,7
BMPER,7
C11orf85,7
C5orf52,7
CACNG6,7
CBLN1,7
CD200,7
CDH18,7
CLDN9,7
CNKSR1,7
CNTN1,7
CNTNAP1,7
CNTNAP5,7
CTC-525D6.1,7
CTD-2561B21.10,7
CTD-2619J13.19,7
D4S234E,7
DEF8,7
EFEMP1,7
EFNB1,7
ELAVL4,7
EPHA8,7
FAM132B,7
FAM184B,7
FGF20,7
GABRA3,7
GPR26,7
GPR39,7
GRIK3,7
GRM3,7
GUCY2D,7
HIST1H4F,7
HIST1H4L,7
HIST3H2BA,7
HOXB8,7
HOXC13,7
IRX6,7
ITGA9,7
KCNB1,7
KCNE5,7
KIAA1244,7
KLHL14,7
KRTAP5-10,7
LDLRAD4,7
LECT1,7
LINC01586,7
LRRN4CL,7
MACROD2,7
MAP3K11,7
MIR155HG,7
MORF4L1,7
MYOD1,7
NACC2,7
NEFH,7
NET1,7
NLRP1,7
NMRK2,7
NOL4,7
NOX4,7
NPAS4,7
NPLOC4,7
OCSTAMP,7
OGFOD3,7
OLFM3,7
OPLAH,7
PACSIN1,7
PATL2,7
PCDH7,7
PCDHB17P,7
PDCD1,7
PDZD2,7
PKNOX2,7
PLA2G4D,7
PPP1R26P1,7
PRSS12,7
PRSS50,7
PTPRN,7
RAB11FIP4,7
RALGDS,7
RALYL,7
RCC2,7
RGS17,7
RP11-102K13.5,7
RP11-123M6.2,7
RP11-13K12.2,7
RP11-16E12.1,7
RP11-1C8.4,7
RP11-278H7.1,7
RP11-357H14.17,7
RP11-449J10.1,7
RP11-89K21.2,7
RP4-712E4.1,7
RP5-1142A6.2,7
RP5-850E9.3,7
SAMD3,7
SCRT2,7
SEL1L2,7
SHISA7,7
SHROOM4,7
Six3os1_2,7
SKAP1,7
SLC16A1,7
SLC26A4-AS1,7
SLC35G2,7
SLC5A10,7
SLC6A17,7
SLC6A2,7
SMARCD3,7
SMIM10,7
SPAG6,7
SPNS3,7
SPOCK3,7
SYCN,7
TEX26,7
TIMM10B,7
TNNT3,7
TUBB2B,7
UBE2I,7
UBTD1,7
VMO1,7
ZAR1,7
ZC3H3,7
ZFP64,7
ZNF132,7
ZNF503-AS2,7
ABCB4,6
AC005682.5,6
AC011899.9,6
AC079154.1,6
AC103563.8,6
AC231657.1,6
ACSF2,6
ACTA1,6
ADAD2,6
ADCY3,6
ADD3-AS1,6
AP3D1,6
APC2,6
APOC4-APOC2,6
ARVCF,6
ASCL2,6
AVP,6
BHLHA9,6
BTBD17,6
C17orf104,6
C1orf87,6
C1QTNF9B,6
C20orf166-AS1,6
CABP1,6
CACNA1C,6
CACNA1G,6
CACNB2,6
CACNG8,6
CADPS2,6
CBX8,6
CLVS2,6
CNGB1,6
COCH,6
CPEB1,6
CSNK1G2-AS1,6
CTB-158D10.3,6
CTD-2278I10.6,6
CTD-2298J14.2,6
CTD-2311M21.3,6
CTD-2384B11.2,6
CTD-2544H17.2,6
CUTA,6
CXCL5,6
CYP11A1,6
DBNDD1,6
DGCR5,6
DNM3OS,6
DOK5,6
DUOXA2,6
DUSP27,6
EGFEM1P,6
EPPK1,6
ERICH6B,6
FAM196A,6
FAM20A,6
FCGBP,6
FERD3L,6
FFAR1,6
FMNL2,6
FOXE3,6
FTO,6
FZD10-AS1,6
GAL3ST3,6
GAS2,6
GDF10,6
GP1BB,6
GPM6A,6
GPR158,6
GPR158-AS1,6
GPR88,6
GPRASP1,6
GRAMD4,6
GUCA1A,6
HAPLN3,6
HCK,6
HCN4,6
HCP5,6
HEY2,6
HGFAC,6
HLA-B,6
HLA-DMB,6
HOXA5,6
HOXA6,6
HPCAL4,6
HSPA12B,6
HSPB6,6
ILDR2,6
IZUMO2,6
JAKMIP1,6
JAM2,6
KCNJ12,6
KCNN2,6
KCNN3,6
KCTD14,6
KIT,6
LAMP1,6
LAMP5,6
LINC01018,6
LINC01140,6
LONP1,6
LRFN3,6
LRFN5,6
LRRC4B,6
LRRC71,6
MAOB,6
MEFV,6
MIR1258,6
MKNK1-AS1,6
MMP14,6
MRGPRF-AS1,6
MTMR7,6
NAGS,6
NAP1L2,6
NDUFC2-KCTD14,6
NEUROG3,6
NKX2-4,6
NLGN1,6
NLRC3,6
NMBR,6
NMNAT2,6
NOC2L,6
NOTO,6
NRSN1,6
OPRL1,6
P2RX5-TAX1BP3,6
PCDH15,6
PCDHB19P,6
PDGFB,6
PDZRN4,6
PLTP,6
PNMAL2,6
POLE,6
POU2F2,6
PPP5D1,6
RAB37,6
RBPMS2,6
RHPN1,6
RIMS3,6
RIN3,6
RNF217,6
RNF217-AS1,6
RP11-137J7.2,6
RP11-247C2.2,6
RP11-264J4.10,6
RP11-284F21.9,6
RP11-288I21.1,6
RP11-348F1.2,6
RP11-396F22.1,6
RP11-420A23.1,6
RP11-545A16.3,6
RP11-664D7.4,6
RP11-685G9.2,6
RP11-714M23.2,6
RP11-867G2.8,6
RP3-326L13.2,6
RP4-753D10.3,6
RP4-769N13.7,6
RP5-1052I5.2,6
S1PR1,6
SAMD5,6
SEC14L4,6
5-Sep,6
SHC2,6
SHISA6,6
SLC16A1-AS1,6
SLITRK4,6
SOBP,6
SPACA7,6
SPATA18,6
SPATS1,6
SPOCK1,6
SSBP4,6
SSTR4,6
STARD8,6
SYMPK,6
SYNPO2L,6
TACR3,6
TBPL2,6
TBXA2R,6
TCIRG1,6
TEX2,6
TIAM2,6
TJAP1,6
TMEM104,6
TMEM233,6
TNIK,6
TOR4A,6
TRAC,6
TRAF3IP2,6
TRIM17,6
TSPAN2,6
TTC39A,6
ULBP1,6
WDFY4,6
WNT2B,6
XXbac-BPG154L12.4,6
ZFP42,6
ZIC3,6
ZNF578,6
ZNF804B,6
ZSCAN1,6
ABCB5,5
ABCG5,5
AC004837.3,5
AC004837.4,5
AC006994.2,5
AC008060.7,5
AC010731.4,5
AC012354.6,5
AC025165.8,5
AC079779.4,5
AC109309.4,5
ACADL,5
ACAP3,5
ADAMTS17,5
ADAP2,5
ADARB2-AS1,5
ALPI,5
ALPP,5
ALS2CL,5
ALS2CR11,5
ANKLE1,5
ANKRD26P3,5
ANKRD7,5
AP001891.1,5
APOC4,5
ARHGAP9,5
ARHGEF2,5
ARID3C,5
ARMC2,5
ARMC4,5
ASCL4,5
ASPG,5
ATOH1,5
ATP10A,5
BHLHB9,5
BRINP3,5
BSX,5
BX322557.10,5
C1orf127,5
C1orf141,5
C20orf195,5
C4orf19,5
CAMKK2,5
CCDC144NL,5
CCDC184,5
CCL24,5
CCR6,5
CDH10,5
CDYL,5
CHRD,5
CKB,5
CKM,5
CLCN1,5
CLEC11A,5
CLSTN2,5
CNTN2,5
COMMD10,5
COX4I2,5
CT62,5
CTC-378H22.1,5
CTC-479C5.12,5
CTD-2089N3.2,5
CTD-2089N3.3,5
CTD-2245E15.3,5
CTD-2545M3.6,5
CTD-2587H24.4,5
CTD-2587M23.1,5
CTD-3193K9.3,5
CTDSP2,5
DCLK1,5
DEFB123,5
DHH,5
DNAH5,5
DOCK9,5
DUXAP8,5
EGFL6,5
EIF5A2,5
EMILIN1,5
EMILIN3,5
EN2,5
ERN1,5
ESYT3,5
EXOC3L1,5
F2R,5
FAM131A,5
FAM150B,5
FAM20C,5
FAM26F,5
FAM57B,5
FBXO34,5
FGF10,5
FGF10-AS1,5
FLJ38122,5
FLYWCH1,5
FOXB2,5
FOXH1,5
FOXI3,5
FRG1B,5
FUT1,5
FZD10,5
FZD9,5
GABBR2,5
GAMT,5
GJC2,5
GK,5
GLIS3,5
GPD1,5
GPR25,5
GPR6,5
H19_1,5
HAPLN1,5
HAPLN4,5
HDLBP,5
HEG1,5
HIPK4,5
HIST1H3I,5
HTR4,5
HTR6,5
IL12RB2,5
IL1RAPL2,5
IQCA1,5
IRX2,5
ITPR3,5
KCNA2,5
KCNAB1,5
KCTD8,5
KIAA0895L,5
KIAA1257,5
KLF7,5
KLHL17,5
KRTAP5-8,5
LDHB,5
LHFPL4,5
LINC00299,5
LINC00554,5
LINC01159,5
LINC01276,5
LINC01388,5
LRCOL1,5
LRRC2,5
LRRC61,5
MAFG,5
MAP3K9,5
MAPK8IP2,5
MCEMP1,5
MEI1,5
MEIS3,5
MESTIT1_1,5
MFSD4,5
MIR199A2,5
MMP2,5
MMP23B,5
MOXD1,5
MPDU1,5
MRGPRE,5
MYO1D,5
NANOS2,5
NCL,5
NCOA6,5
NEK4P3,5
NOVA2,5
NOX5,5
NPTX1,5
NTSR2,5
NXPH4,5
OGDHL,5
OLFM1,5
OTOP1,5
OTOP3,5
PAQR9,5
PAQR9-AS1,5
PCSK9,5
PDZD4,5
PKHD1,5
PLD3,5
PNPLA5,5
PODNL1,5
PPFIA3,5
PPP1R2P1,5
PRKD2,5
PRKX,5
PROC,5
RASGRP2,5
RD3,5
REEP4,5
RP11-19E11.1,5
RP11-19O2.2,5
RP11-209K10.2,5
RP11-244B22.6,5
RP11-261B23.1,5
RP11-261N11.8,5
RP11-284F21.7,5
RP11-348F1.3,5
RP11-353N14.1,5
RP11-386G11.8,5
RP11-394I13.1,5
RP11-488I20.9,5
RP11-521O16.1,5
RP11-521O16.2,5
RP11-54O7.1,5
RP11-54O7.16,5
RP11-554A11.8,5
RP11-554A11.9,5
RP11-626H12.1,5
RP11-665G4.1,5
RP11-726G23.10,5
RP11-742D12.2,5
RP11-797E24.3,5
RP11-81A22.4,5
RP11-81K2.1,5
RP11-834C11.7,5
RP11-961A15.1,5
RP3-525N10.2,5
RP4-575N6.4,5
RP4-665J23.2,5
RP4-712E4.2,5
RP5-1065O2.4,5
RP5-1180C18.1,5
RP5-894D12.5,5
RTN1,5
SCARF1,5
SCART1,5
SCFD2,5
SCN8A,5
SCTR,5
SH3D21,5
SLC15A4,5
SLC17A6,5
SLC22A16,5
SLC25A1P4,5
SLC25A42,5
SLC5A5,5
SLC6A13,5
SLC6A15,5
SLC7A7,5
SLITRK5,5
SMIM21,5
SNORD116-1,5
SNORD116-20,5
SNORD116-21,5
SOX3,5
SPIB,5
SPRED3,5
SRMS,5
SST,5
ST8SIA3,5
STMN2,5
TCEAL5,5
TCF23,5
TCF7,5
TDGF1P2,5
TFR2,5
TGM7,5
TMC2,5
TMEM175,5
TMEM200B,5
TMEM246,5
TMEM52,5
TTLL2,5
TUBB6,5
U1,5
U2SURP,5
UHRF1,5
UNC13A,5
USH1C,5
VOPP1,5
VPS18,5
WNT9A,5
XYLT1,5
YAE1D1,5
ZFYVE21,5
ZKSCAN7,5
ZNF208,5
ZNF280B,5
ZNF454,5
ZNF677,5
ZNF827,5
AAAS,4
AC002064.5,4
AC005324.6,4
AC005775.2,4
AC005796.2,4
AC009531.2,4
AC018730.4,4
AC023824.1,4
AC025171.1,4
AC051649.1,4
AC053503.11,4
AC068134.8,4
AC073957.15,4
AC115286.1,4
ADAM29,4
ADAM6,4
ADAM8,4
ADCY1,4
ADD3,4
ADGB,4
AEBP2,4
AF131216.5,4
AFF2,4
AFG3L1P,4
AGBL4,4
AGGF1P3,4
ALDH5A1,4
ALOX12,4
ANKRD2,4
ANKRD27,4
ANKRD30A,4
ANKRD44,4
ANO4,4
ANXA2R,4
AP000708.1,4
AP001476.2,4
APOBEC3C,4
ARHGAP19-SLIT1,4
ARHGAP21,4
ARID5A,4
ASCL5,4
ASPH,4
ATP1A2,4
BAI3,4
BAIAP2-AS1,4
BARX1-AS1,4
BDKRB1,4
BLOC1S1,4
BMP8B,4
BPIFA2,4
BSG,4
BSN,4
BVES,4
BVES-AS1,4
C15orf53,4
C19orf25,4
C1orf145,4
C1QA,4
C6orf10,4
CA6,4
CACNA1G-AS1,4
CASKIN1,4
CAV3,4
CCDC42B,4
CCDC50,4
CCDC63,4
CCNYL2,4
CCR10,4
CD276,4
CDK11B,4
CELF5,4
CERS3-AS1,4
CFD,4
CHAD,4
CHRDL2,4
CHST6,4
CHSY3,4
CLEC2L,4
CLUH,4
CNR2,4
COL11A1,4
COL19A1,4
COL5A3,4
CPAMD8,4
CPNE2,4
CR2,4
CRH,4
CSDC2,4
CSF1,4
CTC-523E23.15,4
CTC-523E23.6,4
CTC-575N7.1,4
CTD-2192J16.22,4
CTD-2194D22.4,4
CTD-2291D10.3,4
CTD-2554C21.1,4
CTD-2554C21.2,4
CTD-3032H12.1,4
CTRL,4
CTSG,4
CXCL1,4
CXCL1P,4
CYP2D8P,4
CYP2T1P,4
DDN,4
DEDD,4
DEGS2,4
DENND1A,4
DEPDC7,4
DGAT2L7P,4
DHX37,4
DLL4,4
DOC2GP,4
DOCK6,4
DPPA3,4
DPY19L2P1,4
DUOX2,4
EBNA1BP2,4
ECEL1P3,4
EEF2,4
EIF3G,4
ELOVL2,4
ELOVL2-AS1,4
EPHA6,4
EPN2,4
EPS8L3,4
ESAM,4
ESM1,4
EXPH5,4
FABP5,4
FAM162B,4
FAM167A,4
FAM180A,4
FARS2,4
FBLL1,4
FBXL8,4
FCGRT,4
FEV,4
FGF21,4
FGFR3,4
FIGLA,4
FLOT1,4
FUT6,4
GABRA1,4
GALNT16,4
GBGT1,4
GDAP1L1,4
GDNF-AS1,4
GFY,4
GHc-210E9.2,4
GNAZ,4
GOLGA8B,4
GPER1,4
GPR37,4
GPR78,4
GRAMD4P8,4
GRID2,4
GRK7,4
H19_2,4
HCG4B,4
HCRTR1,4
HENMT1,4
HERC2,4
HERC2P4,4
HFE2,4
HHIP,4
HHIP-AS1,4
HLA-F-AS1,4
HLA-K,4
HOTTIP_4,4
HOXB6,4
HOXB9,4
HPDL,4
HTR5BP,4
HYMAI,4
IFNL4,4
IGHA2,4
IL17C,4
IL20RA,4
IL21R,4
IL32,4
IPMKP1,4
ITGA11,4
JAZF1,4
KANK4,4
KCNA6,4
KCNJ10,4
KCNJ6,4
KIAA1024,4
KIAA1210,4
KIF13B,4
KIF5A,4
KLB,4
KLK4,4
KLK7,4
KRT72,4
KRT73-AS1,4
KRTAP13-2,4
LA16c-306E5.2,4
LA16c-431H6.6,4
LCE3E,4
LIM2,4
LINC00240,4
LINC00242,4
LINC00311,4
LINC00332,4
LINC00391,4
LINC00421,4
LINC00539,4
LINC00574,4
LINC00608,4
LINC00629,4
LINC00839,4
LINC00857,4
LINC01087,4
LINC01164,4
LINC01197,4
LRRC20,4
LRRC34,4
LRRC43,4
LRRN2,4
LRRN4,4
MADCAM1,4
MAF,4
MAN2B1,4
MAP3K15,4
1-Mar,4
MARS,4
MED15P3,4
MFRP,4
MGAT5B,4
MID1IP1-AS1,4
MIER2,4
MIR105-1,4
MIR1228,4
MIR1238,4
MIR128-2,4
MIR4686,4
MOB3B,4
MPPED2,4
MRGPRX1,4
MRPL43,4
MT1JP,4
MTURN,4
MUC3A,4
MUC5AC,4
MUC6,4
MYOCD,4
NAE1,4
NCAN,4
NDNF,4
NDUFA10,4
NDUFC2,4
NEU4,4
NMU,4
NOD1,4
NOL4L,4
NPHP4,4
NTNG2,4
NUBP2,4
NUDT10,4
NUP62,4
NXPH2,4
OARD1,4
ODF3L2,4
OOSP2,4
OR2C1,4
OR2T11,4
OR4F6,4
OR5P3,4
OR7A5,4
OR8B4,4
OTUD6A,4
P2RX5,4
P2RY14,4
P2RY6,4
PACERR,4
PAGE5,4
PANK4,4
PARD6G,4
PAX8-AS1,4
PCBP4,4
PCCA,4
PCDH1,4
PCDH20,4
PCDHB4,4
PCSK1N,4
PDZD7,4
PER1,4
PEX14,4
PF4V1,4
PFKL,4
PGC,4
PIK3CD-AS1,4
PIK3R6,4
PKP1,4
PLAC8,4
PLEKHD1,4
PLEKHH1,4
PLEKHM2,4
PLVAP,4
PLXNA2,4
PMEL,4
PMEPA1,4
PNOC,4
PNPLA1,4
POPDC2,4
PPIE,4
PPTC7,4
PRKAG3,4
PRKCG,4
PRKG1,4
PRSS3,4
PTCD1,4
PTGDS,4
PTGER1,4
PTGER4,4
PTGS2,4
PTH2,4
PTPN5,4
RAB40C,4
RAET1E-AS1,4
RASGRP4,4
RASL12,4
RCAN3,4
RELT,4
REPS2,4
RESP18,4
RIMS1,4
RNF222,4
RNU7-140P,4
ROBO4,4
RP11-107C16.2,4
RP11-108K14.12,4
RP11-129J12.1,4
RP11-1398P2.1,4
RP11-13P5.2,4
RP11-143I21.1,4
RP11-155D18.12,4
RP11-159H10.3,4
RP11-168O16.1,4
RP11-175K6.2,4
RP11-195F19.29,4
RP11-218D6.4,4
RP11-227D2.3,4
RP11-234B24.4,4
RP11-23P13.6,4
RP11-2H3.7,4
RP11-315D16.2,4
RP11-343C2.11,4
RP11-357H14.16,4
RP11-363E6.3,4
RP11-379L18.1,4
RP11-380I10.4,4
RP11-386G11.5,4
RP11-395B7.2,4
RP11-434I12.2,4
RP11-448P19.1,4
RP11-449P15.2,4
RP11-44K6.3,4
RP11-466A19.1,4
RP11-469J4.3,4
RP11-473M20.5,4
RP11-501J20.5,4
RP11-514D23.1,4
RP11-514D23.2,4
RP11-536C5.2,4
RP11-536I6.2,4
RP11-548K23.11,4
RP11-566K11.7,4
RP11-575F12.3,4
RP11-583F24.8,4
RP11-5O23.2,4
RP11-627G18.2,4
RP11-632L2.2,4
RP11-63K6.5,4
RP11-640I15.2,4
RP11-647P12.1,4
RP11-74C1.4,4
RP11-760D2.5,4
RP11-776A13.1,4
RP11-77K12.4,4
RP11-783K16.10,4
RP11-798K3.3,4
RP11-83B20.5,4
RP11-88I21.2,4
RP11-8L2.1,4
RP1-202O8.2,4
RP1-209A6.1,4
RP13-16H11.7,4
RP13-895J2.7,4
RP1-93H18.6,4
RP3-380B8.4,4
RP3-462D8.2,4
RP3-471C18.2,4
RP4-555D20.4,4
RP4-683L5.1,4
RP4-735C1.4,4
RP5-1070G24.2,4
RP5-1142A6.7,4
RP5-1166F10.1,4
RP5-1186N24.3,4
RP5-896L10.1,4
RPL13P,4
RPS9,4
RUNDC3A,4
RUNDC3A-AS1,4
SAMD11,4
SARM1,4
SATB1,4
SBF2-AS1,4
SGPP2,4
SGSH,4
SH2D5,4
SH3BP1,4
SHANK2-AS1,4
SIRPA,4
Six3os1_1,4
SLC11A1,4
SLC15A1,4
SLC17A9,4
SLC18A2,4
SLC19A3,4
SLC25A3P1,4
SLC25A48,4
SLCO5A1,4
SMTNL2,4
SNN,4
SNORD115-39,4
SNORD116-2,4
SNORD116-23,4
SNORD116-24,4
SNRPF,4
SPACA1,4
SPATA2L,4
SQSTM1,4
ST6GALNAC3,4
SV2B,4
TACR1,4
TBL3,4
TCEAL2,4
TCP10,4
TCP11,4
TDH,4
TDRD5,4
TEX11,4
TINAGL1,4
TK2,4
TM4SF5,4
TMEM145,4
TMEM151A,4
TMEM53,4
TMPRSS13,4
TNFRSF11A,4
TNNI3,4
TP73-AS1,4
TPM4P1,4
TPRA1,4
TPSD1,4
TPSG1,4
TRGC1,4
TRGC2,4
TRIL,4
TRIP13,4
TRPM2,4
TSPAN33,4
TSSK3,4
TUBB4A,4
UBE2E3,4
UCP1,4
UGT3A2,4
ULK2,4
UMOD,4
USP42,4
VGLL3,4
VSTM4,4
VTCN1,4
WLS,4
XXbac-BPG308K3.6,4
ZBTB22,4
ZFYVE28,4
ZGLP1,4
ZNF467,4
ZNF469,4
ZNF496,4
ZNF710,4
ZNF804A,4
ZNF890P,4
A2M-AS1,3
ABCA7,3
ABO,3
AC000403.4,3
AC002368.4,3
AC003986.7,3
AC005013.5,3
AC006130.3,3
AC006538.4,3
AC007009.1,3
AC007128.1,3
AC008073.7,3
AC008694.3,3
AC009133.15,3
AC009133.24,3
AC010907.5,3
AC010987.5,3
AC016831.7,3
AC020934.1,3
AC061992.2,3
AC068499.10,3
AC068533.7,3
AC074389.5,3
AC074389.6,3
AC079145.4,3
AC079779.5,3
AC087651.1,3
AC092634.2,3
AC097374.2,3
AC106786.1,3
AC124312.1,3
AC128709.3,3
AC137932.5,3
AC140481.8,3
ACOT12,3
ACOT9,3
ACSL6,3
ACTN3,3
ADRBK1,3
ADRM1,3
AGL,3
AGO1,3
AHSP,3
AJ003147.8,3
AK5,3
AKAP10,3
AKR1D1P1,3
AKR1E2,3
AL031601.5,3
ALLC,3
ALOX12P2,3
ALOX5AP,3
ALOXE3,3
AMER3,3
ANKK1,3
ANKRD19P,3
ANKRD26P1,3
ANKRD34A,3
ANKRD65,3
ANO9,3
AP000347.2,3
AP000357.4,3
AP001187.9,3
AP003419.11,3
APIP,3
APITD1-CORT,3
APOBEC3A,3
APOBR,3
APOLD1,3
AQP11,3
ARAF,3
ARFIP2,3
ARHGAP20,3
ARHGAP44,3
ARHGAP8,3
ARL5AP4,3
ARMC12,3
ARRB2,3
ASXL2,3
ATG9B,3
ATP5J2-PTCD1,3
ATP6V0A4,3
AURKC,3
AVPR1B,3
BARX2,3
BCL2L1,3
BET1P1,3
BIRC7,3
BTBD8,3
BTN3A3,3
C10orf54,3
C10orf88,3
C11orf58,3
C14orf105,3
C15orf27,3
C16orf92,3
C1orf204,3
C1orf226,3
C1QTNF5,3
C1QTNF7,3
C2CD2,3
C2orf16,3
C2orf82,3
C3orf14,3
C3orf80,3
C4orf17,3
C8orf49,3
C9orf129,3
CA7,3
CACTIN-AS1,3
CACYBPP3,3
CALML4,3
CAMK2A,3
CASC10,3
CAST,3
CATSPER4,3
CBX1,3
CBX7,3
CCDC120,3
CCDC148,3
CCDC169-SOHLH2,3
CCDC170,3
CCDC74B,3
CCNF,3
CD3G,3
CDAN1,3
CDC42EP2,3
CDH15,3
CDH20,3
CEACAM5,3
CECR7,3
CEP41,3
CFAP44,3
CGB7,3
CH17-13I23.1,3
CH17-270A2.1,3
CHD6,3
CHD7,3
CHRM4,3
CHRNA3,3
CHRNB1,3
CHSY1,3
CKMT2,3
CLDN22,3
CLGN,3
CLN3,3
CLNS1A,3
CLTC,3
CLUAP1,3
CNNM2,3
CNTFR,3
COL21A1,3
COL28A1,3
COL4A6,3
COL7A1,3
COLQ,3
COMT,3
COPA,3
COX17,3
CPLX3,3
CPNE9,3
CPSF1,3
CPZ,3
CRCP,3
CRYGEP,3
CRYM,3
CSF3R,3
CSPG5,3
CSTA,3
CTB-129P6.7,3
CTB-14A14.2,3
CTC-326K19.6,3
CTC-360G5.8,3
CTC-444N24.9,3
CTC-523E23.14,3
CTC-550B14.6,3
CTC-550B14.7,3
CTD-2022H16.3,3
CTD-2026G6.3,3
CTD-2083E4.7,3
CTD-2189E23.1,3
CTD-2269F5.1,3
CTD-2357A8.3,3
CTD-2369P2.10,3
CTD-2377D24.6,3
CTD-2530H12.1,3
CTD-2532K18.1,3
CTD-2562J17.4,3
CTD-2587H24.5,3
CTD-3148I10.9,3
CTD-3187F8.2,3
CTDP1,3
CTSK,3
CUL9,3
CX3CR1,3
CXCL3,3
CXorf36,3
CYP2C19,3
CYP2T3P,3
CYP4F2,3
CYTH3,3
CYYR1,3
DAND5,3
DCST1,3
DCST2,3
DCTN1-AS1,3
DDC,3
DDX17,3
DDX6,3
DGKD,3
DHRS7C,3
DHRS9,3
DHX58,3
DIAPH1,3
DIP2A,3
DKFZP434H168,3
DMRT2,3
DNAAF3,3
DND1P1,3
DPP10-AS1,3
DPPA5,3
DRC7,3
DSTYK,3
DTX3,3
DUS3L,3
DYDC2,3
DYNAP,3
ECEL1P1,3
EDC4,3
EFCAB14P1,3
EGR3,3
EIF4E,3
EIF4E1B,3
EIF4G3,3
ELAVL2,3
ELTD1,3
EMB,3
EMBP1,3
EMR3,3
ENPP7,3
ENTPD4,3
EPCAM,3
EPHA7,3
ERCC1,3
ERG,3
ERI2,3
ESPNL,3
EWSAT1,3
FAAH,3
FAM131B,3
FAM153B,3
FAM154A,3
FAM155B,3
FAM159B,3
FAM166B,3
FAM178B,3
FAM228A,3
FAM27L,3
FAM47E-STBD1,3
FAM50A,3
FAM81A,3
FAM99B,3
FAR2P3,3
FBXL15,3
FBXL17,3
FBXL2,3
FCER2,3
FCRL4,3
FCRLB,3
FGFR4,3
FKBP10,3
FLJ44511,3
FLRT1,3
FMOD,3
FOXCUT,3
FOXO1B,3
FRZB,3
FUT3,3
G6PC3,3
GAGE10,3
GALNT18,3
GAPDHS,3
GATA3-AS1,3
GATM,3
GCC1,3
GIGYF1,3
GIMAP8,3
GJB3,3
GJD4,3
GLP2R,3
GLRA4,3
GLT6D1,3
GMFG,3
GNB2,3
GNG11,3
GP6,3
GPM6B,3
GPR143,3
GPR35,3
GPR4,3
GPR45,3
GPS1,3
GRB10,3
GRK6P1,3
GS1-124K5.9,3
GUCA2B,3
GUCY1B3,3
GUSBP11,3
H19_3,3
HCG25,3
HCG4P5,3
HDDC2,3
HDHD1P2,3
HECTD4,3
HIPK1,3
HIST1H2APS2,3
HLA-A,3
HLA-DRB1,3
HMGA1P8,3
HN1L,3
HNF1A,3
HOMER3,3
HOTAIRM1_3,3
HOTAIRM1_4,3
HOTAIRM1_5,3
HOTTIP_3,3
HOXD1,3
HPCA,3
HSD17B14,3
HSD52,3
HTR1E,3
HTR7,3
ICA1,3
IDO2,3
IFITM10,3
IGFN1,3
IL10,3
IL11RA,3
IL17RA,3
IL34,3
ILF3,3
IMMP2L,3
IMPA1P,3
INHBE,3
IPCEF1,3
IQCC,3
ISM1,3
ITGAX,3
IYD,3
JADE1,3
JAKMIP2,3
KB-1572G7.2,3
KCNAB2,3
KCNK15,3
KCNK4,3
KCNK5,3
KCNMB3,3
KCNN1,3
KHDRBS2,3
KIAA1161,3
KIF12,3
KIF25,3
KLC4,3
KLHL3,3
KLK12,3
KMT2B,3
KRBOX4,3
KRTAP11-1,3
KY,3
LA16c-306E5.3,3
LA16c-325D7.1,3
LA16c-380A1.2,3
LA16c-390E6.5,3
LAIR2,3
LARGE,3
LBX2,3
LCE2B,3
LCE3D,3
LGALS3BP,3
LGALS4,3
LGI1,3
LIN28A,3
LINC00205,3
LINC00298,3
LINC00460,3
LINC00485,3
LINC00543,3
LINC00593,3
LINC00606,3
LINC00612,3
LINC00634,3
LINC01124,3
LINC01168,3
LINC01230,3
LINC01415,3
LINC01550,3
LINC01579,3
LKAAEAR1,3
LL22NC03-63E9.3,3
LMO4,3
LMTK3,3
LNX1-AS1,3
LOC440461,3
LONRF3,3
LOXL1-AS1,3
LRP8,3
LRRC49,3
LRRC8A,3
LRRFIP1P1,3
LSM4,3
LTB4R,3
LY75,3
LY75-CD302,3
MAP1A,3
MAP3K13,3
MAPK15,3
MAPKAPK2,3
MAPT-AS1,3
4-Mar,3
MATN1,3
MATN1-AS1,3
MATR3,3
MAZ,3
MBNL1-AS1,3
MCAM,3
MECP2,3
MED16,3
MEGF8,3
MFAP3,3
MGC45922,3
MIA-RAB4B,3
MICA,3
MICE,3
MIEF1,3
MIR1234,3
MIR153-2,3
MIR184,3
MIR196A1,3
MIR3150A,3
MIR3195,3
MIR31HG,3
MIR346,3
MIR4761,3
MIR515-1,3
MIR525,3
MIR575,3
MIR6873,3
MIXL1,3
MKRN3,3
MLXIPL,3
MOB2,3
MOCS1,3
MON1A,3
MORN4,3
MROH7-TTC4,3
MSRA,3
MTFR1L,3
MTMR9LP,3
MVB12B,3
MYBL2,3
MYBPC3,3
MYDGF,3
MYH3,3
MYLK-AS1,3
NAPA,3
NARS,3
NAT16,3
NCCRP1,3
NCR1,3
NDEL1,3
NKD2,3
NKX2-2,3
NKX2-2-AS1,3
NOXO1,3
NPEPPS,3
NPFFR2,3
NPPA,3
NRBP2,3
NREP,3
NT5C2,3
NT5E,3
NTRK2,3
NTRK3-AS1,3
NUB1,3
NUMBL,3
OLFML2A,3
OLIG1,3
OR10A3,3
OR10G2,3
OR2C3,3
OR2G3,3
OR2W1,3
OR3A2,3
OR4A15,3
OR4D2,3
OR51S1,3
OTOG,3
OTOP2,3
P2RX3,3
P2RY13,3
P3H4,3
PACS1,3
PADI1,3
PANX1,3
PARD6G-AS1,3
PARVB,3
PASD1,3
PBXIP1,3
PCDH8P1,3
PCDHA14,3
PCDHB10,3
PCDHB13,3
PCLO,3
PDE1B,3
PDE7B,3
PDGFD,3
PDHX,3
PDIA5,3
PDIA6,3
PEAR1,3
PFKFB2,3
PGAP3,3
PGM5P3-AS1,3
PHOSPHO1,3
PI4K2B,3
PIFO,3
PIGG,3
PIGR,3
PIK3C2B,3
PLA2G5,3
PLBD2,3
PLEKHA4,3
PLEKHM3,3
PLP2,3
PLSCR4,3
PLXNB3,3
PNCK,3
POLA2,3
POLRMT,3
PPP1R10,3
PPP1R12C,3
PPP1R16A,3
PPP1R3G,3
PQLC2L,3
PRAMEF12,3
PRICKLE3,3
PROP1,3
PRR16,3
PRSS42,3
PSMG3,3
PSPN,3
PTBP1,3
PTDSS1,3
PTGDR2,3
PTGES3P2,3
PTPN22,3
PTRH1,3
PTRH2,3
PUSL1,3
PWAR5,3
QPCT,3
RAB11B,3
RAB11FIP5,3
RAB22A,3
RAD52,3
RAD9A,3
RARRES2,3
RASSF8-AS1,3
RBP4,3
RELL2,3
RET,3
RGMB,3
RGS9BP,3
RIPPLY3,3
RNA5SP77,3
RNF133,3
RNF135,3
RP11-1016B18.1,3
RP11-1090M7.3,3
RP11-1124B17.1,3
RP11-113D6.10,3
RP11-1166P10.7,3
RP11-118M12.1,3
RP11-127I20.5,3
RP11-129I19.2,3
RP11-131H24.4,3
RP11-13K12.1,3
RP11-141E13.1,3
RP11-143A12.3,3
RP11-143J24.1,3
RP11-146E13.8,3
RP11-14K3.2,3
RP11-189E14.4,3
RP11-219G17.4,3
RP11-23J9.4,3
RP11-243M5.5,3
RP11-244B22.5,3
RP11-258F22.1,3
RP11-286E11.1,3
RP11-296E7.1,3
RP11-2C7.1,3
RP11-305F18.1,3
RP11-320N21.1,3
RP11-320N21.2,3
RP11-325N19.3,3
RP11-340I6.3,3
RP11-344P13.6,3
RP11-358H18.2,3
RP11-358H18.3,3
RP11-361L15.4,3
RP11-363N22.3,3
RP11-379F12.3,3
RP11-37C7.1,3
RP11-388K12.1,3
RP11-38J22.3,3
RP11-394B2.1,3
RP11-397A16.1,3
RP11-402F9.3,3
RP11-403I13.5,3
RP11-403P17.4,3
RP11-405F3.4,3
RP11-407N17.3,3
RP11-420K14.2,3
RP11-434E6.2,3
RP11-436H11.5,3
RP11-44N12.5,3
RP11-462G12.2,3
RP11-467K18.2,3
RP11-467N20.7,3
RP11-488I20.4,3
RP11-495P10.4,3
RP11-503G7.1,3
RP11-507B12.2,3
RP11-507M3.1,3
RP11-511B23.2,3
RP11-520P18.5,3
RP11-53M11.3,3
RP11-545G3.2,3
RP11-559N14.5,3
RP11-563K23.1,3
RP11-565P22.6,3
RP11-571L19.7,3
RP11-575F12.2,3
RP11-580I16.2,3
RP11-586D19.1,3
RP11-589P10.5,3
RP11-616M22.1,3
RP11-61A14.1,3
RP11-621H8.2,3
RP11-62H7.2,3
RP11-666A8.9,3
RP11-66B24.4,3
RP11-677M14.3,3
RP11-680B3.2,3
RP11-685B14.3,3
RP11-706C16.5,3
RP11-726G23.11,3
RP11-735A19.2,3
RP11-73B2.6,3
RP11-73B2.7,3
RP11-756A22.7,3
RP11-759A24.3,3
RP11-760D2.11,3
RP11-76C10.2,3
RP11-78O7.3,3
RP11-844P9.2,3
RP11-848P1.2,3
RP11-989E6.1,3
RP1-269M15.3,3
RP1-309F20.3,3
RP13-143G15.4,3
RP13-279N23.2,3
RP13-43E11.1,3
RP13-516M14.1,3
RP13-516M14.4,3
RP13-554M15.7,3
RP13-895J2.2,3
RP13-895J2.8,3
RP3-395M20.2,3
RP3-510D11.1,3
RP4-569M23.5,3
RP4-584D14.7,3
RP4-622L5.7,3
RP4-668J24.2,3
RP4-758J18.7,3
RP5-1024C24.1,3
RP5-1086L22.1,3
RP6-65G23.3,3
RTBDN,3
RTP3,3
S100A3,3
SAMD4A,3
SAPCD2P2,3
SAPCD2P4,3
SARS,3
SCML4,3
SCN4A,3
SDPR,3
SELV,3
SEMA4G,3
10-Sep,3
SERINC2,3
SERPINA12,3
SERPINE1,3
SERPINF2,3
SESN3,3
SETD8,3
SF1,3
SH2D7,3
SHISA4,3
SHISA9,3
SHROOM2,3
SIGLEC10,3
SIGLEC9,3
SKIDA1,3
SLC12A9,3
SLC16A11,3
SLC19A2,3
SLC1A3,3
SLC25A34,3
SLC26A11,3
SLC34A3,3
SLC35C1,3
SLC35E2B,3
SLC37A2,3
SLC44A3,3
SLFNL1,3
SLFNL1-AS1,3
SMARCA1,3
SMIM5,3
SMIM6,3
SMO,3
SMPX,3
SNAI3,3
SNAI3-AS1,3
SNAP47,3
SNAPC2,3
SNCB,3
SNORA63,3
SNORD115-19,3
SNORD115-2,3
SNORD115-23,3
SNORD115-28,3
SNORD115-41,3
SNORD115-6,3
SNORD116-15,3
SNORD116-19,3
SNORD116-4,3
SNORD116-8,3
SNORD116-9,3
SNORD12,3
SNRK,3
SNX27,3
SOHLH2,3
SOWAHC,3
SPAG16,3
SPATS2,3
SPATS2L,3
SPDYE4,3
SPHK2,3
SPIN2A,3
SPRR2D,3
SRGN,3
SSTR3,3
ST6GALNAC2,3
STARD4-AS1,3
STAT4,3
STMN3,3
SYN1,3
TADA2B,3
TAF7,3
TAGLN3,3
TANGO6,3
TCEB3B,3
TCF15,3
TDRP,3
TECPR2,3
TEKT4,3
TEN1-CDK3,3
TEX14,3
TGFB2-AS1,3
TGIF1,3
TGM6,3
THAP11,3
THAP4,3
THEMIS2,3
TLDC1,3
TLDC2,3
TLR7,3
TMC3,3
TMEM110-MUSTN1,3
TMEM176A,3
TMEM176B,3
TMEM213,3
TMEM258,3
TMEM30B,3
TMEM63B,3
TMEM72-AS1,3
TMEM86A,3
TMEM8A,3
TMEM95,3
TMPRSS9,3
TNFAIP8L1,3
TNN,3
TONSL,3
TP53INP2,3
TPBGL,3
TPST1,3
TPT1,3
TPTE2P1,3
TRANK1,3
TRAPPC5,3
TRIM39,3
TRIM61,3
TRIM77,3
TRI-TAT2-2,3
TRO,3
TRPA1,3
TRPC4,3
TRPV3,3
TSKS,3
TSPAN10,3
TSPAN8,3
TSPYL4,3
TSPYL5,3
TTC38,3
TVP23A,3
TVP23C,3
TXK,3
U2AF2,3
UBTD2,3
UCN2,3
ULK4,3
UNC93B3,3
URGCP,3
URGCP-MRPS24,3
USH1G,3
USP31,3
UTS2B,3
VANGL2,3
VAV1,3
VIP,3
VN1R28P,3
VPS25,3
VPS72,3
VSIG8,3
WDR27,3
WNT4,3
WNT9B,3
XAB2,3
XXbac-BPG248L24.12,3
XXbac-BPG258E24.10,3
Z95704.3,3
ZC3H18,3
ZDHHC11,3
ZDHHC11B,3
ZDHHC22,3
ZFX,3
ZIK1,3
ZIM2-AS1,3
ZMYND8,3
ZNF19,3
ZNF219,3
ZNF248,3
ZNF282,3
ZNF295-AS1,3
ZNF444,3
ZNF503-AS1,3
ZNF513,3
ZNF521,3
ZNF534,3
ZNF555,3
ZNF728,3
ZNF788,3
ZSCAN25,3
