Genes,Freq
RP11-522B15.3,20
TBX4,17
ZIC4,17
FOXG1,13
PPT2,13
PPT2-EGFL8,13
CMTM2,11
CTD-3032H12.2,11
RP11-262A16.1,11
BAIAP2,10
ORAOV1,10
TBX2-AS1,10
C2,9
HOXD3,9
MCIDAS,9
OSR1,9
SLC16A3,9
SPEG,9
TBX2,9
ZBTB12,9
AKR7L,8
ANO1,8
C14orf39,8
ERBB2,8
MARVELD2,8
METAP1D,8
NKX6-2,8
PITX1,8
PRSS22,8
RP11-434E6.4,8
AC009133.17,7
AC009336.19,7
ALX3,7
C16orf54,7
CTD-3032H12.1,7
GRIK2,7
IRF6,7
MED12L,7
MEIS1,7
NDUFAF6,7
P2RX1,7
RASA3,7
REC8,7
RP11-60A8.1,7
RP11-738B7.1,7
RP11-89K21.1,7
RP4-665J23.1,7
RUSC1,7
RUSC1-AS1,7
STRIP1,7
TBX15,7
WNK4,7
ARHGEF4,6
ARID1B,6
ASB16,6
BHLHE40,6
BNC1,6
BZRAP1,6
C5orf66,6
CACNA2D4,6
CEP170B,6
CLEC14A,6
CTC-359M8.1,6
DMGDH,6
FLJ12825,6
GP1BB,6
GTF2H4,6
HCG9,6
IL17REL,6
INPP5D,6
KCNK9,6
KDM4B,6
LA16c-325D7.1,6
LFNG,6
LGI4,6
LIMD2,6
LINC01558,6
LRRC27,6
MEIS1-AS2,6
MMRN2,6
MT1A,6
MYO10,6
NPR3,6
PFDN6,6
PLXNB1,6
PTPRS,6
PXDN,6
RGL2,6
RNF39,6
RP11-164H13.1,6
RP11-382A20.4,6
RP1-178F15.5,6
RP3-431P23.5,6
RUVBL1-AS1,6
S100A1,6
S100A13,6
SDK1,6
5-Sep,6
SEZ6L2,6
SLA2,6
SOD3,6
SYTL3,6
TCL1A,6
TENM4,6
TMC8,6
TNFRSF25,6
TRABD2B,6
VARS2,6
ZBED9,6
AC009487.5,5
ACSF3,5
ADPRHL1,5
AP2A2,5
AQPEP,5
ARFGAP1,5
B4GALNT1,5
BANK1,5
BARHL2,5
BHMT,5
BPIFB1,5
C1QL4,5
CA5A,5
CCND1,5
CCNG2,5
CD1E,5
CDX1,5
CHRD,5
CRIP2,5
CTB-179K24.3,5
CTD-2527I21.4,5
CTD-2535L24.2,5
ESRRG,5
FGR,5
FLI1,5
FOXG1-AS1,5
FXYD1,5
FYN,5
GALNT6,5
GAS8,5
HHEX,5
LAD1,5
LCK,5
LHX9,5
LLfos-48D6.2,5
LMO7,5
LSM2,5
MOB3A,5
MYF5,5
NAV1,5
NFATC1,5
OBSCN,5
OSBPL10,5
PATL2,5
PLXNA1,5
PPFIA4,5
PPP1R13L,5
PPP1R16B,5
PTPRG,5
RERE,5
RNF219-AS1,5
RNU2-37P,5
RP11-13J10.1,5
RP11-26L20.3,5
RP11-29G8.3,5
RP11-637O19.3,5
RP3-468B3.2,5
RP4-728D4.2,5
SH3PXD2A,5
SLC4A10,5
SORT1,5
TFAP2E,5
TNKS1BP1,5
VWA5B1,5
XXYLT1,5
ZSCAN12P1,5
AC004687.1,4
AC009264.1,4
AC016683.5,4
AC016757.3,4
AC096574.4,4
AC108142.1,4
ACKR1,4
ADARB2,4
AFF3,4
ANKMY1,4
ANO7P1,4
ARSG,4
ASAP2,4
ATP8A2,4
C10orf90,4
C17orf62,4
C1orf87,4
CACHD1,4
CADM3-AS1,4
CALCB,4
CCDC85C,4
CD8A,4
CFAP44,4
CHD3,4
CHRNE,4
CLCN7,4
CLDN10,4
CNKSR1,4
CSNK1D,4
CTD-2135J3.4,4
CTD-2337A12.1,4
CTTN,4
DBNDD1,4
DDAH2,4
DLGAP2,4
DLGAP3,4
DNASE1L2,4
DRD4,4
DST,4
EP400,4
ETS1,4
F2R,4
FAM118A,4
FAM63A,4
FBXL21,4
FCHO1,4
FCRL1,4
FNBP1,4
FOXL2NB,4
FRMD4A,4
FXYD7,4
GDNF,4
GLTSCR1L,4
GP9,4
GSTM5,4
HOXA10-HOXA9,4
HOXA9,4
HOXC13-AS,4
HOXD12,4
HOXD-AS2,4
HSF4,4
IL20RA,4
JMJD7-PLA2G4B,4
KCNK17,4
KIAA1211L,4
KLB,4
KRT86,4
LBX1-AS1,4
LECT2,4
LHX8,4
LIMCH1,4
LPP-AS2,4
MAL2,4
MAP4K4,4
MYF6,4
MYO5C,4
NEBL,4
NEFM,4
NFIA,4
NKAIN1,4
NR4A2,4
NXPH1,4
OSBPL5,4
P2RX5-TAX1BP3,4
PCDHA11,4
PDLIM2,4
PNPLA7,4
POU2AF1,4
PPFIA1,4
PTN,4
RARA,4
RFESD,4
RP11-1260E13.2,4
RP11-304L19.12,4
RP11-332H18.5,4
RP11-360L9.4,4
RP11-51F16.1,4
RP11-532F12.5,4
RP11-572N21.1,4
RP11-627G18.2,4
RP11-649A16.1,4
RP1-290I10.3,4
RP5-1029K10.2,4
RP5-1171I10.5,4
S100A16,4
8-Sep,4
Six3os1_2,4
SLC17A3,4
SLC4A8,4
SLC52A3,4
SNCG,4
SP9,4
SPECC1,4
SPINT1,4
STK24,4
SYBU,4
SYTL1,4
TBR1,4
TBX1,4
TOM1L1,4
TRIO,4
TXNRD1,4
UHRF1,4
UXS1,4
WIPI2,4
ZNF860,4
ABHD10,3
ABLIM2,3
AC002454.1,3
AC003986.5,3
AC007009.1,3
AC007128.1,3
AC007796.1,3
AC009487.4,3
AC018890.6,3
AC037459.4,3
AC067959.1,3
AC093323.1,3
AC147651.4,3
ACACA,3
ACOT7,3
ADSSL1,3
AL662797.1,3
AP5Z1,3
APCS,3
APP,3
ARAP1,3
ARHGAP12,3
ARHGAP40,3
ARHGAP6,3
ARHGAP8,3
ARHGDIB,3
ARHGEF16,3
ARHGEF3,3
ATAD3C,3
ATP10B,3
BCAN,3
BMP7,3
C10orf95,3
C11orf52,3
C17orf107,3
C1orf228,3
CACNA2D2,3
CAPN13,3
CASS4,3
CBX4,3
CCDC78,3
CCDC80,3
CCT3,3
CD1C,3
CDC42BPG,3
CDHR5,3
CHMP1B,3
CHRM2,3
CLGN,3
COL18A1,3
COL2A1,3
CTBP2,3
CTC-432M15.3,3
CTD-2135J3.3,3
CTD-2555A7.3,3
CXCR5,3
CYFIP1,3
CYP2S1,3
CYP51A1-AS1,3
CYTH2,3
DAB1,3
DDAH1,3
DENND1C,3
DLX2-AS1,3
DNAH1,3
DNAJC6,3
ENOX1,3
EPCAM,3
EPHB1,3
EPS8L1,3
EPS8L3,3
EPSTI1,3
EVPL,3
FAM167A,3
FCRL2,3
FDPS,3
FGF8,3
FLJ38122,3
FOXD3-AS1,3
FOXI2,3
FOXN3,3
FUT2,3
GAREML,3
GEMIN7,3
GFOD1,3
GHRL,3
GLI3,3
GMDS,3
GNAL,3
GNAS,3
GP5,3
GRK6,3
GRM5,3
GS1-72M22.1,3
GUCA1A,3
HAGHL,3
HIST1H2APS2,3
HLA-DPB2,3
HLX,3
HLX-AS1,3
HMCN1,3
HOXA11,3
HOXA11-AS,3
HOXA11-AS1_1,3
HOXA11-AS1_2,3
HOXA11-AS1_3,3
HOXA11-AS1_4,3
HSD3B7,3
ICA1,3
IL27,3
INA,3
INPP5J,3
IQCE,3
IRF2BPL,3
IRX6,3
ITGB2,3
ITGB5,3
JAK3,3
JAKMIP3,3
KAT6B,3
KCNA3,3
KCNQ1DN,3
KCNQ2,3
KDM2B,3
KIAA1244,3
KIAA1671,3
KIF12,3
KRT87P,3
LAPTM5,3
LCE3C,3
LINC00324,3
LINC01057,3
LINC01565,3
LMX1A,3
LRRD1,3
LTA,3
LTK,3
LYPD6B,3
MAP1LC3B2,3
MAP3K5,3
3-Mar,3
MBNL1,3
MEG3_1,3
MGST2,3
MIR137HG,3
MIR2682,3
MIR3150A,3
MIRLET7BHG,3
MKL1,3
MKX,3
MLF2,3
MSI2,3
MTA3,3
MYH14,3
MYO15B,3
MYO16,3
NDUFA4L2,3
NEDD1,3
NEURL1B,3
NKX3-2,3
NTF3,3
OPA3,3
OR1A2,3
PAX8,3
PCDHA12,3
PCDHA13,3
PDE4D,3
PDP1,3
PEAK1,3
PFKP,3
PGAP3,3
PIK3CD-AS1,3
PIP4K2C,3
PIP5K1C,3
PLA2G4B,3
PLAT,3
PLCH1,3
PLCH2,3
PPAP2C,3
PPAPDC2,3
PPP1R26P1,3
PPP1R37,3
PPP2R2B,3
PRSS30P,3
PSORS1C1,3
PTGFRN,3
PTMS,3
PVT1,3
RBFOX1,3
RD3,3
RHBG,3
RIMBP2,3
RNF128,3
RNF222,3
RP11-1028N23.4,3
RP11-108K3.1,3
RP11-121M22.1,3
RP11-123K19.1,3
RP11-131L23.1,3
RP11-141M1.3,3
RP11-168L7.3,3
RP11-200A1.1,3
RP11-244F12.1,3
RP11-264L1.4,3
RP11-288A5.2,3
RP11-320N21.1,3
RP11-320N21.2,3
RP11-330H6.5,3
RP11-347C18.3,3
RP11-37L2.1,3
RP11-387A1.5,3
RP11-432J24.5,3
RP11-434E6.2,3
RP11-449H3.3,3
RP11-449P15.1,3
RP11-459E5.1,3
RP11-473M20.5,3
RP11-47I22.4,3
RP11-510C10.2,3
RP11-624L4.1,3
RP11-637O19.2,3
RP1-168P16.2,3
RP11-700H6.1,3
RP11-718O11.1,3
RP11-770J1.3,3
RP11-849I19.1,3
RP11-945C19.4,3
RP11-9G1.3,3
RP1-202O8.2,3
RP1-228P16.3,3
RP4-665J23.2,3
RP4-735C1.4,3
RP5-1029K10.4,3
RP5-1096D14.3,3
RP5-894D12.5,3
RPARP-AS1,3
RTN1,3
RYBP,3
S100P,3
SALRNA1,3
SATB2,3
SATB2-AS1,3
SCARF2,3
SCOC,3
SCT,3
SEMA3G,3
SEMA7A,3
SERPINA5,3
SIT1,3
SIX6,3
SLC12A5,3
SLC12A7,3
SLC22A23,3
SLC26A10,3
SLC35B3,3
SLC6A19,3
SLITRK1,3
SNX20,3
SOGA1,3
SP5,3
SPATA18,3
SPATA33,3
SPATA6L,3
SSBP4,3
SSUH2,3
ST14,3
ST7-AS1,3
ST7-AS1_2,3
STON2,3
SYNPO,3
TAPBPL,3
TCTEX1D1,3
TFF3,3
THRB-AS1,3
TLR9,3
TMEM200C,3
TMEM30B,3
TMEM63A,3
TMEM63C,3
TNFAIP8L3,3
TNFRSF10D,3
TRABD,3
TRAF1,3
TRIM26,3
TTBK1,3
TTC36,3
UBE2H,3
UCN3,3
USP10,3
VWF,3
WIPF1,3
WNT6,3
WSCD2,3
XDH,3
ZDBF2,3
ZFP42,3
ZNF205,3
ZNF205-AS1,3
ZNF385D,3
ZSCAN18,3
