Genes,Freq
HOXC6,11
RP11-834C11.12,11
PSMB9,10
NAV2,9
PPT2-EGFL8,8
TAP1,8
TMC6,8
BZRAP1-AS1,7
ELF3,7
PPT2,7
PRRT1,7
RP11-465N4.4,7
RP11-510N19.5,7
TMC8,7
C11orf21,6
CHI3L2,6
PSMB8,6
PSMB8-AS1,6
TBX2-AS1,6
XXbac-BPG181M17.5,6
CREB5,5
FERMT3,5
NLRC3,5
NR2F1-AS1,5
RP11-517H2.6,5
RP11-522B15.3,5
SLA2,5
SLC22A18,5
SLC22A18AS,5
TBCD,5
TBX2,5
ACOT7,4
AGAP1,4
ANKRD11,4
CASS4,4
CDC42BPG,4
CLEC14A,4
FLJ12825,4
GREB1,4
HLA-C,4
HLA-E,4
IRX6,4
MAML3,4
MIR205HG,4
PARD3,4
PPP1R18,4
PRR26,4
RP11-26L20.3,4
SCNN1A,4
SRCIN1,4
TMCC1,4
ZFPM1,4
AC004687.1,3
AC009133.17,3
AC009133.22,3
AC016683.5,3
ANKS1B,3
APOA1-AS,3
ATAD3C,3
BNC1,3
BZRAP1,3
C16orf54,3
CA5A,3
CAPN13,3
CMYA5,3
CTD-2535L24.2,3
EPS8L2,3
FBRSL1,3
FUCA1,3
HELZ2,3
HLA-B,3
HLA-DMA,3
HLA-DMB,3
HOXC4,3
HOXC9,3
HOXC-AS2,3
IGSF9,3
IL12RB1,3
IL16,3
INPP5D,3
IQCJ-SCHIP1,3
ITGB6,3
LCK,3
LMO7,3
LPP,3
LRP5,3
LRRC27,3
LSM2,3
LTBR,3
MEST,3
MESTIT1,3
MUM1,3
OSBPL10,3
PAOX,3
PIK3CG,3
PLCH1,3
PRKAG2,3
PRR5L,3
PSD4,3
PTPN7,3
RIMBP2,3
RP11-121M22.1,3
RP11-168L7.3,3
RP11-29G8.3,3
RP11-382A20.4,3
RP11-662M24.2,3
RP5-1096D14.3,3
RP5-1171I10.5,3
RUVBL1-AS1,3
SCHIP1,3
SKI,3
SOD3,3
SPECC1,3
SPN,3
SPNS3,3
SRC,3
SSBP3,3
TBX4,3
TNFAIP8,3
VAMP5,3
VOPP1,3
ZAP70,3
ZNF860,3
