Genes,Freq
ACSS3,20
INTS12,15
RAB11A,14
GSTCD,13
CTD-2006M22.2,12
ONECUT2,12
PHTF2,12
CYR61,11
NFE2L2,11
RAB1B,11
SYT5,11
TMEM60,11
ADCY8,10
ADIRF,10
ADIRF-AS1,10
CHRM2,10
GPR123-AS1,10
HYAL3,10
KLC2,10
AC005775.2,9
AP000253.1,9
C10orf32-ASMT,9
C17orf61-PLSCR3,9
C18orf42,9
CALM3,9
CCDC92,9
CEP57,9
CYB5R3,9
FAM76B,9
L1CAM,9
NMD3,9
NRP1,9
NUSAP1,9
OIP5,9
PAX1,9
PLCXD2,9
RAB32,9
RP11-307C12.13,9
RP11-710C12.1,9
SOD1,9
SUOX,9
TMEM51-AS1,9
ACP2,8
AGPAT4,8
AGTRAP,8
CFAP20,8
COMMD6,8
CRABP2,8
CTD-2006C1.10,8
CTD-2006C1.2,8
DNAJB11,8
DUSP11,8
ECEL1P2,8
EPS15L1,8
ERLIN2,8
GALNT5,8
GATA6,8
GPBP1L1,8
HMGB2,8
LBHD1,8
LBX1,8
LSM7,8
LYRM2,8
MMP14,8
MOV10,8
MYO15A,8
PELI2,8
PRICKLE4,8
RASAL3,8
RP11-849I19.1,8
RP5-1148A21.3,8
SPESP1,8
TBC1D23,8
TEF,8
TRAPPC6A,8
TXNL4B,8
ZNF135,8
ZNF69,8
ZNF793,8
ZNF793-AS1,8
AAGAB,7
AC006160.5,7
AC011551.3,7
ARHGEF11,7
ATP8B2,7
BLZF1,7
C18orf25,7
C19orf48,7
CARKD,7
CEP55,7
CPE,7
CPOX,7
CTC-1337H24.4,7
CTD-2368P22.1,7
CTNS,7
CYB561A3,7
DARS,7
DDX50,7
DGCR6,7
DHX38,7
FOS,7
GLT8D1,7
HELT,7
HMX3,7
HSD17B4,7
HZGJ,7
IMPG1,7
LIN54,7
LINC00271,7
MFN2,7
MLLT10,7
MSC,7
NARS2,7
NAT6,7
NDUFA6-AS1,7
NEK9,7
NME7,7
NUDT22,7
PIGL,7
PPAP2A,7
PSMF1,7
RNF145,7
RNF215,7
ROCK1,7
RP11-715G15.1,7
RP11-867G23.2,7
RPA2,7
RRAGC,7
SEMA3A,7
SEMA6C,7
SHPK,7
SOX14,7
SPCS1,7
TBCCD1,7
TEX9,7
THAP10,7
TMEM69,7
TRHDE-AS1,7
UBE2D3,7
ZNF433,7
ZNF503,7
ZNF791,7
AC004053.1,6
AC062017.1,6
AC079305.10,6
ACAT2,6
ADI1,6
AF146191.4,6
AHI1,6
AKAP3,6
ALKBH5,6
ANLN,6
AP1G1,6
AS3MT,6
ASB10,6
B3GALT5-AS1,6
BOK-AS1,6
C15orf56,6
C4orf48,6
C5orf30,6
C5orf38,6
CBX1,6
CCDC122,6
CEP290,6
CFAP70,6
CMBL,6
CTB-118N6.2,6
CTB-55O6.8,6
CTC-429P9.4,6
CTD-2588J6.2,6
CYP26A1,6
DENND4A,6
DHX9,6
DNAJC4,6
DNAJC9-AS1,6
DUS3L,6
EFHD2,6
EIF1B,6
EIF4E3,6
EMC9,6
EPHA7,6
ERCC6,6
ERGIC3,6
FAF1,6
FAM156A,6
FAM98C,6
FANCF,6
FIRRE,6
FZD8,6
GATA6-AS1,6
GPR3,6
GRAP2,6
HERPUD2,6
HEXIM1,6
HILPDA,6
HIST1H3H,6
HLA-DPB2,6
ICA1L,6
ICMT,6
IFT46,6
IGHG4,6
IMP3,6
INPPL1,6
IQCD,6
JAK2,6
JUN,6
KCNV1,6
KCTD20,6
LA16c-358B7.4,6
LACC1,6
LCMT1-AS1,6
LINC00339,6
LINC01126,6
LRRC63,6
MADCAM1,6
MAGEH1,6
MAPK1IP1L,6
MAPKAPK3,6
MCMBP,6
MED28,6
MIR1199,6
MIR762HG,6
MMAB,6
MVB12A,6
NCOR1,6
NDUFA6,6
NHLRC3,6
NRBF2,6
NUFIP2,6
OSER1-AS1,6
PANK3,6
PCDHB2,6
PDCD11,6
PEF1,6
PRDM7,6
PRDX6,6
PROSER1,6
PTOV1,6
PTTG1,6
RAB3D,6
RAC1,6
RBAK-RBAKDN,6
REEP4,6
RP11-155G14.6,6
RP11-284H19.1,6
RP11-379H18.1,6
RP11-410D17.2,6
RP11-500M8.7,6
RP11-580I16.2,6
RP11-603J24.5,6
RP11-73M7.6,6
RP11-73M7.9,6
RP11-783K16.14,6
RP1-224A6.3,6
RP4-583P15.15,6
RP4-621N11.2,6
RPGRIP1L,6
RSPO2,6
SCP2,6
SCRT1,6
SDR42E2,6
SEC23A,6
SERPINF1,6
SFXN4,6
SGOL1-AS1,6
SH3GL3,6
SLC30A5,6
SLIRP,6
SNAP91,6
STIL,6
SUMO2,6
SUPV3L1,6
SWSAP1,6
SYT10,6
TAF7,6
TCF23,6
TCFL5,6
TINF2,6
TLDC1,6
TMEM168,6
TMOD3,6
TMTC3,6
TNFRSF10D,6
TRIM11,6
USP24,6
USP8,6
WDR13,6
WDR77,6
YTHDF2,6
ZFP2,6
ZMYM1,6
ZNF256,6
ZNF569,6
ZNF570,6
ZNF625-ZNF20,6
ZNF696,6
ZNF701,6
AADAT,5
ABRA,5
AC002467.7,5
AC004967.7,5
AC010642.1,5
AC073934.6,5
AC092171.2,5
AC097381.1,5
AC135048.13,5
ACAA2,5
ACCS,5
ADAM29,5
AGBL5,5
AGFG1,5
AGPAT9,5
AL512506.1,5
AL928742.12,5
ALDH1B1,5
AP1S1,5
ARHGEF37,5
ARMCX3,5
ASB16-AS1,5
ATP11AUN,5
ATP5F1,5
BCL2L1,5
BGLAP,5
BX322557.10,5
C17orf59,5
C17orf85,5
C5orf22,5
C6orf165,5
C9orf89,5
CAB39,5
CBLB,5
CBLL1,5
CCDC101,5
CCDC127,5
CCDC170,5
CCDC25,5
CCDC39,5
CCDC39-AS1,5
CCRN4L,5
CD63,5
CDC40,5
CDK13,5
CDK8,5
CDV3,5
CEBPA-AS1,5
CENPV,5
CEP83,5
CERS4,5
CHTF8,5
CLCN3,5
CLDND1,5
CLK4,5
CMTR1,5
CNTN2,5
COA3,5
COA6,5
COQ10A,5
COX14,5
COX7A2L,5
CPNE9,5
CPVL,5
CRHR1-IT1,5
CRISPLD1,5
CSE1L,5
CSTF2,5
CTB-11I22.1,5
CTB-14A14.2,5
CTC-321K16.1,5
CTD-2007H13.3,5
CTD-2162K18.4,5
CTD-2184C24.2,5
CTD-2342J14.6,5
CTD-2521M24.10,5
CYP46A1,5
DACH2,5
DAND5,5
DDX20,5
DDX6,5
DMC1,5
DNAJC13,5
DNALI1,5
DPY19L1,5
EIF1,5
EIF2AK4,5
ENTPD7,5
EOGT,5
EPCAM,5
ERCC6-PGBD3,5
ERLEC1,5
ERVMER34-1,5
EWSR1,5
FAM120A,5
FAM198B,5
FAM200A,5
FAM3D,5
FAM83C-AS1,5
FANCA,5
FANCE,5
FBLN5,5
FBXL12,5
FEN1,5
FIBIN,5
FRMD6-AS1,5
GAPDH,5
GBA,5
GJD2,5
GK2,5
GLA,5
GLRB,5
GLS,5
GLYATL1,5
GOLT1B,5
GORASP2,5
GPR160,5
GRIA2,5
GRPEL1,5
GSX1,5
GTF2H5,5
GUSB,5
GXYLT1,5
HDAC2,5
HDHD2,5
HDX,5
HEATR1,5
HERPUD1,5
HES3,5
HES4,5
HEY2,5
HGSNAT,5
HIST1H3F,5
HMGN4,5
HNRNPH2,5
HSPE1,5
IER5L,5
IFT81,5
IL7,5
INSM2,5
IPO7,5
IQGAP3,5
JAKMIP2,5
KAAG1,5
KATNAL1,5
KB-1125A3.11,5
KBTBD2,5
KIAA0319,5
KIAA0355,5
KIAA1143,5
KLF8,5
KLHL24,5
KPNA5,5
KPNB1,5
L3HYPDH,5
LGR5,5
LINC00926,5
LINC01003,5
LINC01556,5
LLPH,5
LLPH-AS1,5
LRRC71,5
LUZP2,5
MAD2L1BP,5
MAGED1,5
MAGED2,5
MAZ,5
MCCC2,5
MDN1,5
MEX3B,5
MIR1273F,5
MIR143HG,5
MIR1908,5
MIR3912,5
MIR611,5
MOAP1,5
MPHOSPH6,5
MRFAP1L1,5
MRPS17,5
MTERF4,5
NAA15,5
NAA30,5
NADK2,5
NCBP2,5
NDRG3,5
NECAB3,5
NFATC3,5
NFXL1,5
NLRP12,5
NQO1,5
NR2C2AP,5
NSUN7,5
NTAN1,5
NUDT5,5
NYNRIN,5
OCLN,5
OMA1,5
ORAI3,5
OXR1,5
PACS1,5
PAIP2B,5
PCK2,5
PCOLCE2,5
PCSK7,5
PGRMC1,5
PIH1D1,5
PKN2,5
PKN2-AS1,5
PLS3,5
PLS3-AS1,5
POLR3C,5
PPP1R35,5
PPP2R5D,5
PPP3CB,5
PPP3CB-AS1,5
PREX2,5
PRPS1,5
PRSS44,5
PTGES3,5
PTOV1-AS1,5
RAB4A,5
RAB4B,5
RABL2B,5
RAG1,5
RANBP17,5
RAP2B,5
RBM42,5
RECQL,5
RFX6,5
RGP1,5
RILPL2,5
RNF115,5
RNF135,5
RP11-1134I14.2,5
RP11-158I9.8,5
RP11-21L23.3,5
RP11-227H4.5,5
RP11-230B22.1,5
RP11-241G9.3,5
RP11-253M7.1,5
RP11-258F1.1,5
RP11-274J16.5,5
RP11-283G6.3,5
RP11-31L22.3,5
RP11-403P17.5,5
RP11-467D6.1,5
RP11-467P9.1,5
RP11-524O1.4,5
RP11-53M11.5,5
RP11-545M17.1,5
RP11-597D13.9,5
RP11-644F5.11,5
RP11-65F13.3,5
RP11-685G9.2,5
RP11-705C15.2,5
RP11-705C15.4,5
RP11-705C15.5,5
RP11-708J19.1,5
RP1-170O19.24,5
RP11-727F15.12,5
RP11-758P17.3,5
RP11-78O7.3,5
RP11-823E8.3,5
RP11-849N15.1,5
RP11-872D17.4,5
RP11-886H22.1,5
RP1-301L19.1,5
RP13-1032I1.7,5
RP3-467K16.4,5
RP4-569M23.5,5
RP4-605O3.4,5
RP5-1065O2.4,5
RP5-827C21.4,5
RP5-890E16.2,5
RP5-901A4.1,5
RP5-940J5.3,5
RP5-991G20.1,5
RPL23AP82,5
RRP15,5
RTBDN,5
SCD,5
SCN9A,5
SEC61A1,5
SEPP1,5
SERAC1,5
SIAH2,5
SLC12A6,5
SLC25A43,5
SLC35C2,5
SMC1B,5
SNHG22,5
SOCS5,5
SP9,5
SPAG8,5
SPEF2,5
SPTLC2,5
SRBD1,5
SRRT,5
ST8SIA2,5
ST8SIA3,5
STAT2,5
STRADB,5
STX1B,5
SV2C,5
SYCE2,5
THSD7A,5
THUMPD2,5
TM9SF3,5
TMEM147,5
TMEM177,5
TMEM179B,5
TMEM184B,5
TMEM256-PLSCR3,5
TMEM74B,5
TMEM98,5
TNFSF13B,5
TRAK2,5
TSEN2,5
TSR3,5
TTC13,5
TWF2,5
U2SURP,5
UBE2C,5
UGDH,5
UGDH-AS1,5
UHRF1BP1,5
ULK2,5
UQCC3,5
USMG5,5
USO1,5
USP49,5
VAPB,5
VASH2,5
VKORC1L1,5
VSTM5,5
WBP2NL,5
WDR41,5
XKR7,5
XKRX,5
ZBBX,5
ZKSCAN4,5
ZKSCAN5,5
ZMAT5,5
ZNF32-AS3,5
ZNF335,5
ZNF35,5
ZNF454,5
ZNF500,5
ZNF57,5
ZNF575,5
ZNF606,5
ZNF625,5
ZNF649-AS1,5
ZNF703,5
AASDH,4
AC004895.4,4
AC007405.6,4
AC009133.15,4
AC009133.24,4
AC009506.1,4
AC022007.5,4
AC026401.1,4
AC079807.2,4
AC083949.1,4
AC093673.5,4
AC093838.4,4
AC093901.1,4
AC099754.1,4
AC107218.3,4
AC108004.3,4
AC142528.1,4
AC145343.2,4
AC234775.1,4
ACOT9,4
ACTR8,4
ADNP-AS1,4
AEN,4
AK4,4
AL009179.1,4
AL157902.3,4
AL513523.2,4
ANKRD54,4
ANO5,4
AP000442.1,4
AP001625.4,4
AP006216.10,4
AP1M1,4
AP4B1,4
APH1A,4
AQP12B,4
ARF6,4
ARFGAP3,4
ARGLU1,4
ARHGAP36,4
ARL5A,4
ARMCX2,4
ARMCX3-AS1,4
ARPC4,4
ARSD,4
ARV1,4
ASB18,4
ASTE1,4
ATPIF1,4
AUH,4
B3GALNT1,4
B3GALNT2,4
B4GALT3,4
BAD,4
BATF,4
BAZ2B,4
BLOC1S6,4
BMP2K,4
BOLA3,4
BOLA3-AS1,4
BRK1,4
C10orf10,4
C11orf70,4
C11orf84,4
C16orf86,4
C16orf87,4
C17orf97,4
C20orf203,4
C20orf24,4
C2CD4A,4
C2CD4C,4
C6orf141,4
C7orf62,4
C8orf37,4
CA11,4
CAMK1,4
CAPN6,4
CCDC169-SOHLH2,4
CCDC42,4
CCDC53,4
CCDC62,4
CCDC83,4
CCDC85B,4
CCDC86,4
CCNJ,4
CDADC1,4
CDC123,4
CDC25B,4
CDCA7,4
CDK12,4
CDKN2AIP,4
CELSR3-AS1,4
CENPB,4
CENPO,4
CEP192,4
CEP295,4
CEP68,4
CEP83-AS1,4
CHAD,4
CHRM3,4
CIART,4
CLCN4,4
CLDN16,4
CLUHP3,4
CMKLR1,4
COG2,4
COL4A4,4
COMMD5,4
COMTD1,4
COQ7,4
CPN2,4
CREB3L4,4
CRYGA,4
CSNK1G1,4
CTA-38K21.2,4
CTB-54O9.9,4
CTB-58E17.3,4
CTC-543D15.8,4
CTC-559E9.4,4
CTC-559E9.6,4
CTD-2012K14.6,4
CTD-2047H16.4,4
CTD-2134A5.4,4
CTD-2223O18.1,4
CTD-2227E11.1,4
CTD-2228K2.7,4
CTD-2521M24.9,4
CTD-2537I9.12,4
CTD-2537I9.16,4
CTD-2554C21.2,4
CTD-2630F21.1,4
CTD-3051D23.1,4
CTD-3105H18.16,4
CTD-3138B18.4,4
CTD-3214H19.16,4
CTTNBP2NL,4
DCAF7,4
DECR1,4
DEF6,4
DENND6A,4
DHRS7,4
DHTKD1,4
DOC2B,4
DSN1,4
DYNC1LI1,4
E4F1,4
EFHC2,4
EID3,4
EIF2B3,4
EML4,4
EML5,4
ENKD1,4
ERLIN1,4
ERP29,4
ETF1,4
EXOSC10,4
FAM134C,4
FAM167B,4
FAM168B,4
FAM175B,4
FAM178A,4
FAM204A,4
FAM71E1,4
FAM73A,4
FAM76A,4
FBXO11,4
FBXO27,4
FBXO45,4
FBXO48,4
FDPS,4
FDXACB1,4
FGF12-AS2,4
FICD,4
FITM2,4
FKBP7,4
FLJ31356,4
FLVCR1,4
FLVCR1-AS1,4
FOXI3,4
GALR2,4
GAR1,4
GATC,4
GBAS,4
GCDH,4
GGCT,4
GJD4,4
GLG1,4
GLMN,4
GLUL,4
GLYATL2,4
GMPPA,4
GNAI1,4
GNPDA2,4
GPATCH3,4
GPR12,4
GPR149,4
GPR180,4
GPR6,4
GREM2,4
GRINA,4
GSC2,4
GUCD1,4
HDAC10,4
HELB,4
HIRIP3,4
HIST1H2BH,4
HOXD11,4
HSPA9,4
HTR5BP,4
IFNAR1,4
IFRD2,4
IFT20,4
IFT27,4
IGFN1,4
IGHE,4
IL1RAP,4
IL2RG,4
IL36B,4
IL4R,4
IMPA1,4
INTS4,4
INTS6-AS1,4
IPO5,4
IQCF5,4
JMJD6,4
KATNBL1,4
KB-1471A8.1,4
KB-431C1.4,4
KBTBD6,4
KCNK13,4
KIAA0100,4
KIAA1551,4
KIAA1841,4
KIF20B,4
KIF5B,4
KMT2B,4
KRT71,4
LAMTOR5,4
LANCL2,4
LILRB5,4
LIN7C,4
LINC00485,4
LINC00662,4
LINC00674,4
LINC01278,4
LINC01359,4
LINC01521,4
LL22NC03-32F9.1,4
LMF2,4
LRP2,4
LRRC20,4
LRRC46,4
LTV1,4
LUC7L3,4
LYPD6B,4
MANSC1,4
6-Mar,4
MDK,4
MDM1,4
MED11,4
MED12,4
MED26,4
MEFV,4
MERTK,4
METTL18,4
MIA3,4
MICU1,4
MIR2110,4
MIR345,4
MIR382,4
MIR485,4
MIR5090,4
MIR548AL,4
MIR616,4
MIR6721,4
MIR7155,4
MORC2-AS1,4
MPL,4
MPP6,4
MRPL10,4
MRPL12,4
MRTO4,4
MS4A15,4
MSL1,4
MYEOV2,4
MYH3,4
N4BP2,4
NAA20,4
NANOG,4
NAPB,4
NARS,4
NBAS,4
NCAPH2,4
NCR3LG1,4
NDUFA12,4
NDUFA9,4
NDUFB7,4
NFKBIA,4
NKX1-1,4
NME3,4
NOL9,4
NPPC,4
NSL1,4
NSUN2,4
NUBP1,4
NUDT7,4
NUPL1,4
OGFRL1,4
ORC1,4
P3H1,4
PARL,4
PAXBP1,4
PCDHB4,4
PCED1A,4
PCIF1,4
PCNA,4
PCNX,4
PDGFC,4
PDZD4,4
PGM2L1,4
PHF7,4
PIN4,4
PNO1,4
POP5,4
POPDC2,4
PPM1M,4
PPME1,4
PPP6R2P1,4
PPTC7,4
PQLC2L,4
PRKAG2-AS1,4
PRMT2,4
PRPF38A,4
PRRC1,4
PSMD3,4
PSME2,4
PSPC1,4
PTF1A,4
PTPN5,4
PXYLP1,4
PYDC1,4
RASA1,4
RASEF,4
REEP1,4
RESP18,4
RHOQP1,4
RNASEH2B-AS1,4
RNF146,4
RNF219,4
RNF40,4
RNPEPL1,4
RNU1-117P,4
RNU6-1276P,4
RP11-1020M18.10,4
RP11-102N12.3,4
RP11-103J8.1,4
RP11-128A17.1,4
RP11-129J12.1,4
RP11-156P1.2,4
RP11-186B7.7,4
RP11-190C22.9,4
RP11-193F5.1,4
RP11-1E4.1,4
RP11-219B17.3,4
RP11-22C11.2,4
RP1-122P22.2,4
RP1-122P22.4,4
RP11-245P10.4,4
RP11-247A12.8,4
RP11-258F1.2,4
RP11-271M24.2,4
RP11-27N21.3,4
RP11-284M14.1,4
RP11-285G1.14,4
RP11-286B14.1,4
RP11-316O14.1,4
RP11-326C3.11,4
RP11-333E13.4,4
RP11-343C2.11,4
RP11-347I19.8,4
RP11-351I24.1,4
RP11-392O1.4,4
RP11-410L14.2,4
RP11-413B19.2,4
RP11-436D23.1,4
RP11-44M6.7,4
RP11-459F6.3,4
RP11-461O7.1,4
RP11-473M20.16,4
RP11-486M23.1,4
RP11-511H23.2,4
RP11-529G21.2,4
RP11-554E23.4,4
RP11-572N21.1,4
RP11-57H14.2,4
RP11-602N24.3,4
RP11-615I2.2,4
RP11-646I6.5,4
RP11-666O2.2,4
RP11-686O6.2,4
RP11-68I18.10,4
RP11-697E2.6,4
RP11-700A24.1,4
RP11-712L6.5,4
RP11-727A23.10,4
RP11-74J13.8,4
RP11-755B10.3,4
RP11-773H22.4,4
RP11-83M16.6,4
RP11-848P1.2,4
RP11-863K10.7,4
RP11-88E10.5,4
RP11-900F13.3,4
RP11-961A15.3,4
RP11-96C23.15,4
RP11-96O20.5,4
RP1-257I20.14,4
RP13-131K19.2,4
RP3-400B16.1,4
RP3-430A16.1,4
RP3-449O17.1,4
RP3-465N24.6,4
RP4-539M6.19,4
RP4-712E4.1,4
RP4-712E4.2,4
RP5-1009E24.9,4
RP5-1061H20.4,4
RP5-968P14.2,4
RPE,4
RPS4XP16,4
RPSAP31,4
RRAS,4
RRM2B,4
RSPH1,4
RTF1,4
RUVBL2,4
RWDD4,4
S1PR2,4
SAT1,4
SCARNA17,4
SELO,4
SERBP1,4
SF3A2,4
SFT2D2,4
SGCB,4
SGMS2,4
SH3KBP1,4
SHISA7,4
SIDT2,4
SIRT5,4
SLC25A21-AS1,4
SLC25A36,4
SLC25A39,4
SLC27A3,4
SLC35F1,4
SLC36A4,4
SLC4A3,4
SMC3,4
SMIM7,4
SNCA,4
SNHG7,4
SNTA1,4
SPATA24,4
SPEF1,4
SRF,4
STK32A,4
STMN3,4
STRN4,4
STX4,4
SUDS3,4
SULT1C4,4
SULT6B1,4
SURF4,4
TADA2A,4
TADA3,4
TAF13,4
TAGAP,4
TATDN3,4
TBC1D22B,4
TCEA1,4
TCEAL1,4
TCEB1,4
TCEB3-AS1,4
TEX40,4
THEGL,4
THTPA,4
TIPARP,4
TIRAP,4
TM2D2,4
TM7SF2,4
TMA7,4
TMC5,4
TMEM141,4
TMEM213,4
TMEM222,4
TMEM251,4
TMEM256,4
TMEM38A,4
TMEM65,4
TMLHE,4
TMSB15A,4
TOB2,4
TOMM6,4
TPR,4
TPTEP1,4
TRAPPC5,4
TRMT13,4
TRMT5,4
TRPM7,4
TRPT1,4
TSPO,4
TUFM,4
TWISTNB,4
TWSG1,4
TYSND1,4
U52112.12,4
UBE2G1,4
UBL7,4
UBL7-AS1,4
UEVLD,4
UFSP2,4
UQCC1,4
UQCRB,4
USP38,4
UTP14A,4
VAV3-AS1,4
VCL,4
VCPIP1,4
VGLL1,4
VWA9,4
WBSCR16,4
WNT5A-AS1,4
XPO7,4
ZBTB14,4
ZBTB2,4
ZC3H8,4
ZC3HC1,4
ZFAND4,4
ZGPAT,4
ZNF12,4
ZNF131,4
ZNF146,4
ZNF184,4
ZNF235,4
ZNF26,4
ZNF300,4
ZNF30-AS1,4
ZNF337-AS1,4
ZNF414,4
ZNF426,4
ZNF474,4
ZNF521,4
ZNF546,4
ZNF566,4
ZNF589,4
ZNF677,4
ZNF699,4
ZNF79,4
ZNF808,4
AAED1,3
AAMDC,3
AANAT,3
ABALON,3
ABCB7,3
ABCD4,3
ABRACL,3
AC000403.1,3
AC000403.4,3
AC002310.7,3
AC003986.7,3
AC004477.1,3
AC004510.3,3
AC004538.3,3
AC004854.4,3
AC005076.5,3
AC005363.9,3
AC005498.3,3
AC005540.1,3
AC005618.6,3
AC005796.2,3
AC006946.15,3
AC010226.4,3
AC010729.1,3
AC010890.1,3
AC015971.2,3
AC016757.3,3
AC023855.1,3
AC026956.1,3
AC034198.1,3
AC073316.1,3
AC074286.1,3
AC074289.1,3
AC074338.5,3
AC078883.4,3
AC090587.5,3
AC090616.2,3
AC097374.2,3
AC104066.1,3
AC104534.3,3
AC107871.1,3
AC115099.1,3
AC140912.1,3
AC142472.6,3
AC145343.1,3
ACVR2B-AS1,3
ADAMTS20,3
ADH5,3
ADRA2B,3
AF111168.2,3
AF131216.1,3
AGBL5-AS1,3
AGO1,3
AHSA1,3
AJ011932.1,3
AKR1B10,3
AL031777.1,3
AL132709.5,3
AL132709.6,3
AL132709.9,3
AL133410.1,3
ALG13,3
ALKBH1,3
ALKBH2,3
AMOT,3
AMPD1,3
ANAPC11,3
ANGPTL6,3
ANKRD17,3
ANKRD2,3
ANKRD31,3
AP000345.2,3
AP000688.14,3
AP001331.1,3
AP003068.23,3
AP1AR,3
AP2S1,3
APOBEC3B,3
APOC4,3
APOD,3
APTR,3
AQP11,3
ARCN1,3
ARF5,3
ARFGAP2,3
ARFRP1,3
ARHGAP30,3
ARHGEF6,3
ARL1,3
ARL14EP,3
ARL16,3
ARL8A,3
ARPC3,3
ARRDC1-AS1,3
ART1,3
ASRGL1,3
ATCAY,3
ATE1,3
ATE1-AS1,3
ATF4,3
ATG14,3
ATP6V0A2,3
ATP8B1,3
ATXN3,3
AVPR2,3
B3GAT3,3
B3GNT8,3
BAG1,3
BAG4,3
BAIAP2L2,3
BBS5,3
BCKDK,3
BCL7B,3
BEND6,3
BPHL,3
BRWD3,3
C10orf107,3
C10orf25,3
C10orf32,3
C10orf67,3
C11orf1,3
C11orf31,3
C11orf57,3
C11orf98,3
C16orf92,3
C19orf60,3
C19orf70,3
C1orf100,3
C1orf122,3
C1orf194,3
C1orf220,3
C1orf27,3
C1orf50,3
C21orf58,3
C22orf46,3
C2orf16,3
C4orf3,3
C4orf50,3
C6orf1,3
C6orf226,3
C7orf33,3
C7orf73,3
C9orf142,3
CABIN1,3
CALML6,3
CAMK2N2,3
CAPN10-AS1,3
CATSPER2P1,3
CBR1,3
CBX3P2,3
CCDC117,3
CCDC147-AS1,3
CCDC177,3
CCDC42B,3
CCDC63,3
CCDC89,3
CCL27,3
CCNA2,3
CCSER2,3
CD300E,3
CD46,3
CD52,3
CDK20,3
CDK5RAP2,3
CDKN2AIPNL,3
CDS2,3
CECR6,3
CEMP1,3
CEP250,3
CEP76,3
CH17-140K24.5,3
CHAC1,3
CHAMP1,3
CHCHD10,3
CHCHD2P6,3
CHCHD5,3
CHL1-AS2,3
CHMP2B,3
CHMP3,3
CHMP5,3
CHN1,3
CHODL,3
CHORDC1,3
CHRNA1,3
CLCN2,3
CLEC2B,3
CLVS2,3
CMC1,3
CMTM6,3
COMMD1,3
COX11,3
COX15,3
COX6A1,3
CPA2,3
CRIP3,3
CRKL,3
CRP,3
CSTF3,3
CT62,3
CTA-212D2.2,3
CTA-228A9.3,3
CTB-113P19.3,3
CTB-129P6.4,3
CTB-186G2.1,3
CTB-40H15.4,3
CTB-55O6.4,3
CTB-60E11.9,3
CTC-232P5.1,3
CTC-235G5.3,3
CTC-260F20.3,3
CTC-429P9.2,3
CTC-441N14.2,3
CTC-444N24.13,3
CTC-444N24.6,3
CTC-471J1.11,3
CTC-529P8.1,3
CTC-548H10.2,3
CTD-2012K14.7,3
CTD-2024P10.1,3
CTD-2026K11.4,3
CTD-2089N3.1,3
CTD-2116N17.1,3
CTD-2194D22.3,3
CTD-2265O21.3,3
CTD-2265O21.7,3
CTD-2293H3.2,3
CTD-2308G16.1,3
CTD-2311M21.4,3
CTD-2370N5.3,3
CTD-2376I4.2,3
CTD-2515O10.5,3
CTD-2540B15.7,3
CTD-2544H17.2,3
CTD-2650P22.1,3
CTD-2651B20.7,3
CTD-2666L21.1,3
CTD-3105H18.14,3
CTD-3105H18.18,3
CTD-3138B18.5,3
CTSC,3
CUL3,3
CUTC,3
CXCL3,3
CXorf65,3
CXXC1,3
CYB5R4,3
CYB5RL,3
CYP1A2,3
DAP3,3
DCAF12,3
DCTD,3
DCTPP1,3
DDX27,3
DDX28,3
DEPDC1,3
DEPDC1-AS1,3
DEXI,3
DFNB59,3
DGAT2L7P,3
DHRS11,3
DLEU2_6,3
DNAJC14,3
DNAJC21,3
DNASE2,3
DNTTIP1,3
DONSON,3
DPH2,3
DPP3,3
DPP7,3
DR1,3
DRAM1,3
E2F7,3
EARS2,3
ECH1,3
EDEM2,3
EDN1,3
EDRF1,3
EFHC1,3
EID2B,3
EIF3E,3
ENO1-AS1,3
EPB41L4A-AS2,3
EPPIN,3
EPS8L3,3
ERMARD,3
ERP44,3
EXOSC3,3
FAHD2A,3
FAM110C,3
FAM114A2,3
FAM122B,3
FAM135A,3
FAM161A,3
FAM173A,3
FAM212B-AS1,3
FAM214B,3
FAM229B,3
FAM69A,3
FAM90A28P,3
FAM92A1,3
FBXL5,3
FBXO3,3
FBXO38,3
FBXO3-AS1,3
FBXW5,3
FCHO2,3
FCN2,3
FDX1L,3
FER1L6,3
FGD5-AS1,3
FGFR1OP,3
FLJ37035,3
FLRT3,3
FLYWCH2,3
FOXQ1,3
FYB,3
GABBR2,3
GALNT3,3
GALNT8,3
GATM-AS1,3
GBA2,3
GBP4,3
GDA,3
GDNF-AS1,3
GGNBP1,3
GLRA1,3
GLRA3,3
GLRX5,3
GNB4,3
GNLY,3
GOLGA2,3
GOLM1,3
GOSR2,3
GPR135,3
GPR27,3
GPR65,3
GRIPAP1,3
GRSF1,3
GSDMC,3
GSG2,3
GSTM3,3
GSTZ1,3
GTF3C5,3
GUCY1B3,3
GYG2,3
GYS1,3
H2BFWT,3
HBS1L,3
HCG20,3
HCG4,3
HEATR6,3
HECTD1,3
HENMT1,3
HES5,3
HIST1H2AB,3
HIST1H2AM,3
HIST1H2BE,3
HIST1H4A,3
HIST2H2BA,3
HLA-DRB1,3
HLA-V,3
HMCES,3
HPDL,3
HPS6,3
HRASLS,3
HSD52,3
HSPA12A,3
HSPH1,3
HTR2B,3
HYLS1,3
ICE2,3
IFT172,3
IGFBP1,3
IL27RA,3
INCENP,3
INHBE,3
INTS8,3
INVS,3
IPO4,3
IPP,3
IQCF5-AS1,3
ISG20,3
JOSD2,3
KB-1043D8.6,3
KCNA6,3
KCNMB4,3
KCTD21,3
KHK,3
KIAA0196,3
KIAA1919,3
KIF21A,3
KIF3C,3
KIF5A,3
KISS1R,3
KLHL5,3
KRBOX1-AS1,3
KRCC1,3
KRT19P2,3
KRT25,3
KRT74,3
LALBA,3
LAMTOR3,3
LAP3,3
LAPTM4B,3
LCA5,3
LCMT1,3
LDOC1,3
LHB,3
LILRA4,3
LIME1,3
LINC00554,3
LINC00637,3
LINC00652,3
LINC00969,3
LINC01044,3
LINC01058,3
LINC01096,3
LINC01185,3
LINC01344,3
LIX1,3
LMLN,3
LMO7-AS1,3
LPAR6,3
LRRC3-AS1,3
LRRC42,3
LRRIQ1,3
LRRN3,3
LSM1,3
LURAP1L,3
LURAP1L-AS1,3
MAF1,3
MAFG-AS1,3
MAGEE1,3
MAP9,3
MARCKSL1P2,3
MBLAC2,3
MBOAT4,3
MCF2,3
MED14,3
MED14OS,3
MED19,3
MED25,3
MEIS3P1,3
METTL12,3
MIIP,3
MIR1207,3
MIR1286,3
MIR210HG,3
MIR300,3
MIR323B,3
MIR330,3
MIR3652,3
MIR376B,3
MIR381HG,3
MIR4449,3
MIR4500HG,3
MIR4522,3
MIR4638,3
MIR4687,3
MIR4738,3
MIR4784,3
MIR4795,3
MIR492,3
MIR5695,3
MIR584,3
MIR654,3
MIR670,3
MIR670HG,3
MIR6789,3
MIR92B,3
MIR934,3
MIR935,3
MKLN1-AS,3
MMADHC,3
MMGT1,3
MNS1,3
MOSPD1,3
MPV17L,3
MRGPRG,3
MRGPRG-AS1,3
MRPL48,3
MRPL9,3
MRPS15,3
MRPS16,3
MRPS34,3
MS4A8,3
MSMP,3
MTMR9,3
MTX3,3
MUL1,3
MXD1,3
MYADML2,3
MYL1,3
NAA25,3
NANOS2,3
NANP,3
NAPRT,3
NEAT1_1,3
NEK3,3
NFS1,3
NKAP,3
NKIRAS1,3
NKX2-2,3
NLRP14,3
NMB,3
NME4,3
NMT2,3
NOP2,3
NPL,3
NTF4,3
NUDT4,3
NUP62CL,3
NYAP2,3
OAZ3,3
OGFR,3
OGFR-AS1,3
OLIG1,3
OPHN1,3
OR13A1,3
OR4F15,3
OR7E14P,3
OR9Q1,3
ORC3,3
PABPC1L,3
PABPC4,3
PAFAH1B2,3
PAPL,3
PATE1,3
PBX3,3
PCDH8P1,3
PCDHB5,3
PCGF6,3
PDCD10,3
PDCD6IP,3
PDCD7,3
PDIA2,3
PDIA3,3
PDIA4,3
PER3,3
PFN4,3
PHF11,3
PHF5A,3
PHKA1,3
PIAS3,3
PIGC,3
PIH1D2,3
PIH1D3,3
PIM1,3
PIM2,3
PITRM1,3
PLA2G2E,3
PLEKHA3,3
PLP1,3
PM20D2,3
PODXL,3
POLE2,3
POLR1B,3
POLR2I,3
POLR3G,3
PON1,3
POP4,3
PPIB,3
PPID,3
PPP1R14C,3
PPP1R42,3
PPP3R1,3
PPP4C,3
PRKRA,3
PRKRIR,3
PRMT9,3
PROK1,3
PROKR1,3
PROSER2,3
PRR34,3
PRR34-AS1,3
PRRG4,3
PRSS21,3
PRTFDC1,3
PSAPL1,3
PSIP1,3
PTBP2,3
PTPN18,3
PTRHD1,3
PTS,3
RAB21,3
RAB39B,3
RABIF,3
RAD21L1,3
RAD51AP2,3
RAD54L,3
RALGAPA1,3
RAPH1,3
RBAK,3
RBAKDN,3
RBMS3-AS3,3
RC3H2,3
REL,3
RETN,3
RGS2,3
RGS7BP,3
RHBDD1,3
RHOJ,3
RNASEH2C,3
RNF139,3
RNF139-AS1,3
RNF175,3
RNF19B,3
RNF208,3
RNF214,3
RNF216P1,3
RNF24,3
RNF25,3
RNGTT,3
RNU6-826P,3
RP11-1008C21.2,3
RP11-1055B8.1,3
RP11-10K16.1,3
RP11-10L12.4,3
RP11-1105O14.1,3
RP11-111M22.2,3
RP11-1134I14.4,3
RP11-1191J2.2,3
RP11-121L10.2,3
RP11-131L12.2,3
RP11-1398P2.1,3
RP11-13K12.1,3
RP11-152N13.5,3
RP11-15E18.1,3
RP11-160C18.4,3
RP11-166B2.7,3
RP11-167H9.5,3
RP11-174O3.3,3
RP11-175P13.2,3
RP11-179B2.2,3
RP11-17A1.3,3
RP11-181G12.4,3
RP11-195F19.30,3
RP11-1C8.4,3
RP11-213H15.1,3
RP11-214F16.8,3
RP11-214O1.1,3
RP11-219B4.3,3
RP11-234B24.4,3
RP11-266L9.5,3
RP11-266L9.8,3
RP11-271C24.2,3
RP11-276H7.2,3
RP11-293M10.6,3
RP11-297N6.4,3
RP11-2N1.2,3
RP11-31F15.2,3
RP11-327P2.5,3
RP11-343C2.9,3
RP11-347I19.7,3
RP11-348J12.5,3
RP11-351D16.3,3
RP11-359B12.2,3
RP11-359E3.4,3
RP11-365P13.5,3
RP11-370I10.6,3
RP11-37B2.1,3
RP11-380D23.2,3
RP11-383C5.5,3
RP11-383C5.8,3
RP11-394I13.3,3
RP11-395G23.3,3
RP11-396C23.2,3
RP11-401F2.3,3
RP11-404E16.1,3
RP1-140A9.1,3
RP11-426L16.9,3
RP11-429J17.2,3
RP11-431K24.3,3
RP11-432J22.2,3
RP11-434D9.1,3
RP11-43P8.2,3
RP11-45M22.5,3
RP11-468E2.2,3
RP11-470E16.2,3
RP11-481J8.3,3
RP11-490M8.1,3
RP11-495P10.6,3
RP11-501C14.7,3
RP11-503C24.3,3
RP11-514D23.2,3
RP1-151F17.1,3
RP11-532E4.2,3
RP11-550I24.2,3
RP11-599B13.7,3
RP11-600F24.7,3
RP11-607P23.1,3
RP11-612J15.3,3
RP11-618M23.1,3
RP11-61I13.3,3
RP11-61J19.5,3
RP11-62H7.2,3
RP1-163M9.7,3
RP11-647F2.2,3
RP11-65J3.14,3
RP1-167A14.2,3
RP11-689K5.3,3
RP11-696P8.2,3
RP1-169K13.3,3
RP11-728G15.1,3
RP11-73K9.2,3
RP11-74E22.4,3
RP11-77K12.1,3
RP11-787D18.2,3
RP11-793H13.11,3
RP11-798M19.6,3
RP11-80H5.5,3
RP11-848P1.9,3
RP11-849H4.2,3
RP11-849N15.3,3
RP11-864I4.4,3
RP11-876N24.4,3
RP11-87E22.2,3
RP11-888D10.3,3
RP11-895M11.2,3
RP11-903H12.3,3
RP11-91G21.1,3
RP11-92B11.4,3
RP11-978I15.10,3
RP11-98D18.9,3
RP1-228P16.9,3
RP1-234P15.4,3
RP1-292L20.3,3
RP13-476E20.1,3
RP13-766D20.1,3
RP1-37N7.1,3
RP3-468K18.5,3
RP3-473L9.4,3
RP3-510H16.3,3
RP4-576H24.4,3
RP4-597A16.2,3
RP4-625H18.2,3
RP4-635E18.6,3
RP4-680D5.2,3
RP4-717I23.3,3
RP4-758J18.2,3
RP5-1068E13.7,3
RP5-1070G24.2,3
RP5-1157M23.2,3
RP5-1186P10.2,3
RP5-882C2.2,3
RP6-65G23.5,3
RP9P,3
RPA3,3
RPAP2,3
RPL10A,3
RPL19,3
RPS19BP1,3
RPS27,3
RPS27L,3
RPS27P25,3
RPS4X,3
RPS6KB2,3
RRP1,3
RRP8,3
RSBN1L,3
RTCB,3
SAP25,3
SART1,3
SASS6,3
SBDS,3
SCAF1,3
SCNN1B,3
SEC23IP,3
12-Sep,3
2-Sep,3
7-Sep,3
SEPT7-AS1,3
SERHL2,3
SERPINA3,3
SETD6,3
SF3B2,3
SHARPIN,3
SHMT1,3
SIKE1,3
SLAIN2,3
SLC15A1,3
SLC17A4,3
SLC22A5,3
SLC25A20,3
SLC30A6,3
SLC31A2,3
SLC35A1,3
SLC35G2,3
SLC41A2,3
SLC6A14,3
SLC6A2,3
SLC9A8,3
SLFN13,3
SMIM8,3
SNAI1,3
SNAP25-AS1,3
SNAPC3,3
SNCA-AS1,3
SNHG10,3
SNHG9,3
SNORA30,3
SNORA5A,3
SNORA7A,3
SNRNP25,3
SNRPC,3
SOAT1,3
SOAT2,3
SOX12,3
SOX30,3
SPAST,3
SPICE1,3
SPIN3,3
SPPL2A,3
SPTLC3,3
SRD5A3,3
ST20-MTHFS,3
STAG1,3
STAMBP,3
STK16,3
STMND1,3
STOM,3
STXBP6,3
SUCO,3
SUMO1,3
SUZ12P1,3
SV2A,3
SVIP,3
SWI5,3
SYCE1,3
SYDE2,3
SYVN1,3
TACR3,3
TAF1C,3
TAF9,3
TBC1D10B,3
TCEAL3,3
TCTE3,3
TDRD5,3
TDRD9,3
TDRKH,3
TEX29,3
TEX30,3
TFDP2,3
THEM4,3
THEMIS2,3
TIPARP-AS1,3
TLCD2,3
TLDC2,3
TM2D3,3
TM9SF4,3
TMED1,3
TMEM185A,3
TMEM198B,3
TMEM205,3
TMEM221,3
TMEM231,3
TMEM33,3
TMEM55A,3
TMEM56,3
TMPRSS11F,3
TNFAIP1,3
TNFRSF11A,3
TNIP2,3
TPI1,3
TPM3P9,3
TRAFD1,3
TRAIP,3
TRAPPC11,3
TRIM52-AS1,3
TRIM6,3
TRIM68,3
TRMT2B,3
TRMT2B-AS1,3
TSPAN19,3
TSPEAR-AS2,3
TSSK4,3
TST,3
TTC23L,3
TTC28,3
TTC29,3
TTLL9,3
TUBE1,3
TUBGCP5,3
TUBGCP6,3
TXNRD3,3
TYW1,3
U2AF1L4,3
UAP1L1,3
UBA52,3
UBALD2,3
UBAP1,3
UBFD1,3
UBL5,3
UBXN1,3
UGT3A2,3
UNG,3
USP45,3
UTP6,3
VEGFB,3
VIP,3
VPS39,3
VWC2L,3
VWFP1,3
WAPAL,3
WDR17,3
WDR38,3
WDR43,3
WDR53,3
WDR73,3
WDR76,3
WDR78,3
WDR92,3
WFDC12,3
WFDC2,3
WFDC3,3
WTAP,3
XPA,3
XRN1,3
XXbac-BPG181B23.6,3
YIPF4,3
YPEL4,3
YRDC,3
YTHDC2,3
Z83844.1,3
Z93241.1,3
ZBTB8B,3
ZCWPW1,3
ZFP14,3
ZFP30,3
ZFP90,3
ZKSCAN8,3
ZMYM3,3
ZNF112,3
ZNF148,3
ZNF169,3
ZNF192P1,3
ZNF200,3
ZNF22,3
ZNF223,3
ZNF227,3
ZNF286B,3
ZNF30,3
ZNF304,3
ZNF317,3
ZNF319,3
ZNF32,3
ZNF330,3
ZNF354C,3
ZNF415,3
ZNF420,3
ZNF428,3
ZNF43,3
ZNF430,3
ZNF441,3
ZNF451,3
ZNF460,3
ZNF492,3
ZNF502,3
ZNF568,3
ZNF572,3
ZNF579,3
ZNF595,3
ZNF619,3
ZNF624,3
ZNF641,3
ZNF664,3
ZNF671,3
ZNF688,3
ZNF71,3
ZNF717,3
ZNF747,3
ZNF761,3
ZNF763,3
ZNF778,3
ZNF799,3
ZNF8,3
ZNF846,3
ZNF850,3
ZNF853,3
ZNF876P,3
ZNF879,3
ZSCAN25,3
ZUFSP,3
