Genes,Freq
FLJ37453,7
GPR75-ASB3,7
SPN,7
TBC1D10C,7
AC004687.1,6
GPR75,6
INPP5D,6
LCP2,6
RP5-1171I10.5,6
AC015969.3,5
CTD-2135J3.4,5
PLEK,5
RGL3,5
AC009133.17,4
ADORA2A,4
C15orf53,4
C16orf54,4
DSCAML1,4
EBF4,4
EXD3,4
FAM20C,4
GDF6,4
GIMAP8,4
HCFC1,4
OSR1,4
PLXNA1,4
PRF1,4
PRKRIP1,4
PTPN7,4
RP1-257A7.4,4
RP4-800J21.3,4
SIDT1,4
AC007392.3,3
ACSL5,3
ANPEP,3
ATP2A2,3
C10orf107,3
CCR7,3
CDH20,3
COPS7B,3
CPA1,3
CTC-232P5.1,3
CTD-2135J3.3,3
CTD-2330J20.2,3
CYTIP,3
DEPDC1,3
DEPDC1-AS1,3
DNER,3
EMILIN3,3
ESPNL,3
ESYT1,3
FAIM3,3
FAM13A,3
GAREML,3
GATB,3
GCSAML,3
GJC2,3
GP1BB,3
HIAT1,3
HID1,3
ISLR2,3
LAG3,3
LINC00643,3
LYRM2,3
MIR503HG,3
MMP9,3
MOB3A,3
MSL2,3
MYO1G,3
N6AMT2,3
NDUFB2-AS1,3
NLRP3,3
OSTC,3
PKP1,3
PLEKHH3,3
PRKG2,3
PTPRM,3
RNF166,3
RP11-154D6.1,3
RP11-21C4.1,3
RP11-247C2.2,3
RP11-256L6.3,3
RP11-506B6.6,3
RP11-511H23.2,3
RP13-20L14.4,3
SF3B3,3
SLC11A1,3
SMG1P3,3
SNRPA,3
SOD3,3
SPOCK2,3
SRRT,3
TMEM201,3
TNPO2,3
TRPV1,3
TSPAN10,3
VWCE,3
YTHDC2,3
ZNF14,3
ZNF324B,3
