"Var1","Freq"
"CTB-113P19.1",5
"EIF2B5",4
"ANO1",3
"ESRRG",3
"GFAP",3
"ITGA4",3
"METRNL",3
"MORN1",3
"SLC38A10",3
"TCTEX1D1",3
"ZIC4",3
"ABR",2
"ADAMTS2",2
"BRSK2",2
"CACNA1I",2
"CALML3",2
"CALML3-AS1",2
"CLP1",2
"COL8A2",2
"CTD-2600O9.1",2
"DCST1",2
"DCST2",2
"DDR1",2
"DENND1B",2
"EPHB1",2
"ITK",2
"KIFC3",2
"LIPC",2
"LRRC17",2
"LRRC8D",2
"MEIS1",2
"MGAT4B",2
"NCOR2",2
"P4HA2",2
"PLEC",2
"POLR2F",2
"PRKAG2",2
"RGS12",2
"RNF39",2
"RP11-168L7.3",2
"RP11-302M6.4",2
"RP11-355N15.1",2
"RP11-455O6.8",2
"RP11-65J21.3",2
"SEPT9",2
"TRPV4",2
"AACS",1
"AATK",1
"AC004702.2",1
"AC005262.2",1
"AC007560.1",1
"AC010148.1",1
"AC012123.1",1
"AC012594.1",1
"AC013717.3",1
"AC016543.1",1
"AC026954.6",1
"AC069368.3",1
"AC132812.1",1
"AC133680.1",1
"ACSF2",1
"ADPRHL2",1
"AGBL1",1
"AHDC1",1
"AL672043.1",1
"ALDOC",1
"AP000695.4",1
"AP000695.6",1
"AP001476.2",1
"AP2A2",1
"AP4B1-AS1",1
"APEH",1
"APOA1-AS",1
"ARHGAP26",1
"ARHGAP39",1
"ARHGEF40",1
"ARL8B",1
"ARSI",1
"ARVCF",1
"ASAP2",1
"ASCC1",1
"ATCAY",1
"ATP2A2",1
"ATP5G2",1
"ATP6V0A4",1
"ATP6V1H",1
"BCAR1",1
"BCL9L",1
"BEND4",1
"BICD1",1
"BIRC5",1
"BOC",1
"BRD3",1
"BRD4",1
"BRI3",1
"BTD",1
"C14orf132",1
"C15orf26",1
"C16orf70",1
"C1orf210",1
"C22orf34",1
"C6orf195",1
"C7orf72",1
"C9orf3",1
"CA12",1
"CACNA1E",1
"CACNA1H",1
"CACNA2D4",1
"CAPN13",1
"CAPZB",1
"CASP7",1
"CAV3",1
"CCDC148",1
"CCDC148-AS1",1
"CCDC80",1
"CCDC88B",1
"CCL22",1
"CD164L2",1
"CD6",1
"CDC42EP4",1
"CDON",1
"CDT1",1
"CENPA",1
"CEP170B",1
"CERS4",1
"CETN1",1
"CFAP46",1
"CFAP74",1
"CHADL",1
"CHMP4C",1
"CLDN11",1
"CLDN14",1
"CLEC14A",1
"CLIP1",1
"CLIP1-AS1",1
"CMTM7",1
"CNTNAP5",1
"COL18A1",1
"COL27A1",1
"COL2A1",1
"CPLX1",1
"CPNE5",1
"CPT1A",1
"CRAMP1L",1
"CREB5",1
"CRIM1",1
"CROCC",1
"CSF3R",1
"CT55",1
"CTB-171A8.1",1
"CTB-35F21.1",1
"CTBP2",1
"CTBS",1
"CTC-340D7.1",1
"CTC-529P8.1",1
"CTD-2270F17.1",1
"CTD-2281E23.2",1
"CTD-2527I21.15",1
"CTSZ",1
"CX3CL1",1
"D4S234E",1
"DAAM1",1
"DBH",1
"DCANP1",1
"DEAF1",1
"DENND1C",1
"DENND2A",1
"DENND6B",1
"DHX30",1
"DIP2C",1
"DLX2-AS1",1
"DOCK2",1
"DOK7",1
"DOT1L",1
"DSG1",1
"EEF2KMT",1
"EGFR",1
"ELAVL1",1
"EMC3",1
"EPS8L2",1
"EREG",1
"ERP27",1
"ETNK1",1
"EVI2A",1
"EVPL",1
"FAM166B",1
"FAM196B",1
"FAM19A5",1
"FAM222A",1
"FAM222A-AS1",1
"FAM53B",1
"FAM78A",1
"FBLN2",1
"FES",1
"FGD6",1
"FGF8",1
"FGFRL1",1
"FHOD1",1
"FOLR1",1
"FRMD4A",1
"FSCN1",1
"FXYD2",1
"FXYD6",1
"FXYD6-FXYD2",1
"GABRR2",1
"GALNT9",1
"GAS2L1",1
"GAS7",1
"GGA2",1
"GGACT",1
"GGT1",1
"GIPC2",1
"GJB6",1
"GLI2",1
"GLRX",1
"GNA11",1
"GPR179",1
"GPRC5C",1
"GPSM1",1
"GRAMD4",1
"GRHL3",1
"GRIN1",1
"GRN",1
"HACL1",1
"HES5",1
"HILS1",1
"HNRNPH1",1
"HORMAD2",1
"HORMAD2-AS1",1
"HOXC4",1
"HOXC6",1
"HPCAL1",1
"HPN-AS1",1
"HYAL2",1
"IL17B",1
"INPP4A",1
"INSR",1
"IQSEC1",1
"IRAK3",1
"ITGB4",1
"ITPKA",1
"KCNH3",1
"KCNIP1",1
"KCNMB1",1
"KCNQ1",1
"KIAA0586",1
"KIAA1549",1
"KIF19",1
"KIRREL3",1
"KLHL14",1
"KLHL25",1
"KNDC1",1
"KRT4",1
"KRT42P",1
"KRTAP11-1",1
"KRTDAP",1
"LA16c-431H6.6",1
"LAMP5-AS1",1
"LDHD",1
"LINC00200",1
"LINC00311",1
"LINC00593",1
"LINC00968",1
"LINC01119",1
"LINC01136",1
"LINC01254",1
"LINC01376",1
"LINC01397",1
"LINC01503",1
"LINC01565",1
"LINC01588",1
"LL21NC02-21A1.1",1
"LMF1",1
"LMX1A",1
"LPAL2",1
"LPIN1",1
"LRRTM3",1
"LY6G6E",1
"MAG",1
"MBNL2",1
"MCF2L",1
"MECOM",1
"MEIS2",1
"MESDC2",1
"METTL11B",1
"MIA-RAB4B",1
"MIEF2",1
"MIR1276",1
"MIR3074",1
"MIR33B",1
"MIR584",1
"MIR6777",1
"MIR891B",1
"MMP2",1
"MNX1-AS1",1
"MPRIP",1
"MSH3",1
"MSI2",1
"MSLNL",1
"MUC2",1
"MYH2",1
"MYHAS",1
"MYO1D",1
"MYO3B",1
"NAAA",1
"NAV2",1
"NCKAP5L",1
"NELFB",1
"NFATC1",1
"NFE2",1
"NISCH",1
"NKAIN2",1
"NLGN2",1
"NOL4L",1
"NOP14",1
"NOP14-AS1",1
"NPR1",1
"NR2F2-AS1",1
"NRXN1",1
"NSMCE1",1
"NT5DC3",1
"NWD1",1
"OBFC1",1
"OPLAH",1
"OR2A1-AS1",1
"OR2A9P",1
"OXTR",1
"PAK7",1
"PARD3",1
"PARVA",1
"PC",1
"PCCA",1
"PCNXL3",1
"PCSK6",1
"PDCD6",1
"PDE6B",1
"PDE9A",1
"PDGFA",1
"PFKFB3",1
"PGS1",1
"PHF21A",1
"PIK3R2",1
"PLCB2",1
"PLEKHG1",1
"PLEKHG3",1
"PLVAP",1
"PLXNB2",1
"PMP22",1
"POLR1A",1
"PPP2R3A",1
"PRDM16",1
"PRDX5",1
"PROP1",1
"PRR26",1
"PRSS8",1
"PTPN22",1
"PTPRE",1
"PTPRF",1
"PTPRN2",1
"PVR",1
"QRSL1",1
"RAB11FIP3",1
"RAI1",1
"RALGDS",1
"RAPGEF5",1
"RBFOX3",1
"REXO1",1
"RFTN1",1
"RGMA",1
"RGS20",1
"RGS7",1
"RHBDF1",1
"RHOBTB3",1
"RHOD",1
"RIPK4",1
"RLBP1",1
"RNF122",1
"RNF144A-AS1",1
"ROGDI",1
"RORA",1
"RP11-10J21.2",1
"RP11-10N16.3",1
"RP11-116G8.5",1
"RP11-127I20.5",1
"RP11-12J10.3",1
"RP11-131M11.3",1
"RP11-139I14.2",1
"RP11-151A6.4",1
"RP11-158M2.6",1
"RP11-166D19.1",1
"RP11-167N24.3",1
"RP11-169E6.4",1
"RP11-192H23.4",1
"RP11-196B3.3",1
"RP11-20I23.1",1
"RP11-238K6.1",1
"RP11-238K6.2",1
"RP11-244M2.1",1
"RP11-268P4.4",1
"RP11-30K9.5",1
"RP11-327J17.2",1
"RP11-353N14.5",1
"RP11-353N14.7",1
"RP11-360K13.1",1
"RP11-398G24.2",1
"RP11-466A19.1",1
"RP11-563P16.1",1
"RP11-59C5.3",1
"RP11-691N7.6",1
"RP11-753H16.3",1
"RP11-753H16.5",1
"RP11-759A24.3",1
"RP11-779O18.3",1
"RP11-807H22.7",1
"RP11-834C11.12",1
"RP11-834C11.14",1
"RP11-936I5.1",1
"RP11-968A15.8",1
"RP1-290I10.3",1
"RP3-450M14.1",1
"RP4-601P9.2",1
"RP5-1029K10.2",1
"RP5-1039K5.16",1
"RP5-1039K5.19",1
"RP5-1119A7.14",1
"RP5-1136G13.2",1
"RP5-856G1.2",1
"RPAP1",1
"RPL3",1
"SACS",1
"SBNO2",1
"SCARA5",1
"SDK2",1
"SEC16A",1
"SEMA4B",1
"SERPINA1",1
"SF3A1",1
"SH3RF3",1
"SH3TC2",1
"SIPA1",1
"SLC12A7",1
"SLC12A9",1
"SLC16A5",1
"SLC25A3",1
"SLC35F6",1
"SLC45A4",1
"SLC47A2",1
"SLC4A11",1
"SLC5A6",1
"SLC8A1",1
"SLC9A5",1
"SMCR2",1
"SMCR2_2",1
"SMCR5",1
"SMIM2",1
"SMIM2-AS1",1
"SMIM2-IT1",1
"SMTNL2",1
"SMURF2",1
"SND1",1
"SNORD83A",1
"SNRPD3",1
"SORBS2",1
"SOSTDC1",1
"SOX10",1
"SPECC1",1
"SPNS2",1
"SPSB4",1
"SRC",1
"SREBF1",1
"STAB1",1
"STAMBPL1",1
"STK24",1
"SUN1",1
"SYNC",1
"SYT8",1
"TAPBPL",1
"TAS1R1",1
"TAS1R3",1
"TBC1D16",1
"TBC1D24",1
"TCAP",1
"TCERG1L",1
"TFAP2B",1
"TFAP2C",1
"TFPI",1
"TIFAB",1
"TLX1",1
"TLX1NB",1
"TMC6",1
"TMC8",1
"TMPRSS4",1
"TMPRSS4-AS1",1
"TNRC6C",1
"TNS1",1
"TOX",1
"TP53AIP1",1
"TPCN1",1
"TRIM36",1
"TRIM9",1
"TRPM1",1
"TRPM8",1
"TSPAN1",1
"TSPAN5",1
"TSSC1",1
"U47924.27",1
"UBAC2",1
"USP54",1
"USP6NL",1
"VAC14",1
"VAV2",1
"VAX2",1
"Vax2os1_3",1
"VGLL4",1
"WNT10A",1
"WNT5B",1
"XXbac-BPG32J3.19",1
"XXbac-BPG32J3.20",1
"XXbac-BPGBPG55C20.1",1
"ZBTB20",1
"ZBTB5",1
"ZBTB7A",1
"ZC3H3",1
"ZFAT",1
"ZMIZ1",1
"ZNF609",1
