"Var1","Freq"
"MEIS1",7
"C6orf25",6
"EIF2B5",6
"XXbac-BPG32J3.19",6
"LY6G6D",5
"SEPT9",4
"ADARB2",3
"C1orf210",3
"CTB-113P19.1",3
"MEIS1-AS2",3
"RP1-41C23.4",3
"SLC35B3",3
"AC004754.3",2
"AC073626.2",2
"ADAP1",2
"ADARB2-AS1",2
"ADCY1",2
"ANO1",2
"AP4B1-AS1",2
"CA12",2
"CELSR1",2
"CLDN4",2
"COX19",2
"CTD-2325P2.4",2
"CUEDC1",2
"DDR1",2
"DLX2",2
"EHD1",2
"FAM101A",2
"FIP1L1",2
"FOXP2",2
"FXYD3",2
"GALNT9",2
"GATA3",2
"ITFG3",2
"KRT8",2
"LFNG",2
"LIPC",2
"LMO3",2
"LRRC17",2
"LY6E",2
"MGST1",2
"MORN1",2
"NCKAP5",2
"NOP14",2
"NOP14-AS1",2
"OTX1",2
"PEX10",2
"PLEC",2
"PROM2",2
"PTPN22",2
"PWWP2B",2
"RAD51B",2
"RBBP8NL",2
"RBFOX3",2
"RIPK4",2
"RLBP1",2
"RNF222",2
"RNF39",2
"RP11-115J16.1",2
"RP11-166D19.1",2
"RP11-30K9.5",2
"RP11-355N15.1",2
"RP11-65J21.3",2
"RP1-290I10.3",2
"RP3-470L22.1",2
"RP5-1126H10.2",2
"RP5-908M14.5",2
"SLC12A7",2
"SLC38A10",2
"SLC38A2",2
"SULT2B1",2
"SYN2",2
"TIMP4",2
"TRPV4",2
"WNT3",2
"WNT5B",2
"ZC3H12A",2
"ZIC4",2
"AC002116.8",1
"AC003003.5",1
"AC006947.1",1
"AC007292.7",1
"AC009336.19",1
"AC009501.4",1
"AC011513.3",1
"AC011530.4",1
"AC093642.1",1
"AC097662.2",1
"AC104532.2",1
"AC104655.3",1
"AC104667.3",1
"ACKR1",1
"ACKR2",1
"ACKR3",1
"ACSF2",1
"ADAM33",1
"ADCY10",1
"ADRM1",1
"AGAP6",1
"AGR2",1
"ALG14",1
"ALPK3",1
"ANAPC13",1
"ARHGAP21",1
"ARHGAP25",1
"ARHGDIG",1
"ARHGEF40",1
"ATP10B",1
"BAI1",1
"BNIPL",1
"BRAT1",1
"BRICD5",1
"BSCL2",1
"BTN3A3",1
"C10orf25",1
"C14orf39",1
"C15orf27",1
"C15orf52",1
"C1orf86",1
"C7orf50",1
"C9orf152",1
"CACNA2D2",1
"CACNA2D4",1
"CADM3-AS1",1
"CALML3",1
"CALML3-AS1",1
"CAPS",1
"CCDC85C",1
"CCDC88C",1
"CCNG2",1
"CCNJP1",1
"CD300A",1
"CD59",1
"CD9",1
"CDC42EP4",1
"CEACAM6",1
"CELSR2",1
"CENPA",1
"CEP131",1
"CFLAR",1
"CHADL",1
"CHST15",1
"CLEC16A",1
"CLEC19A",1
"CLPB",1
"CNKSR1",1
"CNTD2",1
"CNTF",1
"COG8",1
"COL23A1",1
"COL2A1",1
"COL4A3",1
"COL8A2",1
"CORO1A",1
"CORO7",1
"CORO7-PAM16",1
"CPD",1
"CRHBP",1
"CROCC",1
"CST9",1
"CTB-171A8.1",1
"CTB-35F21.1",1
"CTC-236F12.4",1
"CTC-529G1.1",1
"CTD-2035E11.3",1
"CTD-2201E18.3",1
"CTD-2201G3.1",1
"CTD-2277K2.1",1
"CTD-2311M21.5",1
"CTD-2369P2.8",1
"CTD-2509G16.5",1
"CTD-2545H1.2",1
"CTD-2555A7.2",1
"CTSH",1
"CTXN3",1
"CX3CL1",1
"CYP2C18",1
"CYP4F11",1
"DAGLB",1
"DCANP1",1
"DEF8",1
"DENND6B",1
"DGKQ",1
"DGKZ",1
"DIP2C",1
"DKFZP434L187",1
"DMPK",1
"DTL",1
"ECHDC1",1
"EFR3B",1
"ELAVL1",1
"EMC3",1
"EPHX3",1
"EPN3",1
"ERBB3",1
"ESRP2",1
"EVI2A",1
"EVPL",1
"FAM19A2",1
"FAM49B",1
"FAM53B",1
"FAM83H-AS1",1
"FBN3",1
"FGD6",1
"FGF8",1
"FHDC1",1
"FOXD2-AS1",1
"FXYD2",1
"FXYD6",1
"FXYD6-FXYD2",1
"FZD4",1
"GALNT1",1
"GALNT3",1
"GGACT",1
"GGT1",1
"GMPR",1
"GNAO1",1
"GRAMD2",1
"GRAMD3",1
"GRN",1
"HCAR1",1
"HCLS1",1
"HHAT",1
"HIGD1A",1
"HLCS",1
"HNF1B",1
"HNRNPUL2-BSCL2",1
"HOXD3",1
"HPN",1
"HSPA2",1
"HYAL2",1
"ICAM4",1
"ICK",1
"IDUA",1
"IFNL1",1
"IFT140",1
"IGSF9B",1
"IL17B",1
"INPP5J",1
"INSR",1
"INTS7",1
"IQSEC1",1
"IRF2BPL",1
"IRF6",1
"ITGA4",1
"JMJD7-PLA2G4B",1
"KAZALD1",1
"KCND3",1
"KCNE4",1
"KCNK2",1
"KCNK4",1
"KDM2A",1
"KIAA1244",1
"KLHDC4",1
"KRT32",1
"KRT42P",1
"KRT7",1
"KRTAP2-1",1
"KSR1",1
"LA16c-444G7.1",1
"LAT",1
"LDB2",1
"LINC00504",1
"LINC00543",1
"LINC00599",1
"LINC00706",1
"LINC00707",1
"LINC00856",1
"LINC00968",1
"LINC01119",1
"LINC01137",1
"LINC01181",1
"LINC01237",1
"LINC01280",1
"LINC01344",1
"LINC01398",1
"LMX1B",1
"LNX1",1
"LNX1-AS2",1
"LRRC8D",1
"LY6G6E",1
"LYNX1",1
"MAP3K6",1
"MARCH10",1
"MAST4",1
"MCF2L",1
"METAP1D",1
"MFSD7",1
"MGAT4B",1
"MIR181D",1
"MIR2117",1
"MIR6773",1
"MISP",1
"MPRIP",1
"MSLNL",1
"MTL5",1
"MTMR11",1
"MUC1",1
"MX2",1
"MYO3B",1
"MYO7A",1
"MYT1L",1
"NANOS3",1
"NCOR2",1
"NDST1",1
"NET1",1
"NEUROG1",1
"NFAM1",1
"NFE2",1
"NHSL1",1
"NISCH",1
"NLGN2",1
"NR1H4",1
"NRIP3",1
"NSMCE1",1
"NT5C2",1
"NTHL1",1
"NUDT14",1
"NWD1",1
"OFCC1",1
"OLIG3",1
"OPCML-IT1",1
"OR1A1",1
"P4HA2",1
"PARVA",1
"PDE7B",1
"PDE8B",1
"PDLIM5",1
"PGLYRP2",1
"PGP",1
"PHACTR1",1
"PHF21A",1
"PITPNC1",1
"PKP3",1
"PKP4",1
"PLA2G4B",1
"PLCL2",1
"PLEKHG5",1
"PLEKHG7",1
"PMP22",1
"PNPLA1",1
"POLR2F",1
"POLR3E",1
"PPP1R16B",1
"PRELID2",1
"PRICKLE2",1
"PRKAR1B",1
"PRKCA",1
"PROCA1",1
"PROX1-AS1",1
"PRSS23",1
"PRX",1
"PSME1",1
"PSORS1C1",1
"PTBP1",1
"PTH1R",1
"PTPRN2",1
"PVR",1
"PVRL4",1
"PXYLP1",1
"RAB17",1
"RALGDS",1
"RARA",1
"RBM47",1
"RBPMS",1
"RECQL4",1
"RER1",1
"RERE",1
"RGS11",1
"RGS12",1
"RGS20",1
"RMND5B",1
"RNASE13",1
"RNF144A-AS1",1
"RNU2-32P",1
"RNU6-406P",1
"RORA",1
"RORC",1
"RP11-100E5.2",1
"RP11-1042B17.3",1
"RP11-107I14.2",1
"RP11-108L7.15",1
"RP11-10J21.2",1
"RP11-114H23.1",1
"RP11-12C17.2",1
"RP11-12J10.3",1
"RP11-139I14.2",1
"RP11-151A6.4",1
"RP11-156L14.1",1
"RP11-184M15.2",1
"RP11-23D24.2",1
"RP11-264B17.3",1
"RP11-302M6.4",1
"RP11-304L19.8",1
"RP11-307C19.1",1
"RP11-34D15.2",1
"RP11-353N14.5",1
"RP11-353N14.7",1
"RP11-387A1.5",1
"RP11-400G3.5",1
"RP11-434E6.4",1
"RP11-44N21.4",1
"RP11-455F5.5",1
"RP11-455O6.2",1
"RP11-455O6.8",1
"RP11-45F15.2",1
"RP11-45M22.4",1
"RP11-461L13.4",1
"RP11-467K18.2",1
"RP11-478J18.2",1
"RP11-503G7.1",1
"RP11-517I3.1",1
"RP11-540N6.1",1
"RP11-593F23.1",1
"RP11-666A8.8",1
"RP11-691N7.6",1
"RP11-70C1.3",1
"RP11-74K11.2",1
"RP11-753H16.3",1
"RP11-753H16.5",1
"RP11-783K16.10",1
"RP11-88H9.2",1
"RP11-95F22.1",1
"RP11-968A15.8",1
"RP11-96H19.1",1
"RP1-228P16.3",1
"RP1-257A7.4",1
"RP3-395M20.8",1
"RP3-416H24.1",1
"RP4-613B23.5",1
"RP5-1039K5.19",1
"RP5-1061H20.5",1
"RP5-1136G13.2",1
"RTF1",1
"RTKN",1
"RTN4RL1",1
"RUVBL1",1
"S100A8",1
"SBNO2",1
"SCARA5",1
"SCN1B",1
"SDK2",1
"SEL1L3",1
"SH2D3C",1
"SH3TC2",1
"SHANK2",1
"SIM2",1
"SIPA1",1
"SIPA1L2",1
"SIX3",1
"SIX3-AS1",1
"SLC16A8",1
"SLC1A7",1
"SLC25A3",1
"SLC26A1",1
"SLC2A1",1
"SLC35F6",1
"SLC39A14",1
"SLC45A4",1
"SLC8A1",1
"SLC9A9",1
"SLFN12L",1
"SMC5",1
"SMIM20",1
"SNED1",1
"SNRPD3",1
"SORBS2",1
"SOX10",1
"SOX6",1
"SPG7",1
"SREBF1",1
"SSH3",1
"SSTR5",1
"SSTR5-AS1",1
"STAMBPL1",1
"STAP2",1
"STEAP3",1
"STK39",1
"STX2",1
"SVIL",1
"SVOP",1
"SYNE4",1
"SYT12",1
"TAPBP",1
"TAPBPL",1
"TBC1D10C",1
"TBC1D16",1
"TBC1D7",1
"TCF7",1
"TCIRG1",1
"TDO2",1
"TEAD3",1
"TEKT5",1
"TET3",1
"TGM5",1
"THADA",1
"THOP1",1
"THSD4",1
"TIFAB",1
"TMEM204",1
"TMEM211",1
"TMEM45A",1
"TMEM61",1
"TMPRSS4",1
"TMPRSS4-AS1",1
"TNFRSF4",1
"TNFRSF8",1
"TNS1",1
"TNS3",1
"TOM1L1",1
"TPCN1",1
"TPPP2",1
"TPRN",1
"TRAF3IP1",1
"TRERF1",1
"TRPM1",1
"TRPS1",1
"TSPAN5",1
"TSSK1B",1
"TTC6",1
"TUB",1
"U47924.27",1
"U47924.29",1
"UBASH3A",1
"UBR4",1
"UCP2",1
"USP15",1
"VAV3",1
"VMAC",1
"VPS4A",1
"VRTN",1
"VWCE",1
"WBP1L",1
"WIPF3",1
"WRAP73",1
"WWC1",1
"XAB2",1
"XKR6",1
"XXbac-BPG32J3.20",1
"YPEL2",1
"ZBTB1",1
"ZBTB25",1
"ZCCHC11",1
"ZDHHC1",1
"ZEB2",1
"ZFP91-CNTF",1
"ZMIZ1",1
"ZMYND10-AS1",1
"ZNF22",1
"ZNF444P1",1
"ZNF704",1
