"Var1","Freq"
"HOXC6",11
"RP11-834C11.12",11
"DIP2C",10
"PSMB9",10
"EIF2B5",9
"HOXD3",9
"NAV2",9
"PPT2-EGFL8",8
"TAP1",8
"TMC6",8
"ZIC4",8
"AC009336.19",7
"BZRAP1-AS1",7
"ELF3",7
"PPT2",7
"PRRT1",7
"RP11-465N4.4",7
"RP11-510N19.5",7
"TMC8",7
"AC073626.2",6
"C11orf21",6
"CHI3L2",6
"FOXP2",6
"KRT8",6
"KSR1",6
"LAT",6
"PSMB8",6
"PSMB8-AS1",6
"RP11-264B17.3",6
"TBX2-AS1",6
"XXbac-BPG181M17.5",6
"C1orf210",5
"C7orf50",5
"CREB5",5
"EHD1",5
"FERMT3",5
"NLRC3",5
"NR2F1-AS1",5
"PROM2",5
"RP11-517H2.6",5
"RP11-522B15.3",5
"RP11-95F22.1",5
"SHANK2",5
"SLA2",5
"SLC22A18",5
"SLC22A18AS",5
"TBCD",5
"TBX2",5
"ACOT7",4
"AGAP1",4
"ANKRD11",4
"ANO1",4
"CASS4",4
"CDC42BPG",4
"CELSR1",4
"CLEC14A",4
"FLJ12825",4
"GREB1",4
"HLA-C",4
"HLA-E",4
"IFT140",4
"IRX6",4
"MAML3",4
"MIR205HG",4
"NCOR2",4
"PARD3",4
"PKP3",4
"POLR2F",4
"PPP1R18",4
"PRR26",4
"RGS12",4
"RORA",4
"RP11-26L20.3",4
"SCNN1A",4
"SLC38A10",4
"SLC38A2",4
"SRCIN1",4
"TMCC1",4
"TMEM204",4
"WNT5B",4
"ZFPM1",4
"AC004687.1",3
"AC009133.17",3
"AC009133.22",3
"AC016683.5",3
"ANKS1B",3
"APOA1-AS",3
"ATAD3C",3
"BNC1",3
"BZRAP1",3
"C16orf54",3
"CA12",3
"CA5A",3
"CAPN13",3
"CMYA5",3
"CTD-2535L24.2",3
"CX3CL1",3
"EPS8L2",3
"FBRSL1",3
"FUCA1",3
"HELZ2",3
"HLA-B",3
"HLA-DMA",3
"HLA-DMB",3
"HOXC4",3
"HOXC9",3
"HOXC-AS2",3
"IGSF9",3
"IL12RB1",3
"IL16",3
"INPP5D",3
"IQCJ-SCHIP1",3
"ITGB6",3
"LCK",3
"LMO7",3
"LPP",3
"LRP5",3
"LRRC17",3
"LRRC27",3
"LSM2",3
"LTBR",3
"MCF2L",3
"MEST",3
"MESTIT1",3
"MUM1",3
"OSBPL10",3
"PAOX",3
"PIK3CG",3
"PLCH1",3
"PRKAG2",3
"PRR5L",3
"PSD4",3
"PTPN7",3
"PVRL4",3
"RIMBP2",3
"RP11-121M22.1",3
"RP11-168L7.3",3
"RP11-29G8.3",3
"RP11-382A20.4",3
"RP11-662M24.2",3
"RP5-1039K5.19",3
"RP5-1096D14.3",3
"RP5-1171I10.5",3
"RUVBL1",3
"RUVBL1-AS1",3
"SCHIP1",3
"SIM2",3
"SIPA1",3
"SKI",3
"SOD3",3
"SOX10",3
"SPECC1",3
"SPN",3
"SPNS3",3
"SRC",3
"SSBP3",3
"SULT2B1",3
"SVIL",3
"TBC1D10C",3
"TBX4",3
"TNFAIP8",3
"TNS3",3
"TTC6",3
"VAMP5",3
"VOPP1",3
"ZAP70",3
"ZMIZ1",3
"ZNF860",3
"ABCB9",2
"AC004637.1",2
"AC004702.2",2
"AC104532.2",2
"ADAMTS17",2
"ADAP1",2
"ADRBK1",2
"AFF3",2
"AGRP",2
"AMZ1",2
"ANKRD65",2
"AP006621.9",2
"ARHGAP30",2
"ARHGEF10",2
"ARHGEF3",2
"ARID5A",2
"ARPC1B",2
"ARRB2",2
"ATOH8",2
"ATP6V0D1",2
"AVP",2
"BAI1",2
"BAIAP2",2
"BANK1",2
"BCAN",2
"BCAS4",2
"BCL9L",2
"BEST3",2
"BOC",2
"BSCL2",2
"C15orf56",2
"C17orf96",2
"C1orf116",2
"C1orf86",2
"C1QL1",2
"C22orf15",2
"C4BPB",2
"C5orf56",2
"C5orf66",2
"C6orf25",2
"C8orf49",2
"C9orf139",2
"C9orf152",2
"CACNA1I",2
"CALML5",2
"CCDC148",2
"CCDC88B",2
"CCT3",2
"CD22",2
"CD28",2
"CD59",2
"CD7",2
"CD79B",2
"CERS1",2
"CFAP43",2
"CLDN14",2
"COL9A3",2
"COX19",2
"CPSF4L",2
"CRABP1",2
"CRYBB1",2
"CSNK1E",2
"CTB-134H23.3",2
"CTB-171A8.1",2
"CTBP2",2
"CTD-2325P2.4",2
"CTD-2555A7.2",2
"CYP2S1",2
"DLX2-AS1",2
"DNAH14",2
"ECE1",2
"ENTPD2",2
"EPGN",2
"EPHA1-AS1",2
"ERC2",2
"FAM101A",2
"FAM65B",2
"FGF19",2
"FNDC3B",2
"GALNT18",2
"GAREML",2
"GAS2L1",2
"GDF1",2
"GFOD1",2
"GIPC2",2
"GJC2",2
"GLIS1",2
"GP9",2
"GPR37",2
"GPSM3",2
"GRK6",2
"GSTM5",2
"HECW2",2
"HNRNPUL2-BSCL2",2
"HOXA7",2
"HOXD9",2
"HSF4",2
"IGF1R",2
"IL18BP",2
"IL27",2
"INPP4A",2
"IRS1",2
"ITPKB",2
"JMJD7-PLA2G4B",2
"KCNK15",2
"KCNK15-AS1",2
"KIAA1217",2
"KIAA1244",2
"KIAA1522",2
"KLHDC4",2
"KLHL29",2
"KRTDAP",2
"LAD1",2
"LAMA3",2
"LAPTM5",2
"LBR",2
"LDLRAD1",2
"LIMD2",2
"LIMK2",2
"LINC00899",2
"LINC01237",2
"LINC01376",2
"LINC01483",2
"LINC01565",2
"LIPC",2
"LMX1B",2
"LPCAT1",2
"LRRC37B",2
"LYVE1",2
"MACROD1",2
"MAGI1",2
"MALL",2
"MAN1C1",2
"MAP3K6",2
"MESTIT1_1",2
"MFSD7",2
"MGAT5",2
"MIR181D",2
"MIR2117",2
"MIR30E",2
"MIR339",2
"MIR609",2
"MMP14",2
"MOB3A",2
"MSLN",2
"MYLK",2
"MYO18A",2
"NANOS3",2
"NAV1",2
"NELFB",2
"NFIA",2
"NFYC",2
"NTN1",2
"OSM",2
"OSR1",2
"OXNAD1",2
"P4HA2",2
"PAK6",2
"PARP15",2
"PDIA5",2
"PDZRN3",2
"PIEZO1",2
"PIP5K1C",2
"PKN1",2
"PLA2G4B",2
"PLCH2",2
"PLEKHA7",2
"PLEKHG4",2
"PRICKLE2",2
"PRKAR1B",2
"PRKCH",2
"PROX1-AS1",2
"PSORS1C1",2
"PTPN14",2
"PVR",2
"RAD51B",2
"RAP1GAP2",2
"RASIP1",2
"RBM24",2
"RHBG",2
"RHOD",2
"RNU2-37P",2
"RNU6-406P",2
"RP11-100E5.2",2
"RP11-108K14.8",2
"RP11-1391J7.1",2
"RP11-139I14.2",2
"RP11-166D19.1",2
"RP11-200A1.1",2
"RP11-262A16.1",2
"RP11-264L1.4",2
"RP11-284F21.7",2
"RP11-297D21.4",2
"RP11-307N16.6",2
"RP11-332H18.5",2
"RP11-355N15.1",2
"RP11-367G6.3",2
"RP11-387A1.5",2
"RP11-434E6.4",2
"RP11-478J18.2",2
"RP11-532F12.5",2
"RP11-5O23.2",2
"RP1-170O19.24",2
"RP11-74K11.2",2
"RP11-805J14.3",2
"RP1-41C23.4",2
"RP4-758J18.7",2
"RP4-781B1.5",2
"RP4-800J21.3",2
"RP5-1126H10.2",2
"RP5-1136G13.2",2
"RPP21",2
"RRN3P2",2
"RSPH14",2
"S1PR4",2
"SBNO2",2
"SCFD2",2
"SEMA4D",2
"SERPINB9",2
"SH3BP4",2
"SH3RF3",2
"SIK3",2
"SIPA1L2",2
"SIX2",2
"SLC11A1",2
"SLC29A1",2
"SLC8A2",2
"SMOC2",2
"SNX20",2
"SPATA13",2
"SPEG",2
"SPINT1",2
"ST6GAL1",2
"STRA6",2
"SUMF1",2
"SYT12",2
"SYT8",2
"TACC2",2
"TCF7",2
"TEAD1",2
"TET1",2
"TJP1",2
"TOR4A",2
"TRAC",2
"TRAF6",2
"TRIM39-RPP21",2
"TSPAN4",2
"U47924.27",2
"UBAC2",2
"UBASH3A",2
"VWA7",2
"WNT3",2
"XXbac-BPG248L24.12",2
"ZBED4",2
"ZNF541",2
"AB015752.3",1
"ABCA2",1
"ABCA7",1
"ABCC1",1
"ABCD4",1
"ABHD8",1
"ABL1",1
"ABLIM1",1
"ABR",1
"ABT1",1
"AC002116.8",1
"AC003958.2",1
"AC004754.3",1
"AC005042.4",1
"AC005042.5",1
"AC005262.2",1
"AC005786.7",1
"AC006947.1",1
"AC007182.6",1
"AC007563.5",1
"AC007743.1",1
"AC007796.1",1
"AC010132.10",1
"AC010525.1",1
"AC011754.1",1
"AC012307.2",1
"AC012594.1",1
"AC013472.3",1
"AC013472.4",1
"AC015849.2",1
"AC015969.3",1
"AC016700.2",1
"AC017104.6",1
"AC069213.1",1
"AC072062.1",1
"AC073254.1",1
"AC074391.1",1
"AC079305.8",1
"AC091153.4",1
"AC093642.1",1
"AC096669.2",1
"AC097468.4",1
"AC104532.4",1
"AC108142.1",1
"AC116366.6",1
"AC130343.2",1
"AC131097.4",1
"AC135050.5",1
"ACAD10",1
"ACAP1",1
"ACIN1",1
"ACKR1",1
"ACKR2",1
"ACKR3",1
"ACOT12",1
"ACOT8",1
"ACOX3",1
"ACSF2",1
"ACSL5",1
"ACSS3",1
"ACVR2B",1
"ADAM15",1
"ADAMTS4",1
"ADAMTSL5",1
"ADARB2",1
"ADCY10",1
"ADORA2A",1
"ADORA3",1
"ADPRHL1",1
"ADRM1",1
"AGAP2",1
"AGBL4",1
"AGFG2",1
"AGPAT3",1
"AGRN",1
"AGTRAP",1
"AHI1",1
"AK5",1
"AKAP13",1
"AKAP7",1
"AKR1D1",1
"AL118506.2",1
"AL662791.1",1
"AL662797.1",1
"ALDH3B2",1
"ALDH4A1",1
"ALDOC",1
"ALG1",1
"ALK",1
"ALOX5",1
"ALPK3",1
"ALX3",1
"ALX4",1
"AMICA1",1
"AMIGO2",1
"AMN",1
"ANAPC13",1
"ANKRD13A",1
"ANKRD33B",1
"ANKRD44",1
"ANKRD44-IT1",1
"ANO3",1
"ANO7P1",1
"AOC2",1
"AOX2P",1
"AP001258.4",1
"AP001258.5",1
"AP003419.11",1
"AP3M2",1
"AP4B1-AS1",1
"APBA1",1
"APOBEC3A",1
"APOBEC3B",1
"APOL3",1
"APOL5",1
"AQP2",1
"AQP6",1
"ARAP3",1
"ARF5",1
"ARHGAP39",1
"ARHGAP40",1
"ARHGDIB",1
"ARHGEF10L",1
"ARHGEF19",1
"ARHGEF2",1
"ARHGEF28",1
"ARHGEF40",1
"ARHGEF7",1
"ARID3A",1
"ARMC4",1
"ARMC9",1
"ARPC1A",1
"ARRDC2",1
"ARSD",1
"ARSD-AS1",1
"ARVCF",1
"ASH2L",1
"ASPHD2",1
"ATG4D",1
"ATG9B",1
"ATN1",1
"ATP10B",1
"ATP1B1",1
"ATP2C2",1
"ATP4B",1
"ATP6AP1",1
"ATP6V0A2",1
"ATP6V0E2",1
"ATP6V0E2-AS1",1
"ATP8A2",1
"ATP8B1",1
"ATP8B4",1
"AUNIP",1
"B4GALNT3",1
"BAHCC1",1
"BAI2",1
"BAIAP2-AS1",1
"BC040587",1
"BCAR3",1
"BCAT1",1
"BCKDHA",1
"BCL6",1
"BCL7A",1
"BDNF",1
"BDNF-AS",1
"BEST1",1
"BICC1",1
"BID",1
"BIN2",1
"BLVRA",1
"BNIPL",1
"BPIFA2",1
"BRINP2",1
"BRSK2",1
"BTBD9",1
"BTC",1
"BTN3A3",1
"BUB1",1
"BZW1P2",1
"C10orf90",1
"C11orf49",1
"C12orf76",1
"C14orf183",1
"C15orf26",1
"C15orf52",1
"C16orf58",1
"C17orf102",1
"C17orf62",1
"C17orf82",1
"C19orf35",1
"C1GALT1",1
"C1orf115",1
"C1orf127",1
"C1orf147",1
"C1orf174",1
"C1orf228",1
"C1QC",1
"C1QTNF1",1
"C1QTNF4",1
"C2",1
"C2orf81",1
"C2orf82",1
"C2orf88",1
"C4orf19",1
"C4orf26",1
"C6orf223",1
"CA10",1
"CACNA1D",1
"CACNA1E",1
"CACNA2D2",1
"CACNA2D4",1
"CACYBPP3",1
"CADM3-AS1",1
"CADPS2",1
"CALCB",1
"CALML4",1
"CAPN10",1
"CAPS",1
"CAPS2",1
"CARNS1",1
"CASC10",1
"CASC15",1
"CASKIN1",1
"CBFA2T2",1
"CBX2",1
"CCDC102B",1
"CCDC13",1
"CCDC148-AS1",1
"CCDC169-SOHLH2",1
"CCDC3",1
"CCDC42B",1
"CCDC64B",1
"CCDC69",1
"CCDC80",1
"CCDC85A",1
"CCDC92",1
"CCL22",1
"CCL5",1
"CCM2",1
"CCNA1",1
"CCNG2",1
"CCR4",1
"CCR5",1
"CCR6",1
"CCSAP",1
"CD101",1
"CD19",1
"CD1D",1
"CD209",1
"CD34",1
"CD3D",1
"CD81",1
"CD9",1
"CD93",1
"CDC42BPB",1
"CDC42EP3",1
"CDH20",1
"CDHR2",1
"CDHR5",1
"CDK5R1",1
"CDK5RAP3",1
"CDON",1
"CDSN",1
"CEBPE",1
"CELF4",1
"CENPA",1
"CENPBD1P1",1
"CEP85",1
"CFDP1",1
"CH17-340M24.3",1
"CHCHD6",1
"CHD7",1
"CHKB",1
"CHMP4BP1",1
"CHORDC1",1
"chr22-38_28785274-29006793.1",1
"CHRD",1
"CHRNE",1
"CHST7",1
"CHST8",1
"CIART",1
"CIB4",1
"CKMT1A",1
"CLASP1",1
"CLCF1",1
"CLDN22",1
"CLIC5",1
"CLMN",1
"CLMP",1
"CLN5",1
"CLOCK",1
"CLSTN3",1
"CLUAP1",1
"CMSS1",1
"CMTM7",1
"CNOT8",1
"CNTFR",1
"COG5",1
"COL11A2",1
"COL24A1",1
"COL27A1",1
"COL2A1",1
"COL6A3",1
"COL8A2",1
"COLQ",1
"COMT",1
"CORO1A",1
"CORO1B",1
"CORO2B",1
"CORO7",1
"CORO7-PAM16",1
"COTL1",1
"CPA3",1
"CPNE1",1
"CPNE3",1
"CPT1A",1
"CRAMP1L",1
"CREB3L2",1
"CRLF1",1
"CROCC",1
"CSK",1
"CSMD2",1
"CSRP2BP",1
"CSTA",1
"CTA-833B7.2",1
"CTB-113P19.1",1
"CTB-133G6.1",1
"CTB-50L17.14",1
"CTB-55O6.8",1
"CTC-276P9.4",1
"CTC-428G20.6",1
"CTC-432M15.3",1
"CTC-435M10.3",1
"CTC-529P8.1",1
"CTD-2001E22.1",1
"CTD-2006M22.2",1
"CTD-2008P7.8",1
"CTD-2012M11.3",1
"CTD-2035E11.3",1
"CTD-2135J3.3",1
"CTD-2135J3.4",1
"CTD-2175A23.1",1
"CTD-2201E18.3",1
"CTD-2216M2.1",1
"CTD-2256P15.1",1
"CTD-2278I10.4",1
"CTD-2311M21.5",1
"CTD-2330K9.2",1
"CTD-2410N18.5",1
"CTD-2509G16.5",1
"CTD-2517M22.9",1
"CTD-2545M3.2",1
"CTD-2562J15.6",1
"CTD-3032H12.1",1
"CTD-3032H12.2",1
"CTD-3253I12.1",1
"CTNNB1",1
"CTNND2",1
"CTRB2",1
"CTSZ",1
"CTTN",1
"CTXN3",1
"CUEDC1",1
"CYFIP1",1
"CYP1A2",1
"CYP1B1-AS1",1
"CYP2F1",1
"CYSTM1",1
"DAGLA",1
"DAGLB",1
"DBNDD2",1
"DCAF5",1
"DCANP1",1
"DCHS1",1
"DCLK1",1
"DDR1",1
"DEAF1",1
"DEDD2",1
"DENND2A",1
"DENND3",1
"DENND5B",1
"DGKQ",1
"DHCR24",1
"DHRS12",1
"DHX29",1
"DIRC3",1
"DIXDC1",1
"DLG4",1
"DLGAP3",1
"DLGAP4-AS1",1
"DLX5",1
"DNAH10",1
"DNAH10OS",1
"DNAH17",1
"DNAJC5",1
"DNASE1L3",1
"DNM1",1
"DOCK2",1
"DOCK4",1
"DPF1",1
"DPH3",1
"DPY19L1P1",1
"DPYSL2",1
"DSCAML1",1
"DSG1",1
"DST",1
"DUSP2",1
"DYNC1I1",1
"EBF2",1
"ECHDC1",1
"EFCC1",1
"EFHD1",1
"EFNA1",1
"EFNA3",1
"EGFL8",1
"EGFR",1
"EIF4EBP2",1
"ELAVL1",1
"ELMO2",1
"ELMO3",1
"ELOVL5",1
"ELP3",1
"EMC10",1
"EMC3",1
"EMID1",1
"EML1",1
"EML6",1
"EN1",1
"ENC1",1
"ENTPD4",1
"EP400",1
"EPB41L1",1
"EPN1",1
"EPS15",1
"EPS8L3",1
"ERBB3",1
"ERI1",1
"ERICH1",1
"ERICH3",1
"ESRG",1
"ESRP2",1
"ESRRG",1
"ETNK2",1
"ETS1",1
"ETV2",1
"EVA1A",1
"EVI2A",1
"EXD3",1
"F11",1
"FABP7",1
"FAIM3",1
"FAM109A",1
"FAM111A",1
"FAM120B",1
"FAM124A",1
"FAM124B",1
"FAM135A",1
"FAM13A",1
"FAM157A",1
"FAM166B",1
"FAM167A",1
"FAM173B",1
"FAM178B",1
"FAM195A",1
"FAM19A2",1
"FAM19A5",1
"FAM222A",1
"FAM222A-AS1",1
"FAM53B",1
"FAM64A",1
"FAM71F2",1
"FAM78A",1
"FAM83A",1
"FAM92B",1
"FARP1",1
"FASTK",1
"FBLIM1",1
"FBLN7",1
"FBXL21",1
"FBXL8",1
"FBXO16",1
"FBXO34",1
"FBXW4",1
"FCER1A",1
"FCER1G",1
"FCRL2",1
"FCRL3",1
"FGD5",1
"FGF1",1
"FGF21",1
"FGFR4",1
"FHDC1",1
"FILIP1L",1
"FIP1L1",1
"FLI1",1
"FLJ37453",1
"FLVCR2",1
"FMN1",1
"FNDC4",1
"FOLR1",1
"FOSL1",1
"FOXL1",1
"FOXN3",1
"FOXP4",1
"FRMD4B",1
"FSCN3",1
"FSIP1",1
"FTH1",1
"FTLP10",1
"FURIN",1
"FUT1",1
"FUT7",1
"FXR2",1
"FXYD2",1
"FYN",1
"FZD4",1
"G6PC3",1
"GABBR1",1
"GAL3ST1",1
"GALNS",1
"GALNT16",1
"GAPT",1
"GAS7",1
"GATA3",1
"GATA6",1
"GBX1",1
"GCC1",1
"GCKR",1
"GDNF",1
"GFI1",1
"GGA1",1
"GGA2",1
"GGACT",1
"GGT1",1
"GHRL",1
"GHRLOS",1
"GIMAP8",1
"GJA4",1
"GJC3",1
"GLI3",1
"GLIPR1L1",1
"GM2A",1
"GMPR",1
"GNA11",1
"GNA12",1
"GNAZ",1
"GNG12-AS1",1
"GNG3",1
"GNG7",1
"GNPTAB",1
"GOT2",1
"GP1BA",1
"GP1BB",1
"GP5",1
"GPD1L",1
"GPD2",1
"GPR125",1
"GPR128",1
"GPR132",1
"GPR35",1
"GPR56",1
"GPRC5B",1
"GPRC5C",1
"GRAMD1B",1
"GRAMD3",1
"GRHL2",1
"GRHL3",1
"GRID1",1
"GRID1-AS1",1
"GRID2",1
"GRIK2",1
"GRIK4",1
"GRIN2D",1
"GS1-21A4.2",1
"GSE1",1
"GSG1L",1
"HABP2",1
"HAPLN1",1
"HAVCR2",1
"HBEGF",1
"HCAR1",1
"HCG4P11",1
"HCLS1",1
"HDAC4",1
"HELLPAR",1
"HELZ",1
"HERC1",1
"HEXB",1
"HEXDC",1
"HFE2",1
"HHLA2",1
"HIP1R",1
"HIST1H2BB",1
"HIST1H4L",1
"HIVEP2",1
"HK3",1
"HLA-F",1
"HLF",1
"HMGA1P8",1
"HMGB1",1
"HMGB1P21",1
"HMHA1",1
"HNRNPM",1
"HOXA3",1
"HOXA-AS2",1
"HOXB7",1
"HOXB8",1
"HOXD4",1
"HOXD-AS2",1
"HR",1
"HS6ST1",1
"HSD3B1",1
"HSD3B7",1
"HSPA12A",1
"HTR6",1
"ICAM2",1
"IFFO1",1
"IFITM1",1
"IFITM2",1
"IFT43",1
"IGF2BP3",1
"IGLL1",1
"IGSF21",1
"IKBKE",1
"IL17B",1
"IL17RE",1
"IL1F10",1
"IL1RAPL2",1
"IL1RN",1
"IL22RA2",1
"IL34",1
"IL36G",1
"IL9",1
"INS",1
"INS-IGF2",1
"INSR",1
"INTS1",1
"IPO9-AS1",1
"IQCE",1
"ITFG3",1
"ITGA2",1
"ITGAE",1
"ITGB2",1
"ITGB4",1
"ITGB5",1
"ITIH1",1
"ITIH3",1
"ITK",1
"ITM2C",1
"ITPR1",1
"ITPR3",1
"ITPRIP",1
"IZUMO1",1
"JARID2",1
"JPH3",1
"KALRN",1
"KATNAL2",1
"KB-1410C5.1",1
"KCND3",1
"KCNH3",1
"KCNJ4",1
"KCNJ5",1
"KCNK17",1
"KCNK7",1
"KCNMA1",1
"KCNQ1",1
"KCNQ1DN",1
"KDM2A",1
"KDM4B",1
"KIAA0226L",1
"KIAA0319L",1
"KIAA0513",1
"KIAA0930",1
"KIAA1033",1
"KIAA1161",1
"KIAA1211",1
"KIAA1257",1
"KIAA1324",1
"KIAA1614",1
"KIAA1614-AS1",1
"KIAA1731NL",1
"KIF26A",1
"KIF6",1
"KIF9",1
"KITLG",1
"KLF3-AS1",1
"KLF7",1
"KLHDC7A",1
"KLHDC7B",1
"KLHL18",1
"KLHL21",1
"KLHL24",1
"KLHL33",1
"KLHL6",1
"KRBOX1",1
"KREMEN1",1
"KRT12",1
"KRT15",1
"KRT16P4",1
"KRT42P",1
"KRT80",1
"KSR2",1
"KTN1",1
"LA16c-390H2.1",1
"LA16c-431H6.6",1
"LA16c-444G7.1",1
"LAG3",1
"LAMB1",1
"LAPTM4B",1
"LASP1",1
"LAX1",1
"LBH",1
"LCN8",1
"LDLRAD3",1
"LDLRAD4",1
"LECT2",1
"LEKR1",1
"LEMD2",1
"LETM2",1
"LFNG",1
"LGALS12",1
"LGALS8",1
"LGALS9C",1
"LGMN",1
"LHFPL2",1
"LHX4-AS1",1
"LIM2",1
"LINC00092",1
"LINC00299",1
"LINC00311",1
"LINC00324",1
"LINC00402",1
"LINC00511",1
"LINC00536",1
"LINC00578",1
"LINC00593",1
"LINC00599",1
"LINC00619",1
"LINC00683",1
"LINC00856",1
"LINC00880",1
"LINC00885",1
"LINC00901",1
"LINC00925",1
"LINC00997",1
"LINC01018",1
"LINC01030",1
"LINC01057",1
"LINC01073",1
"LINC01101",1
"LINC01105",1
"LINC01107",1
"LINC01121",1
"LINC01331",1
"LINC01397",1
"LINGO4",1
"LIPJ",1
"LL09NC01-251B2.3",1
"LL22NC03-63E9.3",1
"LLfos-48D6.2",1
"LMTK2",1
"LMTK3",1
"LMX1A",1
"LNX1",1
"LOXL1",1
"LPP-AS2",1
"LRP1",1
"LRP11",1
"LRP8",1
"LRRC1",1
"LRRC14B",1
"LRRC43",1
"LRRC8D",1
"LRRN1",1
"LTB",1
"LTBP1",1
"LTBP3",1
"LUZP2",1
"LY6G6C",1
"LYL1",1
"MAL2",1
"MALSU1",1
"MAML1",1
"MAP1LC3B2",1
"MAP1S",1
"MAP3K3",1
"MAP3K5",1
"MAPK8IP2",1
"MAPRE3",1
"MARCH10",1
"MARK2",1
"MASP1",1
"MAST4",1
"MB21D2",1
"MBP",1
"MCIDAS",1
"MCM6",1
"MDFI",1
"MEAF6",1
"MED7",1
"MEF2D",1
"MEG9",1
"MESP2",1
"METAP1D",1
"METTL7AP1",1
"METTL8",1
"MEX3C",1
"MFNG",1
"MFSD12",1
"MFSD4",1
"MGAT5B",1
"MGLL",1
"MGMT",1
"MGRN1",1
"MICAL3",1
"MINK1",1
"MIR1199",1
"MIR1227",1
"MIR1228",1
"MIR1238",1
"MIR124-2HG",1
"MIR22HG",1
"MIR3622B",1
"MIR3679",1
"MIR4321",1
"MIR4425",1
"MIR4479",1
"MIR4736",1
"MIR4761",1
"MIR584",1
"MIR623",1
"MIR6510",1
"MIR6773",1
"MIR6813",1
"MIR6891",1
"MIR770",1
"MIR941-2",1
"MIR96",1
"MIRLET7BHG",1
"MITF",1
"MLK7-AS1",1
"MLKL",1
"MLLT10",1
"MMP17",1
"MNAT1",1
"MORF4L1",1
"MPPED2",1
"MRC2",1
"MRGPRX2",1
"MRI1",1
"MRPL34",1
"MRVI1-AS1",1
"MS4A1",1
"MSH3",1
"MSX1",1
"MT1A",1
"MT1JP",1
"MTA3",1
"MTFR1L",1
"MTHFD2L",1
"MTL5",1
"MTMR11",1
"MTMR7",1
"MTSS1L",1
"MUC15",1
"MX2",1
"MYADM",1
"MYBPC1",1
"MYH14",1
"MYH6",1
"MYL10",1
"MYLK2",1
"MYO10",1
"MYO1C",1
"MYO3B",1
"MYO5C",1
"MYOZ3",1
"NADK2",1
"NAGK",1
"NAP1L4",1
"NAV2-AS2",1
"NCDN",1
"NCF4",1
"NCK2",1
"NCKAP5",1
"NCLN",1
"NCMAP",1
"NDUFA7",1
"NDUFS2",1
"NEDD1",1
"NES",1
"NFAM1",1
"NFAT5",1
"NFE2L3",1
"NFIB",1
"NFIC",1
"NFKB2",1
"NFKBIE",1
"NFKBIZ",1
"NHLRC4",1
"NLGN2",1
"NMNAT2",1
"NOL3",1
"NOP14",1
"NOP14-AS1",1
"NOS3",1
"NOTUM",1
"NPAS3",1
"NPPC",1
"NPY",1
"NR2F1",1
"NR4A2",1
"NRBP2",1
"NRP2",1
"NRROS",1
"NSMCE1",1
"NSUN5",1
"NSUN5P1",1
"NSUN5P2",1
"NT5E",1
"NTHL1",1
"NUDC",1
"NUDT4",1
"NUP153",1
"NUP210",1
"OAT",1
"OFCC1",1
"OPCML-IT1",1
"OR4N2",1
"OR7E14P",1
"ORMDL3",1
"OSBP2",1
"OSBPL3",1
"OSBPL6",1
"OTOG",1
"OTX1",1
"OVOL2",1
"P2RX1",1
"P2RY6",1
"PACSIN2",1
"PADI4",1
"PAH",1
"PAQR4",1
"PAQR5",1
"PARD3B",1
"PARD6B",1
"PARVA",1
"PATZ1",1
"PAX7",1
"PAX9",1
"PBOV1",1
"PCAT29",1
"PCBP1-AS1",1
"PCCA",1
"PCDHA1",1
"PCDHA10",1
"PCDHA11",1
"PCDHA12",1
"PCDHA13",1
"PCDHA2",1
"PCDHA3",1
"PCDHA4",1
"PCDHA5",1
"PCDHA6",1
"PCDHA7",1
"PCDHA8",1
"PCDHA9",1
"PCED1B",1
"PCNT",1
"PDAP1",1
"PDE4D",1
"PDGFA",1
"PDXK",1
"PDZRN3-AS1",1
"PEAR1",1
"PELP1",1
"PGGT1B",1
"PGS1",1
"PHB2",1
"PHF13",1
"PHGDH",1
"PHTF2",1
"PIGQ",1
"PIGX",1
"PIK3CD",1
"PIK3CD-AS1",1
"PIK3R1",1
"PITPNM2",1
"PITX1",1
"pk",1
"PKD2L2",1
"PKIB",1
"PKMYT1",1
"PKNOX2",1
"PLA2G2F",1
"PLA2G4E",1
"PLA2G4E-AS1",1
"PLCD3",1
"PLEK",1
"PLEKHA6",1
"PLEKHF1",1
"PLEKHG3",1
"PLEKHG7",1
"PLEKHH3",1
"PLEKHJ1",1
"PLIN5",1
"PLXNA1",1
"PLXNB1",1
"PLXND1",1
"PMM1",1
"PNMA2",1
"PNOC",1
"POFUT2",1
"POLR1D",1
"POLR2E",1
"POM121",1
"POMGNT1",1
"PON2",1
"POU2AF1",1
"PPAP2B",1
"PPAP2C",1
"PPFIA1",1
"PPFIBP2",1
"PPM1F",1
"PPP1R13L",1
"PPP1R16B",1
"PPP1R17",1
"PPP6R1",1
"PPY2",1
"PRAME",1
"PRCD",1
"PRDM16",1
"PRDX5",1
"PRELID2",1
"PRF1",1
"PRH1",1
"PRH1-PRR4",1
"PRIMA1",1
"PRKCA",1
"PRKCZ",1
"PRLR",1
"PROCA1",1
"PRR12",1
"PRR4",1
"PRR5-ARHGAP8",1
"PRR7-AS1",1
"PRSS12",1
"PRSS23",1
"PRSS27",1
"PRX",1
"PSAT1P1",1
"PSME3",1
"PTGER4",1
"PTK7",1
"PTPN22",1
"PTPRCAP",1
"PTPRD-AS1",1
"PTPRN2",1
"PUM1",1
"PVRL1",1
"PVT1",1
"PYROXD2",1
"R3HCC1L",1
"RAB19",1
"RAB40B",1
"RAB40C",1
"RAB6B",1
"RABEP2",1
"RABL6",1
"RAD9A",1
"RAI1",1
"RAPGEF2",1
"RAPGEF6",1
"RARA",1
"RASA3",1
"RASGRP1",1
"RBFOX3",1
"RBM12",1
"RBM14-RBM4",1
"RBM28",1
"RBM33",1
"RBM47",1
"RBMS1",1
"RBP5",1
"RBPMS",1
"RCAN3",1
"RCSD1",1
"RD3",1
"RECQL5",1
"REG4",1
"RELL2",1
"RELT",1
"RFTN1",1
"RFXAP",1
"RGMA",1
"RGS1",1
"RGS10",1
"RGS19",1
"RHOF",1
"RHOG",1
"RHOH",1
"RIPK4",1
"RLBP1",1
"RLTPR",1
"RMDN1",1
"RMST",1
"RN7SKP249",1
"RN7SL36P",1
"RN7SL471P",1
"RNASE6",1
"RND1",1
"RNF145",1
"RNF166",1
"RNF186",1
"RNF220",1
"RNLS",1
"RNU1-117P",1
"RNU2-19P",1
"RNU4-39P",1
"RNU5F-1",1
"RNU7-140P",1
"ROR1",1
"RP11-1055B8.1",1
"RP11-10N16.3",1
"RP11-114H23.1",1
"RP11-120M18.2",1
"RP11-123M6.2",1
"RP11-1299A16.3",1
"RP11-12J10.3",1
"RP11-131L23.1",1
"RP11-136C24.3",1
"RP11-13A1.3",1
"RP11-141E13.1",1
"RP11-141M3.6",1
"RP11-146I2.1",1
"RP11-151A6.4",1
"RP11-152L20.3",1
"RP11-156L14.1",1
"RP11-162P23.2",1
"RP11-167N24.3",1
"RP11-16P20.4",1
"RP11-175K6.1",1
"RP11-175O19.4",1
"RP11-186B7.7",1
"RP11-191L9.4",1
"RP11-192H23.4",1
"RP11-201K10.3",1
"RP11-203M5.8",1
"RP11-218D6.4",1
"RP11-21A7A.2",1
"RP11-229P13.27",1
"RP11-23D24.2",1
"RP11-23J9.3",1
"RP11-245J24.1",1
"RP11-24F11.2",1
"RP11-272P10.3",1
"RP11-279F6.1",1
"RP11-284F21.9",1
"RP11-302M6.4",1
"RP11-306G20.1",1
"RP11-310H4.1",1
"RP11-315D16.2",1
"RP11-317G6.1",1
"RP11-319G6.1",1
"RP11-31F15.2",1
"RP11-326C3.7",1
"RP11-326I11.4",1
"RP11-330H6.5",1
"RP11-333E1.1",1
"RP11-343K8.3",1
"RP11-349F21.1",1
"RP11-34F20.7",1
"RP11-359E8.3",1
"RP11-360L9.4",1
"RP11-363J20.2",1
"RP11-367G18.1",1
"RP11-367J11.2",1
"RP11-380I10.4",1
"RP11-381K20.2",1
"RP11-394O4.5",1
"RP11-398G24.2",1
"RP11-401F2.3",1
"RP11-408H1.3",1
"RP11-410D17.2",1
"RP11-415F23.3",1
"RP11-426C22.4",1
"RP11-434E6.2",1
"RP11-44N11.2",1
"RP11-455F5.3",1
"RP11-455F5.5",1
"RP11-461L13.4",1
"RP11-461O14.3",1
"RP11-465B22.8",1
"RP11-469H8.6",1
"RP11-46A10.5",1
"RP11-482H16.1",1
"RP11-48B3.5",1
"RP11-497H17.1",1
"RP11-498C9.17",1
"RP11-503C24.3",1
"RP11-503C24.4",1
"RP11-513G11.3",1
"RP11-514D23.2",1
"RP11-517I3.1",1
"RP11-51F16.1",1
"RP11-531H8.2",1
"RP11-539E17.5",1
"RP11-540D14.8",1
"RP11-54O7.1",1
"RP11-54O7.16",1
"RP11-54O7.2",1
"RP11-556I13.2",1
"RP11-572C15.5",1
"RP11-573G6.4",1
"RP11-573N10.1",1
"RP11-585P4.6",1
"RP11-589C21.5",1
"RP11-58E21.5",1
"RP11-58E21.7",1
"RP11-5A19.5",1
"RP11-60L3.1",1
"RP11-616M22.5",1
"RP11-624G17.3",1
"RP11-624L4.1",1
"RP11-627G18.2",1
"RP11-65F13.3",1
"RP11-65J21.3",1
"RP11-65M17.3",1
"RP11-662I13.3",1
"RP11-67P15.1",1
"RP11-680B3.2",1
"RP11-680F8.3",1
"RP11-685B14.3",1
"RP11-689B22.2",1
"RP1-168P16.2",1
"RP11-691N7.6",1
"RP11-6N17.9",1
"RP11-70C1.3",1
"RP11-712B9.2",1
"RP11-734K21.4",1
"RP11-73M7.1",1
"RP11-750H9.5",1
"RP11-753H16.3",1
"RP11-753H16.5",1
"RP11-759A24.3",1
"RP11-761I4.4",1
"RP11-794P6.1",1
"RP11-807H22.7",1
"RP11-81H3.2",1
"RP11-834C11.14",1
"RP11-839D17.3",1
"RP11-89G4.1",1
"RP11-900F13.3",1
"RP11-902B17.1",1
"RP11-91K11.2",1
"RP11-91K9.1",1
"RP1-225E12.2",1
"RP1-228P16.3",1
"RP1-249H1.2",1
"RP1-257A7.4",1
"RP1-290I10.3",1
"RP1-309K20.6",1
"RP1-317E23.7",1
"RP13-279N23.2",1
"RP1-34H18.1",1
"RP13-554M15.7",1
"RP3-399L15.2",1
"RP3-405J10.4",1
"RP3-455J7.4",1
"RP3-468B3.2",1
"RP4-536B24.3",1
"RP4-536B24.4",1
"RP4-584D14.5",1
"RP4-604G5.1",1
"RP4-613B23.5",1
"RP4-621N11.2",1
"RP4-735C1.4",1
"RP4-801G22.3",1
"RP5-1018K9.1",1
"RP5-1029K10.2",1
"RP5-1061H20.5",1
"RP5-1063M23.2",1
"RP5-1120P11.1",1
"RP5-1142A6.2",1
"RP5-1142A6.7",1
"RP5-1157M23.2",1
"RP5-1166A24.1",1
"RP5-855F14.2",1
"RP5-858L17.1",1
"RP5-899B16.1",1
"RP5-916O11.3",1
"RP6-109B7.4",1
"RPH3AL",1
"RPL37A",1
"RPTOR",1
"RRM2B",1
"RSAD1",1
"RTKN",1
"RTN1",1
"RTN4RL2",1
"S100A10",1
"S100A4",1
"SAMD12",1
"SAMD14",1
"SAMM50",1
"SARM1",1
"SBSPON",1
"SCARA5",1
"SCARNA12",1
"SCD",1
"SCGB2A2",1
"SCIMP",1
"SCNN1D",1
"SCOC",1
"SCOC-AS1",1
"SCT",1
"SDE2",1
"SDF4",1
"SDK1",1
"SEL1L3",1
"SELPLG",1
"SEMA3C",1
"SEMA4G",1
"SEPT1",1
"SEPT5",1
"SEPT9",1
"SERINC2",1
"SERINC5",1
"SERPINI1",1
"SETD1A",1
"SETDB2",1
"SETMAR",1
"SGPP2",1
"SH2D3C",1
"SH3BP1",1
"SH3BP2",1
"SH3BP5L",1
"SH3D21",1
"SH3GLB2",1
"SH3TC2",1
"SHBG",1
"SHC3",1
"SHC4",1
"SHMT2",1
"SIGIRR",1
"SIGLEC15",1
"SIGLEC7",1
"SIL1",1
"SIRPA",1
"SIT1",1
"SIX3",1
"SIX3-AS1",1
"SKIV2L2",1
"SKP1",1
"SLAIN2",1
"SLC12A7",1
"SLC15A3",1
"SLC16A5",1
"SLC17A3",1
"SLC22A20",1
"SLC22A23",1
"SLC22A8",1
"SLC25A10",1
"SLC25A21",1
"SLC29A4",1
"SLC2A6",1
"SLC35D3",1
"SLC35F6",1
"SLC37A3",1
"SLC45A3",1
"SLC45A4",1
"SLC47A1",1
"SLC5A2",1
"SLC6A9",1
"SLC9A1",1
"SLCO2A1",1
"SLCO3A1",1
"SLFNL1",1
"SLFNL1-AS1",1
"SLMAP",1
"SLMO1",1
"SMC5",1
"SMIM12",1
"SMIM2-AS1",1
"SMTNL2",1
"SNN",1
"SNORD17",1
"SNRPD3",1
"SNX21",1
"SNX29",1
"SNX5",1
"SNX8",1
"SOHLH2",1
"SORBS1",1
"SORT1",1
"SOX18",1
"SOX6",1
"SP110",1
"SP140",1
"SP7",1
"SPAG17",1
"SPATA33",1
"SPECC1L-ADORA2A",1
"SPEN",1
"SPG7",1
"SPINK8",1
"SPIRE2",1
"SPO11",1
"SPRED2",1
"SPSB3",1
"SRRM3",1
"SSBP4",1
"SSH3",1
"SSPN",1
"SSR4P1",1
"STAB1",1
"STAP1",1
"STEAP3",1
"STIM1",1
"STK39",1
"STON2",1
"STPG1",1
"STRIP1",1
"STX18",1
"SULF2",1
"SVIL-AS1",1
"SYN3",1
"SYNE4",1
"SYNGAP1",1
"SYNJ2",1
"SYS1-DBNDD2",1
"SYT7",1
"SYTL3",1
"TADA2B",1
"TANC1",1
"TANGO6",1
"TAP2",1
"TAS2R40",1
"TBC1D19",1
"TBC1D20",1
"TBC1D7",1
"TBCK",1
"TBX1",1
"TBX3",1
"TCEA2",1
"TCERG1L",1
"TCF23",1
"TCF7L1",1
"TCP11",1
"TEAD3",1
"TEPP",1
"TESC",1
"TEX2",1
"TFAP2A-AS1",1
"TFEC",1
"TFPI",1
"TGFB1I1",1
"TGFB3",1
"TGIF2",1
"TGIF2-C20orf24",1
"THAP3",1
"THUMPD3",1
"THUMPD3-AS1",1
"TIE1",1
"TIFAB",1
"TIMP2",1
"TINAGL1",1
"TJAP1",1
"TLL1",1
"TLR1",1
"TLR9",1
"TM4SF4",1
"TMEM104",1
"TMEM108",1
"TMEM132E",1
"TMEM150B",1
"TMEM165",1
"TMEM171",1
"TMEM189-UBE2V1",1
"TMEM45A",1
"TMEM63A",1
"TMEM8A",1
"TMEM8B",1
"TMIGD2",1
"TMPRSS4",1
"TMPRSS4-AS1",1
"TMUB1",1
"TNFAIP8L1",1
"TNFRSF8",1
"TNFSF12-TNFSF13",1
"TNFSF13",1
"TNNT2",1
"TOLLIP",1
"TP53TG5",1
"TPM4",1
"TPRA1",1
"TPRKBP2",1
"TPSD1",1
"TPT1-AS1",1
"TRADD",1
"TRAF2",1
"TRAF3IP1",1
"TRAF3IP3",1
"TRAF5",1
"TRAF7",1
"TRAJ20",1
"TRAJ21",1
"TRAJ24",1
"TRAJ25",1
"TRAPPC9",1
"TRBC2",1
"TRBV25-1",1
"TRBV27",1
"TRBV30",1
"TREML2",1
"TRERF1",1
"TRG-AS1",1
"TRGC2",1
"TRGV5",1
"TRIM46",1
"TRIO",1
"TRMT1",1
"TRMT44",1
"TRNP1",1
"TRPC2",1
"TRPM1",1
"TRPV4",1
"TSPAN31",1
"TTC12",1
"TTC7A",1
"TTC9",1
"TTLL10",1
"TTLL8",1
"TWF2",1
"U47924.29",1
"U7",1
"U91328.2",1
"UBALD2",1
"UBE2O",1
"UBE2V1",1
"UBE2Z",1
"UBE3C",1
"UBR4",1
"UCP3",1
"UHRF1",1
"ULK4",1
"UMODL1",1
"UMODL1-AS1",1
"UPK3B",1
"USP10",1
"USP15",1
"USP2",1
"USP25",1
"USP36",1
"USP40",1
"USP43",1
"UST",1
"UTRN",1
"UXS1",1
"VAC14",1
"VASN",1
"VAV2",1
"VAX2",1
"VEGFB",1
"VGLL4",1
"VMAC",1
"VWA5B1",1
"VWCE",1
"WBP1L",1
"WDFY4",1
"WDPCP",1
"WDR1",1
"WDR3",1
"WDR5",1
"WDR90",1
"WIPF3",1
"WIPI2",1
"WLS",1
"WNT6",1
"WRAP73",1
"WSCD1",1
"WWC2",1
"WWTR1",1
"XAB2",1
"XIRP1",1
"XPO6",1
"XXbac-BPG246D15.9",1
"XXYLT1",1
"XXYLT1-AS2",1
"YPEL2",1
"Y_RNA",1
"Z97634.3",1
"ZBP1",1
"ZBTB10",1
"ZBTB12",1
"ZBTB40",1
"ZBTB47",1
"ZC3H12D",1
"ZCCHC14",1
"ZDHHC14",1
"ZDHHC7",1
"ZFP42",1
"ZMIZ1-AS1",1
"ZNF296",1
"ZNF395",1
"ZNF48",1
"ZNF487",1
"ZNF512B",1
"ZNF536",1
"ZNF589",1
"ZNF672",1
"ZNF697",1
"ZNF750",1
"ZNF823",1
"ZNRF2",1
