"Var1","Freq"
"DIP2C",10
"EIF2B5",8
"GABBR1",8
"PTPRN2",8
"HOXC6",7
"RP11-834C11.12",7
"SLC12A7",7
"NAV2",6
"PRDM16",6
"AC009336.19",5
"ADARB2",5
"HOXD3",5
"WNT5B",5
"C1orf210",4
"C7orf50",4
"CAPN2",4
"EHD1",4
"FBRSL1",4
"HOXC4",4
"KCNQ1",4
"LAMA3",4
"LMF1",4
"MSLN",4
"PFKFB3",4
"RGS12",4
"AMZ1",3
"ANO1",3
"ATOH8",3
"ATP8A2",3
"BCAS4",3
"CA5A",3
"CAPN13",3
"DEAF1",3
"DENND2A",3
"EPS8L2",3
"FLJ12825",3
"GRAMD4",3
"HPCAL1",3
"KRT86",3
"KRT87P",3
"KSR1",3
"LINC01140",3
"MCF2L",3
"MGRN1",3
"MIR6832",3
"MYLK",3
"NCOR2",3
"PDGFA",3
"PKP3",3
"PLCH2",3
"PRRC2A",3
"RIPK4",3
"RP11-168L7.3",3
"RP11-264L1.4",3
"RP11-834C11.14",3
"RP4-800J21.3",3
"RP5-1052I5.2",3
"RTKN",3
"SIM2",3
"SORCS2",3
"TBCD",3
"TEAD1",3
"TNXB",3
"VGLL4",3
"VWCE",3
"WDR90",3
"ZFPM1",3
"ZMIZ1",3
"ABR",2
"AC005262.2",2
"AC017104.6",2
"AC069368.3",2
"ADCY9",2
"ANXA2R",2
"ARHGEF10",2
"ARHGEF10L",2
"ARID1B",2
"ARMC9",2
"ATXN1",2
"BCAM",2
"BCAN",2
"BCAR1",2
"BDNF",2
"BDNF-AS",2
"BEST1",2
"BOC",2
"C11orf21",2
"C15orf53",2
"C17orf62",2
"CA12",2
"CARS",2
"CCDC81",2
"CCDC88C",2
"CCL22",2
"CD300A",2
"CHCHD6",2
"CLEC14A",2
"CMIP",2
"CMTM7",2
"COL1A1",2
"COL8A2",2
"CROCC",2
"CSTA",2
"CTB-113P19.1",2
"CTD-2201E18.3",2
"CTD-2527I21.15",2
"CX3CL1",2
"DCAKD",2
"DLGAP4-AS1",2
"DRAXIN",2
"ERICH1",2
"ESAM",2
"FAM20C",2
"FAM65B",2
"FAM83F",2
"FBRS",2
"FERMT3",2
"FIP1L1",2
"FLJ37453",2
"FLNC",2
"FZD2",2
"GALNT9",2
"GFAP",2
"GNA11",2
"GPR128",2
"GSDMA",2
"HDAC4",2
"HEPHL1",2
"HPN",2
"HPN-AS1",2
"IFFO2",2
"IGSF21",2
"IGSF9",2
"INPP5D",2
"ITGA2",2
"KAZN",2
"KCNQ2",2
"KDM4B",2
"KLHL3",2
"KRTDAP",2
"KSR2",2
"LA16c-431H6.6",2
"LAMB1",2
"LAMTOR5-AS1",2
"LINC00092",2
"LINC00593",2
"LINC01018",2
"LIPC",2
"LNX1",2
"LRRN1",2
"LTBP1",2
"MACROD1",2
"MFSD7",2
"MGAT5",2
"MIR124-2HG",2
"MIR503HG",2
"NELFB",2
"NFIA",2
"NTM",2
"OBSCN",2
"P4HA2",2
"PARP15",2
"PGPEP1L",2
"PHF21A",2
"PLCH1",2
"PLEKHH1",2
"PPP1R18",2
"PRKCA",2
"PRKCZ",2
"PROCA1",2
"PROM2",2
"PRR26",2
"PSMB9",2
"PUF60",2
"RAB40B",2
"RADIL",2
"RAP1GAP2",2
"RCC2",2
"RHOD",2
"RHOT2",2
"RNF126P1",2
"RNF144A-AS1",2
"ROR1",2
"RP11-166D19.1",2
"RP11-307N16.6",2
"RP11-355N15.1",2
"RP11-387A1.5",2
"RP11-455O6.8",2
"RP11-60L3.1",2
"RP11-654A16.3",2
"RP11-677M14.3",2
"RP11-685B14.3",2
"RP11-753H16.3",2
"RP11-753H16.5",2
"RP1-290I10.3",2
"RP5-1126H10.2",2
"RUNX1T1",2
"SAMD4A",2
"SBNO2",2
"SCFD2",2
"SEPT9",2
"SHANK2",2
"SIAH3",2
"SIGLEC15",2
"SLC16A3",2
"SLC38A10",2
"SLC4A11",2
"SMIM2-AS1",2
"SPATA13",2
"SPEG",2
"SPIRE2",2
"SPOCK2",2
"STAB1",2
"STK39",2
"STRA6",2
"SUMF1",2
"SUV420H1",2
"SYNJ2",2
"TBC1D10C",2
"TBC1D16",2
"TCF7",2
"TGIF2",2
"TMC8",2
"TNS1",2
"TOM1L1",2
"TRABD2B",2
"TRIO",2
"TRPM5",2
"TRPV4",2
"TSNARE1",2
"TYROBP",2
"U3",2
"UGT8",2
"UNKL",2
"VWA5B1",2
"WDR25",2
"WRAP73",2
"ZCCHC14",2
"ZFAT",2
"ZNF750",2
"AACS",1
"ABCA7",1
"ABCC3",1
"ABHD16B",1
"ABHD2",1
"ABI3",1
"ABL1",1
"ABLIM1",1
"ABTB2",1
"AC002550.5",1
"AC003958.2",1
"AC004156.3",1
"AC004231.2",1
"AC004471.10",1
"AC004637.1",1
"AC004702.2",1
"AC004893.11",1
"AC005592.2",1
"AC005786.7",1
"AC005932.1",1
"AC006547.8",1
"AC006947.1",1
"AC007365.1",1
"AC007560.1",1
"AC007952.5",1
"AC008063.2",1
"AC008937.2",1
"AC009133.17",1
"AC010136.2",1
"AC010761.8",1
"AC011747.3",1
"AC011899.9",1
"AC012307.2",1
"AC016292.1",1
"AC016543.1",1
"AC016683.5",1
"AC016723.4",1
"AC024592.12",1
"AC025165.8",1
"AC025171.1",1
"AC034187.2",1
"AC053503.11",1
"AC068831.6",1
"AC069213.1",1
"AC072062.1",1
"AC073283.4",1
"AC078942.1",1
"AC079610.1",1
"AC093249.1",1
"AC093388.3",1
"AC093642.1",1
"AC098820.3",1
"AC104532.2",1
"AC106869.2",1
"AC108025.2",1
"AC108142.1",1
"AC110781.3",1
"AC111186.1",1
"AC114730.11",1
"AC141586.5",1
"ACOT7",1
"ACSF2",1
"ACSF3",1
"ACTA2",1
"ACTN1",1
"ACVRL1",1
"ADAM11",1
"ADAMTS10",1
"ADAMTS2",1
"ADK",1
"ADORA1",1
"ADORA2A",1
"ADORA2A-AS1",1
"ADPRHL2",1
"ADRM1",1
"AFAP1",1
"AFAP1-AS1",1
"AGAP1",1
"AGAP3",1
"AGO2",1
"AGPAT1",1
"AGPAT3",1
"AHDC1",1
"AK1",1
"AK5",1
"AKR1D1",1
"AL132709.5",1
"AL161668.5",1
"ALOXE3",1
"AMICA1",1
"AMT",1
"ANK1",1
"ANKFY1",1
"ANKRD26P3",1
"ANKRD65",1
"ANO1-AS2",1
"ANPEP",1
"ANXA11",1
"AP000349.2",1
"AP000439.2",1
"AP004372.1",1
"AP3M2",1
"APCDD1",1
"APEX1",1
"APOA1-AS",1
"APOBEC3H",1
"APOL3",1
"AQP6",1
"ARAP3",1
"ARF5",1
"ARFGAP1",1
"ARFRP1",1
"ARHGAP39",1
"ARHGEF16",1
"ARHGEF17",1
"ARHGEF19",1
"ARHGEF28",1
"ARHGEF4",1
"ARHGEF40",1
"ARID3C",1
"ARID5A",1
"ARNT2",1
"ARPC4-TTLL3",1
"ARVCF",1
"ASCC1",1
"ASH2L",1
"ASPN",1
"ATG4B",1
"ATP11A",1
"ATP2A1",1
"ATP4B",1
"ATP5J2",1
"ATP5J2-PTCD1",1
"ATP6V1B2",1
"ATP6V1C1",1
"ATP9A",1
"ATPAF1",1
"AUH",1
"B3GALT4",1
"B3GNT7",1
"B4GALT2",1
"B4GAT1",1
"B9D2",1
"BCAS3",1
"BCL7A",1
"BCL9L",1
"BDKRB2",1
"BEAN1",1
"BEAN1-AS1",1
"BEGAIN",1
"BGLAP",1
"BICC1",1
"BMP6",1
"BNC1",1
"BNIP3",1
"BRD3",1
"BRI3",1
"BRPF1",1
"BRSK2",1
"BYSL",1
"C10orf10",1
"C10orf11",1
"C11orf53",1
"C12orf65",1
"C12orf80",1
"C14orf183",1
"C14orf79",1
"C16orf54",1
"C17orf107",1
"C17orf61-PLSCR3",1
"C1orf145",1
"C1orf147",1
"C1orf174",1
"C1orf21",1
"C1orf61",1
"C1QA",1
"C1QB",1
"C1QTNF1",1
"C1QTNF5",1
"C20orf197",1
"C2orf82",1
"C5orf47",1
"C6orf25",1
"C6orf62",1
"C7orf49",1
"C8orf49",1
"CACNA2D4",1
"CACNB4",1
"CALN1",1
"CAMSAP3",1
"CAND2",1
"CAPN10",1
"CAPZB",1
"CARD11",1
"CARD9",1
"CASC15",1
"CCDC144NL-AS1",1
"CCDC148",1
"CCDC148-AS1",1
"CCDC33",1
"CCDC92",1
"CCM2",1
"CD226",1
"CD28",1
"CD79B",1
"CD8B",1
"CDC42BPB",1
"CDCA4",1
"CDH23",1
"CDHR2",1
"CDK5",1
"CDK5R1",1
"CDT1",1
"CELSR1",1
"CENPP",1
"CEP104",1
"CEP170B",1
"CFB",1
"CHADL",1
"CHPF2",1
"CHRD",1
"CHRM5",1
"CHRNE",1
"CHTF18",1
"CILP2",1
"CIT",1
"CLCNKA",1
"CLDN22",1
"CLDN4",1
"CLDN6",1
"CLDN8",1
"CLIC1",1
"CLMN",1
"CNP",1
"CNTF",1
"CNTFR",1
"CNTNAP1",1
"COBL",1
"COL11A2",1
"COL12A1",1
"COL13A1",1
"COL26A1",1
"COL27A1",1
"COL4A2",1
"COL4A2-AS1",1
"COL7A1",1
"COL9A1",1
"COLEC11",1
"CORO1B",1
"CORO7",1
"CORO7-PAM16",1
"CPA3",1
"CPLX1",1
"CPNE3",1
"CPSF4L",1
"CRAMP1L",1
"CREB3L2",1
"CREB5",1
"CRIM1",1
"CRLF1",1
"CROCCP3",1
"CRYAB",1
"CRYGN",1
"CSF1",1
"CSGALNACT2",1
"CSK",1
"CSMD2",1
"CSRP1",1
"CTB-158D10.3",1
"CTBP2",1
"CTC-435M10.3",1
"CTC-529P8.1",1
"CTD-2012M11.3",1
"CTD-2023N9.1",1
"CTD-2062F14.3",1
"CTD-2311M21.5",1
"CTD-2337A12.1",1
"CTD-2349B8.1",1
"CTD-2384B11.2",1
"CTD-2535L24.2",1
"CTD-2545M3.2",1
"CTD-2555A7.2",1
"CTD-2576F9.1",1
"CTD-2576F9.2",1
"CTD-2600O9.1",1
"CTD-3193K9.3",1
"CUEDC1",1
"CUL3",1
"CYB5D2",1
"CYP4A44P",1
"DAAM2",1
"DAB1",1
"DAGLB",1
"DAZAP1",1
"DBX1",1
"DCANP1",1
"DCHS1",1
"DCLK2",1
"DCST1",1
"DCST2",1
"DDR1",1
"DEDD2",1
"DEPDC5",1
"DERL3",1
"DGUOK",1
"DIO3OS",1
"DLX2-AS1",1
"DNAH10",1
"DNAH10OS",1
"DNAJC5",1
"DOCK9",1
"DOT1L",1
"DPEP2",1
"DPF1",1
"DPY19L2P1",1
"DRD4",1
"DROSHA",1
"DSCAML1",1
"DTNB",1
"DUS2",1
"DUSP2",1
"DXO",1
"DYNC2H1",1
"E2F5",1
"EAF1-AS1",1
"EDEM1",1
"EDN2",1
"EFCAB11",1
"EFR3B",1
"EHD4",1
"EIF3B",1
"ELF3",1
"ELOVL7",1
"ELP4",1
"ELTD1",1
"EMC10",1
"EMX1",1
"ENOX1",1
"EP400",1
"EPHB1",1
"EPS8",1
"EPX",1
"ERG",1
"ERICH6B",1
"ESPN",1
"ESRP2",1
"ESX1",1
"ETS1",1
"EVI2A",1
"EXOC3",1
"EXOC3-AS1",1
"F2R",1
"F2RL2",1
"FADS2",1
"FAIM3",1
"FAM101A",1
"FAM129C",1
"FAM132B",1
"FAM13A",1
"FAM160B2",1
"FAM166B",1
"FAM168B",1
"FAM180A",1
"FAM207A",1
"FAM222A",1
"FAM222A-AS1",1
"FAM222B",1
"FAM3B",1
"FAM53A",1
"FAM83G",1
"FBLIM1",1
"FBXL17",1
"FBXL18",1
"FBXL21",1
"FBXW4",1
"FCHO1",1
"FDPS",1
"FEN1",1
"FGD2",1
"FGD5",1
"FGF19",1
"FGFR1",1
"FLI1",1
"FMN1",1
"FOLR1",1
"FOS",1
"FOXK2",1
"FOXL2NB",1
"FOXP4",1
"FRMD1",1
"FRMD4B",1
"FRMD6",1
"FRMD6-AS2",1
"FSCN3",1
"FSIP1",1
"FURIN",1
"FUT6",1
"FXYD2",1
"FXYD6",1
"FXYD6-FXYD2",1
"FZD4",1
"FZD8",1
"GABPB1",1
"GABRD",1
"GAL3ST2",1
"GALE",1
"GALNS",1
"GALNT16",1
"GALNT18",1
"GAREM",1
"GAREML",1
"GATA2",1
"GCC1",1
"GFOD1",1
"GGA2",1
"GGACT",1
"GGT1",1
"GIGYF1",1
"GINS3",1
"GIPC2",1
"GJC2",1
"GLI2",1
"GMDS",1
"GMDS-AS1",1
"GNA12",1
"GNAS",1
"GNAZ",1
"GNG12-AS1",1
"GNGT2",1
"GNPTAB",1
"GOLGA7B",1
"GP5",1
"GP9",1
"GPD1L",1
"GPR123",1
"GPR146",1
"GPR37",1
"GPRC5B",1
"GPRC5C",1
"GPSM1",1
"GRAMD1B",1
"GREB1",1
"GRHL3",1
"GRID2",1
"GRIK4",1
"GRIN2D",1
"GRK5",1
"GRK6",1
"GRK7",1
"GRM4",1
"GRM5",1
"GRM5-AS1",1
"GUCD1",1
"GUCY1B2",1
"H2AFY2",1
"H6PD",1
"HECW2",1
"HEG1",1
"HGS",1
"HHAT",1
"HILS1",1
"HIP1R",1
"HLA-DMB",1
"HMGA2",1
"HMHA1",1
"HN1L",1
"HOMER3",1
"HOXB7",1
"HOXB9",1
"HOXD9",1
"HOXD-AS2",1
"HR",1
"HS3ST6",1
"HSD3B7",1
"HSPB2",1
"HSPB2-C11orf52",1
"HSPG2",1
"HYAL2",1
"HZGJ",1
"ID3",1
"IDO2",1
"IGF1R",1
"IGLVI-70",1
"IKBKE",1
"ILDR1",1
"INF2",1
"INPP5K",1
"INSM1",1
"IPO9-AS1",1
"IQCG",1
"IQCJ-SCHIP1",1
"IQCK",1
"IRX6",1
"ISYNA1",1
"ITGA11",1
"ITGAD",1
"ITGB4",1
"ITGB7",1
"ITIH3",1
"IVNS1ABP",1
"IZUMO1",1
"JAKMIP3",1
"JAM3",1
"JPH3",1
"KB-1980E6.3",1
"KCNC4",1
"KCND1",1
"KCNH3",1
"KCNH4",1
"KCNK15",1
"KCNK15-AS1",1
"KCNK5",1
"KCNMA1",1
"KCNN3",1
"KCNQ1-AS1",1
"KCNQ4",1
"KCNS1",1
"KCP",1
"KCTD1",1
"KCTD7",1
"KDM4A",1
"KIAA0226L",1
"KIAA0513",1
"KIAA0556",1
"KIAA0930",1
"KIAA1462",1
"KIAA1614",1
"KIAA1614-AS1",1
"KIAA1671",1
"KIF26A",1
"KIFC3",1
"KIRREL2",1
"KLC1",1
"KLF11",1
"KLHL29",1
"KNDC1",1
"KNOP1",1
"KRBA1",1
"KRT14",1
"KRT32",1
"KRT39",1
"KRT8",1
"KRT80",1
"KRT8P41",1
"KRTAP10-2",1
"KY",1
"LA16c-313D11.13",1
"LAD1",1
"LAPTM5",1
"LAT",1
"LCK",1
"LDLRAD4",1
"LDLRAP1",1
"LECT2",1
"LFNG",1
"LHPP",1
"LIMK2",1
"LINC00284",1
"LINC00592",1
"LINC00619",1
"LINC00864",1
"LINC00880",1
"LINC00881",1
"LINC00968",1
"LINC01057",1
"LINC01073",1
"LINC01105",1
"LINC01107",1
"LINC01237",1
"LINC01248",1
"LINC01301",1
"LINC01314",1
"LINC01376",1
"LINC01405",1
"LINC01413",1
"LINC01482",1
"LINC01503",1
"LINC01565",1
"LMAN1L",1
"LMCD1-AS1",1
"LMO3",1
"LMO7",1
"LNX1-AS1",1
"LNX1-AS2",1
"LPCAT1",1
"LPP",1
"LRP5",1
"LRRC17",1
"LRRC37B",1
"LRRC8D",1
"LRRK1",1
"LRRTM1",1
"LRTM2",1
"LST1",1
"LTBP3",1
"LY6E",1
"LY6G6C",1
"LY86",1
"LY86-AS1",1
"LYPD1",1
"LYVE1",1
"LZTS2",1
"MAG",1
"MAGI1",1
"MAML3",1
"MAN1C1",1
"MAP1LC3B2",1
"MAP3K1",1
"MAP4K2",1
"MAPKAPK2",1
"MAPT",1
"MBNL2",1
"MBOAT2",1
"MBP",1
"MCM7",1
"MED12L",1
"MED15P9",1
"MEG3_1",1
"MEGF6",1
"MEIS3",1
"MESDC2",1
"METAP1D",1
"METTL6",1
"METTL7AP1",1
"MEX3C",1
"MFAP2",1
"MFRP",1
"MFSD12",1
"MFSD6",1
"MGAT4B",1
"MGST1",1
"MIA-RAB4B",1
"MICAL3",1
"MIR1203",1
"MIR1208",1
"MIR143HG",1
"MIR205HG",1
"MIR30E",1
"MIR3185",1
"MIR320B1",1
"MIR382",1
"MIR4655",1
"MIR4800",1
"MIR485",1
"MIR497HG",1
"MIR584",1
"MIR589",1
"MIR647",1
"MIR671",1
"MIR770",1
"MIR93",1
"MLC1",1
"MLKL",1
"MMP11",1
"MMP9",1
"MORN1",1
"MPRIP",1
"MRPS25",1
"MSH3",1
"MSH5",1
"MSH5-SAPCD1",1
"MSI2",1
"MSLNL",1
"MT1A",1
"MT1H",1
"MTSS1L",1
"MTUS2",1
"MTUS2-AS1",1
"MUC2",1
"MUC6",1
"MXD4",1
"MYL6",1
"MYLK-AS1",1
"MYO1C",1
"MYO1D",1
"MYO7B",1
"NACC2",1
"NAV1",1
"NCAPD3",1
"NDUFA11",1
"NDUFA4",1
"NEDD9",1
"NEK9",1
"NES",1
"NFAT5",1
"NFE2",1
"NFIA-AS2",1
"NFIB",1
"NFIC",1
"NFKBIE",1
"NFYC",1
"NGFRAP1",1
"NISCH",1
"NKAIN4",1
"NLGN2",1
"NMT1",1
"NOL10",1
"NOL4L",1
"NPAS3",1
"NPHP4",1
"NPHS1",1
"NR1D1",1
"NR1H3",1
"NR2F1-AS1",1
"NR5A2",1
"NRBP2",1
"NRM",1
"NRROS",1
"NRXN1",1
"NSF",1
"NSMCE1",1
"NSUN5",1
"NSUN5P1",1
"NSUN5P2",1
"NTN1",1
"NUCKS1",1
"NUDT1",1
"OCSTAMP",1
"OFCC1",1
"OPCML-IT1",1
"OR13J1",1
"OR14J1",1
"OSBPL5",1
"OSBPL6",1
"OSGEP",1
"OVOL1",1
"P2RY13",1
"PACS2",1
"PALLD",1
"PANK4",1
"PAOX",1
"PARP10",1
"PARVA",1
"PAX8",1
"PC",1
"PCDHA1",1
"PCDHA10",1
"PCDHA11",1
"PCDHA12",1
"PCDHA2",1
"PCDHA3",1
"PCDHA4",1
"PCDHA5",1
"PCDHA6",1
"PCDHA7",1
"PCDHA8",1
"PCDHA9",1
"PDDC1",1
"PDE10A",1
"PDE2A",1
"PDGFB",1
"PDIA5",1
"PDLIM7",1
"PDZRN3",1
"PEAR1",1
"PEX10",1
"PEX14",1
"PFKP",1
"PGS1",1
"PHGDH",1
"PHTF2",1
"PI4KB",1
"PIGR",1
"PIGX",1
"PIK3AP1",1
"PIK3R1",1
"PIK3R2",1
"PIP4K2A",1
"PIP5K1C",1
"PITPNA",1
"PKD1P6",1
"PKN1",1
"PLCG1-AS1",1
"PLCL2",1
"PLEKHA6",1
"PLEKHB1",1
"PLEKHF1",1
"PLEKHN1",1
"PLXNA1",1
"PLXNA2",1
"PLXNB2",1
"PMEPA1",1
"PMF1-BGLAP",1
"PMP22",1
"PNMAL2",1
"PODN",1
"POLR1D",1
"POLR2E",1
"POLR2F",1
"POLRMT",1
"POM121",1
"PON2",1
"POR",1
"POU6F2-AS2",1
"PPAP2C",1
"PPIF",1
"PPIL1",1
"PPM1F",1
"PPP3R1",1
"PPP5D1",1
"PRAM1",1
"PRAMENP",1
"PRCD",1
"PRDX5",1
"PRF1",1
"PRH1",1
"PRH1-PRR4",1
"PRICKLE2",1
"PRKAG2",1
"PRKAR1B",1
"PRLH",1
"PROX1-AS1",1
"PRPH",1
"PRR4",1
"PRR5-ARHGAP8",1
"PRR7-AS1",1
"PRRC2B",1
"PRRX1",1
"PRRX2",1
"PRRX2-AS1",1
"PRSS23",1
"PRSS54",1
"PSAT1P1",1
"PSD4",1
"PTAFR",1
"PTCD1",1
"PTK7",1
"PTPN14",1
"PTPRCAP",1
"PTPRE",1
"PTPRO",1
"PTPRQ",1
"PTPRU",1
"PUM1",1
"PVRL1",1
"PVRL2",1
"PVRL4",1
"PXDC1",1
"PXN-AS1",1
"RAB11FIP3",1
"RAB11FIP4",1
"RAB3IL1",1
"RAB6B",1
"RAD51B",1
"RAD54L2",1
"RALBP1",1
"RALGDS",1
"RASA3",1
"RASA3-IT1",1
"RASIP1",1
"RBFOX3",1
"RBM15",1
"RCCD1",1
"RCN1",1
"RCSD1",1
"RDH16",1
"RECQL5",1
"REEP4",1
"RELL1",1
"RELT",1
"RGR",1
"RGS20",1
"RHBDL1",1
"RHOF",1
"RIMBP2",1
"RLBP1",1
"RMDN1",1
"RN7SL20P",1
"RN7SL684P",1
"RNF126",1
"RNF166",1
"RNF5P1",1
"RNU2-32P",1
"RNU2-37P",1
"ROBO4",1
"RORA",1
"RP11-1072A3.3",1
"RP11-1078H9.2",1
"RP11-108K14.8",1
"RP11-10N16.3",1
"RP11-115J16.1",1
"RP11-121M22.1",1
"RP11-122D10.1",1
"RP11-123M6.2",1
"RP11-128M1.1",1
"RP11-129I19.2",1
"RP11-143A12.3",1
"RP11-151A6.4",1
"RP11-154D6.1",1
"RP11-161H23.9",1
"RP11-167N24.3",1
"RP11-169D4.2",1
"RP11-16E12.1",1
"RP11-16E12.2",1
"RP11-175O19.4",1
"RP11-192H23.4",1
"RP11-193J6.1",1
"RP11-203J24.9",1
"RP11-204E9.1",1
"RP11-210M15.2",1
"RP11-21A7A.2",1
"RP11-21A7A.4",1
"RP11-230B22.1",1
"RP11-242F24.1",1
"RP11-255M2.3",1
"RP11-264B17.3",1
"RP11-26L20.3",1
"RP11-276H1.3",1
"RP11-282O18.3",1
"RP11-284F21.7",1
"RP11-284F21.9",1
"RP11-293M10.6",1
"RP11-29G8.3",1
"RP11-302M6.4",1
"RP11-304L19.1",1
"RP11-30K9.5",1
"RP11-310H4.1",1
"RP11-318C2.1",1
"RP11-319G6.1",1
"RP11-323I15.2",1
"RP11-329B9.1",1
"RP11-330H6.5",1
"RP11-33N16.3",1
"RP11-353N14.7",1
"RP11-358D14.2",1
"RP11-363J20.2",1
"RP11-366L20.2",1
"RP11-367G18.1",1
"RP11-382A20.4",1
"RP11-382D12.2",1
"RP11-394B2.1",1
"RP11-394O4.6",1
"RP11-398G24.2",1
"RP11-403P17.5",1
"RP11-404P21.8",1
"RP11-420J11.1",1
"RP11-434E6.4",1
"RP11-43F13.4",1
"RP11-44K6.3",1
"RP11-45A17.2",1
"RP11-461O14.3",1
"RP11-464C19.3",1
"RP11-464F9.21",1
"RP11-465N4.4",1
"RP11-466A19.1",1
"RP11-46A10.5",1
"RP11-478K15.6",1
"RP11-503C24.1",1
"RP11-503C24.4",1
"RP11-503G7.1",1
"RP11-505E24.2",1
"RP11-517H2.6",1
"RP11-522B15.3",1
"RP11-542C16.1",1
"RP11-553K8.5",1
"RP11-564A8.8",1
"RP11-589C21.5",1
"RP11-589P10.7",1
"RP11-58E21.5",1
"RP11-58E21.7",1
"RP11-59C5.3",1
"RP11-61I13.3",1
"RP11-61L19.2",1
"RP11-624L4.1",1
"RP11-65B7.2",1
"RP1-167F1.2",1
"RP11-680B3.2",1
"RP11-691N7.6",1
"RP11-713P17.3",1
"RP11-734I18.1",1
"RP11-734K21.4",1
"RP11-736N17.4",1
"RP11-73M7.1",1
"RP11-779O18.3",1
"RP11-805J14.3",1
"RP11-807H22.7",1
"RP11-83B20.5",1
"RP11-862L9.3",1
"RP11-864I4.3",1
"RP11-867G23.8",1
"RP11-936I5.1",1
"RP11-95F22.1",1
"RP11-968A15.8",1
"RP11-977G19.5",1
"RP11-9E17.1",1
"RP1-209A6.1",1
"RP1-225E12.2",1
"RP1-225E12.3",1
"RP1-283E3.8",1
"RP1-30M3.6",1
"RP1-34H18.1",1
"RP13-554M15.7",1
"RP1-59M18.2",1
"RP1-79C4.4",1
"RP3-455J7.4",1
"RP4-555L14.4",1
"RP4-724E13.2",1
"RP4-758J18.7",1
"RP4-781B1.5",1
"RP5-1120P11.1",1
"RP5-1139B12.3",1
"RP5-858L17.1",1
"RPL23A",1
"RPL28",1
"RPTOR",1
"RPUSD1",1
"RRAS",1
"RSPH14",1
"RTEL1",1
"RTEL1-TNFRSF6B",1
"RTN4RL1",1
"RUFY4",1
"RUSC1",1
"RUSC1-AS1",1
"RUVBL1",1
"RUVBL1-AS1",1
"SAMD12",1
"SAMD14",1
"SAPCD1",1
"SARDH",1
"SCARA5",1
"SCHIP1",1
"SCN1B",1
"SCUBE1",1
"SDF4",1
"SDK1",1
"SDR16C5",1
"SEMA6D",1
"SERGEF",1
"SEZ6L2",1
"SF3B3",1
"SGCG",1
"SGK494",1
"SGSM1",1
"SH2D5",1
"SH3GLB2",1
"SH3RF3",1
"SH3TC1",1
"SH3TC2",1
"SHANK3",1
"SHROOM3",1
"SIPA1L2",1
"SIRPA",1
"SKAP1",1
"SKI",1
"SLA",1
"SLAMF8",1
"SLC11A1",1
"SLC12A3",1
"SLC16A4",1
"SLC16A5",1
"SLC22A18",1
"SLC22A18AS",1
"SLC22A20",1
"SLC22A23",1
"SLC22A8",1
"SLC25A12",1
"SLC25A21",1
"SLC25A3",1
"SLC26A10",1
"SLC2A5",1
"SLC35E2",1
"SLC45A3",1
"SLC47A1",1
"SLC47A2",1
"SLC4A2",1
"SLC5A10",1
"SLC5A6",1
"SLC6A6",1
"SLC7A1",1
"SLC7A11",1
"SLC7A5",1
"SLC8A2",1
"SLC9A1",1
"SMAD9",1
"SMARCD3",1
"SMC5",1
"SMOC2",1
"SMTN",1
"SMURF1",1
"SMYD3",1
"SNAI1",1
"SNED1",1
"SNORA31",1
"SNORD42A",1
"SNORD4B",1
"SNRPD3",1
"SNX22",1
"SNX25",1
"SNX29",1
"SOGA1",1
"SORBS1",1
"SORBS2",1
"SOSTDC1",1
"SPAG5-AS1",1
"SPATA16",1
"SPATA18",1
"SPECC1",1
"SPECC1L-ADORA2A",1
"SPG7",1
"SPINK8",1
"SPON2",1
"SREBF1",1
"SRSF3",1
"SSBP3",1
"SSH3",1
"SSPN",1
"SSPO",1
"ST14",1
"ST6GALNAC5",1
"STAG3L1",1
"STAG3L2",1
"STAMBP",1
"STK19",1
"STX18",1
"STX18-IT1",1
"SUGCT",1
"SULF2",1
"SULT2B1",1
"SUSD4",1
"SUSD6",1
"SYN2",1
"SYN3",1
"SYNC",1
"SYNGAP1",1
"SYNPO2L",1
"SYT17",1
"SYT7",1
"SYT8",1
"SYT9",1
"TAF4",1
"TAGLN2",1
"TAP1",1
"TAS1R1",1
"TBC1D14",1
"TBC1D2",1
"TBC1D24",1
"TCEA2",1
"TCF25",1
"TCL6",1
"TECPR1",1
"TEPP",1
"TESC",1
"TET1",1
"TET3",1
"TEX2",1
"TEX38",1
"TFAP2B",1
"TFP1",1
"TFR2",1
"TG",1
"TGFBR3L",1
"TGIF2-C20orf24",1
"THADA",1
"THSD4",1
"TIFAB",1
"TIMP4",1
"TINAGL1",1
"TJP1",1
"TKT",1
"TLK1",1
"TLR9",1
"TMC6",1
"TMEM104",1
"TMEM108",1
"TMEM11",1
"TMEM120B",1
"TMEM132C",1
"TMEM179",1
"TMEM189-UBE2V1",1
"TMEM194B",1
"TMEM256-PLSCR3",1
"TMEM258",1
"TMEM45A",1
"TMEM51",1
"TMEM91",1
"TMEM95",1
"TMPRSS4",1
"TMPRSS4-AS1",1
"TNFRSF13B",1
"TNFRSF19",1
"TNFRSF1B",1
"TNIK",1
"TNNT2",1
"TP53AIP1",1
"TP53I11",1
"TPM4",1
"TPPP2",1
"TPRKBP2",1
"TPT1",1
"TRAC",1
"TRAJ41",1
"TRAPPC9",1
"TREML2",1
"TRMT1",1
"TRMT2A",1
"TRNP1",1
"TRPM1",1
"TSC22D4",1
"TSPAN18",1
"TSPAN4",1
"TSPEAR",1
"TSSC1",1
"TSSK2",1
"TTC39A",1
"TTC7B",1
"TTC9",1
"TTLL3",1
"U47924.27",1
"UBAC1",1
"UBAP1L",1
"UBE2S",1
"UBE2V1",1
"UBR4",1
"UBTD2",1
"UCKL1",1
"UCN2",1
"UCP3",1
"UHRF1",1
"ULK4",1
"UPB1",1
"URGCP",1
"URGCP-MRPS24",1
"USP22",1
"USP46",1
"UTRN",1
"VAC14",1
"VASP",1
"VAV2",1
"VIM-AS1",1
"VMAC",1
"VOPP1",1
"VPS13D",1
"VWA7",1
"VWF",1
"WBP1L",1
"WDR1",1
"WDR46",1
"WDR95P",1
"WFIKKN2",1
"WLS",1
"WNT10A",1
"WNT3",1
"WNT6",1
"WSCD1",1
"XKR6",1
"XPO6",1
"XRCC3",1
"XXbac-BPG116M5.17",1
"XXbac-BPG181M17.5",1
"YLPM1",1
"Z83001.1",1
"ZFP91-CNTF",1
"ZIC4",1
"ZMAT3",1
"ZMIZ2",1
"ZMYND10-AS1",1
"ZNF296",1
"ZNF385A",1
"ZNF516",1
"ZNF608",1
"ZNF672",1
"ZSWIM1",1
