"Var1","Freq"
"KRT8",12
"MCF2L",11
"NCOR2",11
"SEPT9",11
"CORO1B",10
"PTPRCAP",10
"HCAR1",9
"RP11-307N16.6",9
"SPATA13",9
"MGST1",8
"PSMB8",8
"AGAP1",7
"HLA-E",7
"IFT140",7
"LMO3",7
"NFAM1",7
"OSM",7
"RPTOR",7
"TMEM132D",7
"TMEM204",7
"BIN2",6
"C7orf50",6
"CTD-2201E18.3",6
"DGKZ",6
"HOXC4",6
"MGAT1",6
"PSMB9",6
"SKI",6
"SLC45A4",6
"TMCC1",6
"TNS1",6
"ZG16B",6
"AGO2",5
"C1orf210",5
"CLDN4",5
"CTD-2035E11.3",5
"EIF2B5",5
"FAM101A",5
"HDAC4",5
"IRS1",5
"ITPRIP",5
"MAG",5
"NBEA",5
"PRICKLE2",5
"PRR5-ARHGAP8",5
"PSMB8-AS1",5
"RBBP8NL",5
"RP5-908M14.5",5
"S1PR4",5
"SH3BP4",5
"SLC44A2",5
"SLC44A4",5
"TBCD",5
"TRAK1",5
"UBAC2",5
"ZFPM1",5
"ZMIZ1",5
"AC073626.2",4
"ADAP1",4
"AGAP2",4
"AGAP2-AS1",4
"ALDH3B2",4
"ARHGAP30",4
"COX19",4
"DDR1",4
"FAM83H-AS1",4
"FERMT3",4
"FOXK1",4
"FOXP2",4
"GNG7",4
"IFFO1",4
"KIAA0513",4
"LMX1B",4
"LRP5",4
"MIB2",4
"OFCC1",4
"PLEC",4
"PLEKHA2",4
"PRKCZ",4
"PRRT1",4
"PTK6",4
"PTP4A2",4
"PWWP2B",4
"RFX1",4
"RGS12",4
"RP11-20J15.3",4
"RP11-20J15.5",4
"RP11-21B21.4",4
"RP11-319G6.1",4
"RP11-469H8.6",4
"RP11-512M8.5",4
"RP11-6N17.9",4
"RP11-834C11.12",4
"RP11-834C11.14",4
"SHROOM1",4
"SLC38A2",4
"STARD13-AS",4
"STAU2-AS1",4
"SULT2B1",4
"TBC1D10C",4
"AC005083.1",3
"AC010136.2",3
"AD000671.6",3
"ADAMTSL5",3
"AGAP1-IT1",3
"AP003041.1",3
"APLP2",3
"AQP2",3
"ARHGEF10",3
"ARHGEF10L",3
"B3GNTL1",3
"C11orf21",3
"CAMK1D",3
"CAP1P2",3
"CASZ1",3
"CCR7",3
"CD22",3
"CD5",3
"CD6",3
"CNTD2",3
"CRB3",3
"CTB-31O20.6",3
"CYP26C1",3
"DEFB118",3
"ECE1",3
"EIF2D",3
"ESRP2",3
"FAM124B",3
"FASTK",3
"FIP1L1",3
"FOXP4",3
"FZD5",3
"GOLGA3",3
"GREB1",3
"GSTCD",3
"ICAM3",3
"IDUA",3
"IGFLR1",3
"IGSF21",3
"IL1RN",3
"INTS12",3
"KRT18",3
"LARP1",3
"LGALS8",3
"LIMK1",3
"MACC1",3
"MAP3K6",3
"MISP",3
"NCKAP5",3
"NFIC",3
"NR1D1",3
"PALLD",3
"PCDHGA1",3
"PCDHGA2",3
"PCDHGA3",3
"PCDHGA4",3
"PCDHGA5",3
"PCDHGA6",3
"PCDHGA7",3
"PCDHGA8",3
"PCDHGB1",3
"PCDHGB2",3
"PCDHGB3",3
"PCDHGB4",3
"PGLYRP2",3
"PROCA1",3
"PRR15L",3
"PRSS8",3
"PTK7",3
"PTPN7",3
"RALB",3
"RHOD",3
"RP11-279F6.1",3
"RP11-30K9.5",3
"RP11-469H8.8",3
"RP11-753H16.3",3
"SERPINB9",3
"SHANK2",3
"SIPA1",3
"SIX1",3
"SLC25A23",3
"SLC26A1",3
"SLC2A5",3
"SLC38A10",3
"SMIM22",3
"SP6",3
"SSBP3",3
"SSTR5",3
"SSTR5-AS1",3
"TFF1",3
"TMC6",3
"TMEM8B",3
"TMUB1",3
"TNS3",3
"TRERF1",3
"TSPAN9",3
"U47924.27",3
"WDR81",3
"ZNF485",3
"ABTB2",2
"AC002116.8",2
"AC004066.3",2
"AC009133.22",2
"AC009501.4",2
"AC011747.3",2
"AC073254.1",2
"AC078883.3",2
"AC144450.1",2
"ACTN4",2
"ADCY6",2
"ADCY7",2
"ADCY9",2
"ANKRD9",2
"ANKS1B",2
"ANO8",2
"AP003419.16",2
"AP006621.8",2
"ARHGEF1",2
"ARHGEF38",2
"ARMC2",2
"ATXN1",2
"BCL7A",2
"BIN3",2
"BPIFA4P",2
"BRE",2
"C10orf105",2
"C10orf71",2
"C10orf71-AS1",2
"C19orf38",2
"C1orf132",2
"C1orf159",2
"C1orf174",2
"C1orf21",2
"C5orf56",2
"C6orf25",2
"C9orf152",2
"CASC15",2
"CCDC149",2
"CCDC57",2
"CCDC88B",2
"CD9",2
"CDH23",2
"CDK14",2
"CELSR1",2
"CFAP45",2
"CHIC2",2
"CHST4",2
"CHURC1-FNTB",2
"CLDN22",2
"CORO7",2
"CORO7-PAM16",2
"CPLX1",2
"CRACR2B",2
"CRYAB",2
"CTB-113P19.1",2
"CTD-2562J15.6",2
"CUX2",2
"CXCL17",2
"CYP2W1",2
"CYP4F3",2
"DGKA",2
"DHX58",2
"DNAH10",2
"DUPD1",2
"EFHD1",2
"EHD1",2
"EPS8L2",2
"ERBB3",2
"ERGIC1",2
"FAM19A3",2
"FAM65B",2
"FAM83H",2
"FBXL6",2
"FFAR2",2
"FGFR3",2
"FLJ37453",2
"FMN1",2
"FMNL1",2
"FRMD6",2
"FRMD6-AS2",2
"FSTL3",2
"FXYD3",2
"GALNT2",2
"GALNT9",2
"GBGT1",2
"GLRX",2
"GNL3",2
"GNRH2",2
"GPR56",2
"GRAMD2",2
"GRB7",2
"GRK5",2
"HCG4P11",2
"HIST1H1A",2
"HLA-F",2
"HMCES",2
"HMHA1",2
"HOOK2",2
"HOXC5",2
"HOXC6",2
"HSPB2",2
"HSPB2-C11orf52",2
"IFFO2",2
"IGSF9",2
"IL12A-AS1",2
"IL1A",2
"IL20",2
"INF2",2
"INHA",2
"IQCJ-SCHIP1",2
"ITGA6",2
"ITM2C",2
"ITPKA",2
"ITPRIPL1",2
"JAG2",2
"KANK2",2
"KAZN",2
"KCNJ11",2
"KCNQ1",2
"KCTD5",2
"KIAA0930",2
"KIAA1191",2
"KIAA1731NL",2
"KIF3B",2
"KLHDC4",2
"KLHDC7B",2
"KLHL34",2
"KRT80",2
"L3MBTL2",2
"LAMA3",2
"LAMA5",2
"LDLRAD3",2
"LINC00111",2
"LINC00323",2
"LINC00877",2
"LINC00925",2
"LINC00940",2
"LINC01107",2
"LINC01143",2
"LINC01237",2
"LINC01359",2
"LINC01376",2
"LIPC",2
"LIPE-AS1",2
"LPIN3",2
"LPXN",2
"LRRC47",2
"LRRFIP1",2
"LY6G6D",2
"MACROD1",2
"MAEA",2
"MB",2
"MED13L",2
"MED15P5",2
"MEST",2
"MESTIT1",2
"MESTIT1_1",2
"MGAT5",2
"MGLL",2
"MIR1914",2
"MIR4259",2
"MIR497HG",2
"MIR563",2
"MIR647",2
"MIR6843",2
"MITF",2
"MSX1",2
"MUC4",2
"MXD3",2
"MYOF",2
"MYT1",2
"NCALD",2
"NCKAP1L",2
"NCOA2",2
"NEURL4",2
"NFIX",2
"NHLRC4",2
"NINJ2",2
"NLGN2",2
"NOP14",2
"NOP14-AS1",2
"NOSTRIN",2
"NRG2",2
"OAT",2
"OBSL1",2
"OGG1",2
"OSTM1",2
"OTX1",2
"P2RY11",2
"PALM",2
"PAOX",2
"PARD3",2
"PARVA",2
"PBX1",2
"PCDHGA10",2
"PCDHGA11",2
"PCDHGA9",2
"PCDHGB5",2
"PCDHGB6",2
"PCDHGB7",2
"PCNT",2
"PDXK",2
"PEBP4",2
"PHKG1",2
"PIGQ",2
"PIK3AP1",2
"PIK3CG",2
"PKP3",2
"PLA2G6",2
"PLEKHA6",2
"PLEKHA7",2
"POC5",2
"PPAN",2
"PPAN-P2RY11",2
"PPFIBP2",2
"PPM1H",2
"PPP1R18",2
"PRAP1",2
"PRDM16",2
"PRKAR1B",2
"PRKCH",2
"PROM2",2
"PROX1-AS1",2
"PRX",2
"PSD4",2
"PTPRE",2
"PTPRF",2
"RAD51B",2
"RAMP1",2
"RAP1GAP2",2
"RAPGEF5",2
"RBM47",2
"RBPMS",2
"RCAN3",2
"RFX4",2
"RHBDF2",2
"RHOBTB3",2
"RHPN1",2
"RHPN1-AS1",2
"RILP",2
"RNF166",2
"RNF216",2
"RNF44",2
"RP11-122K13.7",2
"RP11-127I20.5",2
"RP11-131M11.3",2
"RP11-144F15.1",2
"RP11-146I2.1",2
"RP11-14D22.1",2
"RP11-161H23.10",2
"RP11-162P23.2",2
"RP11-21A7A.2",2
"RP11-231P20.2",2
"RP11-231P20.6",2
"RP11-253M7.4",2
"RP11-352M15.1",2
"RP11-367G6.3",2
"RP11-442O1.4",2
"RP11-443B7.3",2
"RP11-478J18.2",2
"RP11-54O7.1",2
"RP11-54O7.16",2
"RP11-54O7.2",2
"RP11-589P10.7",2
"RP11-654A16.3",2
"RP11-661A12.5",2
"RP1-170O19.17",2
"RP11-713P17.3",2
"RP11-753H16.5",2
"RP11-872D17.8",2
"RP11-875O11.1",2
"RP11-936I5.1",2
"RP11-95F22.1",2
"RP4-533D7.6",2
"RP4-559A3.7",2
"RP4-756G23.5",2
"RPS6KA1",2
"RPS6KB2",2
"RRP12",2
"RTKN",2
"SCAMP5",2
"SCFD2",2
"SCHIP1",2
"SEMA3C",2
"SFT2D2",2
"SIL1",2
"SLC43A2",2
"SLC43A3",2
"SLC52A2",2
"SLC7A8",2
"SLC9A3R2",2
"SMARCAL1",2
"SMOC2",2
"SND1",2
"SNED1",2
"SNORD19",2
"SNORD19B",2
"SNORD39",2
"SOX6",2
"SPATS2",2
"SPDEF",2
"SPECC1L-ADORA2A",2
"SPIRE2",2
"SPN",2
"SPON2",2
"SPSB3",2
"SRGAP1",2
"ST7-OT4",2
"STAU2",2
"STX2",2
"SYNE2",2
"SYNE4",2
"SYNGR1",2
"SYNJ2",2
"TACC2",2
"TAP1",2
"THSD4",2
"TIMP2",2
"TMEM131",2
"TMEM132C",2
"TMEM249",2
"TMEM51",2
"TNFSF13B",2
"TNRC6C",2
"TPPP3",2
"TRAPPC9",2
"TRIM29",2
"TRPM1",2
"TRPS1",2
"TTC6",2
"TTC7A",2
"U2AF1L4",2
"U47924.29",2
"UCKL1",2
"UNC13D",2
"VARS",2
"VAV2",2
"VWCE",2
"WDR1",2
"WI2-87327B8.2",2
"WIBG",2
"XXbac-BPG32J3.19",2
"Y_RNA",2
"ZDHHC1",2
"ZDHHC24",2
"ZNF19",2
"ZNF444P1",2
"AAK1",1
"ABCA4",1
"ABCB6",1
"ABCC11",1
"ABCC12",1
"ABHD15-AS1",1
"ABHD17C",1
"ABR",1
"ABT1",1
"AC000124.1",1
"AC002985.3",1
"AC003088.1",1
"AC003956.1",1
"AC004691.5",1
"AC005042.4",1
"AC005042.5",1
"AC005071.1",1
"AC005154.6",1
"AC005237.4",1
"AC006277.2",1
"AC006994.3",1
"AC007216.1",1
"AC007292.7",1
"AC008592.5",1
"AC010646.3",1
"AC010890.1",1
"AC011294.3",1
"AC011530.4",1
"AC011754.1",1
"AC012123.1",1
"AC012668.2",1
"AC015849.2",1
"AC017060.1",1
"AC018685.2",1
"AC021205.1",1
"AC021218.2",1
"AC023137.2",1
"AC053503.4",1
"AC061992.2",1
"AC072062.1",1
"AC073934.6",1
"AC079610.1",1
"AC092171.2",1
"AC093620.5",1
"AC097662.2",1
"AC098820.2",1
"AC104667.3",1
"AC104809.3",1
"AC108066.1",1
"AC109333.10",1
"AC114271.2",1
"AC117401.1",1
"AC135050.1",1
"AC135050.5",1
"ACACB",1
"ACADSB",1
"ACKR2",1
"ACOT8",1
"ACSL3",1
"ACTC1",1
"ACVR2A",1
"ACVR2B",1
"ACVR2B-AS1",1
"ACYP1",1
"AD000091.2",1
"ADAM12",1
"ADAM2",1
"ADAP2",1
"ADORA2A",1
"AEBP1",1
"AES",1
"AFAP1",1
"AGBL4",1
"AGK",1
"AGR3",1
"AGRN",1
"AHDC1",1
"AK2",1
"AKAP13",1
"AKAP2",1
"AKIP1",1
"AKR1D1P1",1
"AL161668.5",1
"AL513523.2",1
"ALAS1",1
"ALDH1A3",1
"ALDH1L2",1
"ALDOC",1
"ALKBH2",1
"ALS2CL",1
"ALX4",1
"AMMECR1",1
"AMN",1
"AMPD2",1
"AMPH",1
"AMZ1",1
"ANGPT1",1
"ANKRD11",1
"ANKRD13B",1
"ANKRD13D",1
"ANKRD23",1
"ANKRD35",1
"ANKRD37",1
"ANKRD39",1
"ANKRD46",1
"ANKRD62",1
"ANKS1A",1
"ANXA2R",1
"AOX2P",1
"AP000344.4",1
"AP000347.2",1
"AP000438.2",1
"AP000479.1",1
"AP001273.1",1
"AP006621.9",1
"AP1B1",1
"APOA1-AS",1
"APOPT1",1
"AQP1",1
"AQP5",1
"ARF5",1
"ARG2",1
"ARHGAP10",1
"ARHGAP25",1
"ARHGAP27",1
"ARHGAP28",1
"ARHGAP39",1
"ARHGEF28",1
"ARHGEF40",1
"ARHGEF7",1
"ARID3A",1
"ARID5B",1
"ARL9",1
"ARNT2",1
"ARPC1A",1
"ASCC1",1
"ASCL4",1
"ASIC1",1
"ASNA1",1
"ATF6",1
"ATF6B",1
"ATF7",1
"ATG9A",1
"ATP2C2",1
"ATP5G2",1
"ATP6V0D2",1
"ATP6V0E2-AS1",1
"ATP8B2",1
"ATPAF2",1
"AVIL",1
"B4GALT4",1
"B4GALT4-AS1",1
"BAHCC1",1
"BATF",1
"BC040587",1
"BCAM",1
"BCAR1",1
"BCAR3",1
"BCAS1",1
"BCKDHA",1
"BCKDK",1
"BCL11A",1
"BCL2L2",1
"BCL2L2-PABPN1",1
"BCL9L",1
"BDKRB1",1
"BLOC1S5-TXNDC5",1
"BNIP3",1
"BOC",1
"BPHL",1
"BPI",1
"BRAP",1
"BRAT1",1
"BRD9",1
"BRDT",1
"BTBD7",1
"BTBD9",1
"BZRAP1-AS1",1
"C10orf11",1
"C10orf82",1
"C11orf80",1
"C11orf91",1
"C11orf95",1
"C12orf45",1
"C12orf49",1
"C12orf79",1
"C14orf159",1
"C16orf74",1
"C17orf49",1
"C17orf85",1
"C19orf43",1
"C1orf101",1
"C1orf110",1
"C1orf140",1
"C1orf162",1
"C1orf177",1
"C1QL1",1
"C1QTNF4",1
"C1QTNF6",1
"C20orf24",1
"C20orf85",1
"C22orf15",1
"C22orf34",1
"C2CD4D",1
"C2orf61",1
"C3orf14",1
"C6orf132",1
"C6orf141",1
"C8orf17",1
"C8orf34",1
"C8orf82",1
"C9",1
"C9orf139",1
"C9orf172",1
"CA12",1
"CA3",1
"CACNA1A",1
"CACNA2D1",1
"CALML3-AS1",1
"CALN1",1
"CAMK2B",1
"CAPS",1
"CARD14",1
"CARHSP1",1
"CARKD",1
"CBFA2T2",1
"CBR3-AS1",1
"CCDC108",1
"CCDC109B",1
"CCDC12",1
"CCDC125",1
"CCDC171",1
"CCDC33",1
"CCDC60",1
"CCDC64B",1
"CCDC71",1
"CCDC90B",1
"CCDC92",1
"CCL5",1
"CCM2",1
"CCND3",1
"CCNJL",1
"CD160",1
"CD180",1
"CD247",1
"CD33",1
"CD34",1
"CD38",1
"CD3D",1
"CD46",1
"CD58",1
"CD59",1
"CD81",1
"CDC42BPB",1
"CDC42EP1",1
"CDC42EP3",1
"CDH26",1
"CDH3",1
"CDHR1",1
"CDHR3",1
"CDK10",1
"CDK5RAP1",1
"CDKN2B-AS1",1
"CDYL",1
"CEBPA-AS1",1
"CEBPG",1
"CELSR2",1
"CELSR3",1
"CENPP",1
"CEP128",1
"CERS2",1
"CERS4",1
"CERS6",1
"CFAP54",1
"CFDP1",1
"CFLAR",1
"CHCHD6",1
"CHI3L2",1
"CHID1",1
"CHN1",1
"CHRM1",1
"CHRNA2",1
"CHRNB4",1
"CHST15",1
"CHST7",1
"CIB3",1
"CIPC",1
"CISTR",1
"CLDN15",1
"CLDN7",1
"CLIP4",1
"CLMN",1
"CLN5",1
"CLPB",1
"CLSTN1",1
"CLSTN2",1
"CMIP",1
"CMSS1",1
"CMYA5",1
"CNN2",1
"CNNM1",1
"CNPY1",1
"COG2",1
"COG5",1
"COG8",1
"COL4A3",1
"COLEC12",1
"COTL1",1
"CPA5",1
"CPEB3",1
"CPEB4",1
"CPLX2",1
"CPM",1
"CPSF1",1
"CPVL",1
"CRABP1",1
"CRADD",1
"CREB3L2",1
"CRIM1",1
"CRISPLD2",1
"CRTC1",1
"CRYBB1",1
"CSF1R",1
"CSGALNACT1",1
"CSK",1
"CSMD3",1
"CSNK1G1",1
"CSNK1G2",1
"CST7",1
"CT62",1
"CTA-384D8.31",1
"CTA-833B7.2",1
"CTB-120L21.1",1
"CTB-134H23.3",1
"CTB-55O6.12",1
"CTC-338M12.7",1
"CTC-435M10.3",1
"CTC-573M9.1",1
"CTD-2001J20.1",1
"CTD-2013N17.4",1
"CTD-2116N17.1",1
"CTD-2175A23.1",1
"CTD-2245E15.3",1
"CTD-2281E23.2",1
"CTD-2308N23.2",1
"CTD-2373H9.5",1
"CTD-2517M22.14",1
"CTD-2540B15.9",1
"CTD-2547L24.3",1
"CTD-2552K11.2",1
"CTD-2555O16.2",1
"CTD-2574D22.6",1
"CTD-3060P21.1",1
"CTD-3131K8.2",1
"CTNNB1",1
"CTSZ",1
"CYB561",1
"CYFIP2",1
"CYP26A1",1
"CYP3A43",1
"CYP4F11",1
"CYP4F22",1
"CYP4F8",1
"CYTL1",1
"D2HGDH",1
"DAPP1",1
"DBNL",1
"DDIT4L",1
"DEAF1",1
"DECR1",1
"DECR2",1
"DEDD2",1
"DEFB119",1
"DEFB132",1
"DENND5A",1
"DGKQ",1
"DHCR24",1
"DHRS9",1
"DHX29",1
"DIAPH2",1
"DIAPH2-AS1",1
"DIO1",1
"DIP2C",1
"DIRC3",1
"DIS3L2",1
"DISC1",1
"DKFZp434J0226",1
"DLG4",1
"DLGAP1",1
"DMPK",1
"DMRTA2",1
"DMWD",1
"DNAAF5",1
"DNAH14",1
"DNAH17",1
"DNAI1",1
"DNAJB5",1
"DNASE1",1
"DNMBP",1
"DNPEP",1
"DOCK1",1
"DOCK2",1
"DOCK4",1
"DOCK8",1
"DOK6",1
"DOK7",1
"DOPEY2",1
"DPP6",1
"DPY19L1P1",1
"DSCC1",1
"DTX1",1
"DUSP10",1
"DUSP7",1
"DYNC1H1",1
"DYNC1I1",1
"ECHDC1",1
"ECI1",1
"EDARADD",1
"EEFSEC",1
"EEPD1",1
"EFR3B",1
"ELAVL1",1
"ELF3",1
"ELFN1",1
"ELL3",1
"ELMO2",1
"ELMO3",1
"ELMOD3",1
"ELMSAN1",1
"ELN",1
"EMILIN2",1
"ENTPD7",1
"EPB41L1",1
"EPB41L2",1
"EPB41L4B",1
"EPHX3",1
"EPPIN-WFDC6",1
"EPS15L1",1
"ERC1",1
"ERC2",1
"ERCC6",1
"ERI3",1
"ERICH1-AS1",1
"ERP27",1
"ESPN",1
"ESRG",1
"ESYT2",1
"EVA1C",1
"EVI2A",1
"EVI5L",1
"EVL",1
"EVX1",1
"EVX1-AS",1
"EYS",1
"EZR",1
"EZR-AS1",1
"F2",1
"F2RL3",1
"F7",1
"FAM105A",1
"FAM107B",1
"FAM129A",1
"FAM134A",1
"FAM154A",1
"FAM160A1",1
"FAM174B",1
"FAM188B",1
"FAM19A2",1
"FAM222A",1
"FAM222A-AS1",1
"FAM53B",1
"FAM57A",1
"FAM84B",1
"FBLN7",1
"FBRS",1
"FBRSL1",1
"FBXL22",1
"FBXO21",1
"FBXO41",1
"FBXO6",1
"FGD4",1
"FGD6",1
"FGF1",1
"FGF2",1
"FGGY",1
"FILIP1L",1
"FKBP1A",1
"FLJ16779",1
"FLRT2",1
"FMNL3",1
"FNTB",1
"FOSL1",1
"FOXK2",1
"FOXP4-AS1",1
"FRMD4B",1
"FSCN3",1
"FUT7",1
"G3BP1",1
"GABBR1",1
"GABRB3",1
"GADL1",1
"GAK",1
"GALT",1
"GARNL3",1
"GATA6",1
"GATS",1
"GBX1",1
"GCAT",1
"GCC1",1
"GCLC",1
"GCM1",1
"GDF15",1
"GDI2",1
"GGACT",1
"GHDC",1
"GHRLOS",1
"GIPR",1
"GIT1",1
"GMDS-AS1",1
"GNA12",1
"GNAQ",1
"GPD1L",1
"GPLD1",1
"GPR146",1
"GPR160",1
"GPR18",1
"GPR183",1
"GPR21",1
"GPR68",1
"GPRC5C",1
"GPSM3",1
"GRAMD3",1
"GRASP",1
"GRB10",1
"GRHL2",1
"GRIFIN",1
"GRIK1",1
"GRIK1-AS1",1
"GRM4",1
"GRM8",1
"GRN",1
"GS1-115G20.1",1
"GSE1",1
"GSN-AS1",1
"GSPT1",1
"GTDC1",1
"GTF2E2",1
"GTF2IRD1",1
"GUCA2A",1
"GULOP",1
"GULP1",1
"GUSBP11",1
"H1F0",1
"H6PD",1
"HAND2",1
"HAND2-AS1",1
"HAVCR2",1
"HCG11",1
"HCG17",1
"HCLS1",1
"HCRTR1",1
"HDAC8",1
"HEATR5A",1
"HELZ2",1
"HEPHL1",1
"HGD",1
"HHIPL2",1
"HIGD1A",1
"HIPK1",1
"HK2",1
"HLA-DMA",1
"HLA-DMB",1
"HLA-L",1
"HLCS",1
"HMBOX1",1
"HMGB1P21",1
"HNF1B",1
"HNRNPM",1
"HNRNPU",1
"HNRNPUL1",1
"HOMER3",1
"HORMAD2",1
"HORMAD2-AS1",1
"HS3ST6",1
"HSPA12A",1
"HSPA12B",1
"HSPA2",1
"HSPD1P21",1
"HTT",1
"HYAL2",1
"ICK",1
"IGDCC4",1
"IGF1R",1
"IGF2",1
"IL12A",1
"IL12RB1",1
"IL1R1",1
"IL23A",1
"IL2RA",1
"ILVBL",1
"INGX",1
"INHBB",1
"INMT-FAM188B",1
"INPP5A",1
"INPP5F",1
"INS-IGF2",1
"INSRR",1
"INTS3",1
"IPPK",1
"IQSEC1",1
"IRAK2",1
"ISG20",1
"ISLR",1
"ITGA2",1
"ITGAE",1
"ITGB4",1
"ITGB6",1
"ITPK1",1
"ITPK1-AS1",1
"ITPKB",1
"ITPR1",1
"IZUMO1",1
"JADE2",1
"JAK1",1
"JARID2",1
"JMJD6",1
"JMJD8",1
"KAT8",1
"KB-1562D12.1",1
"KB-1572G7.2",1
"KB-1930G5.4",1
"KCND3",1
"KCNH3",1
"KCNIP1",1
"KCNJ1",1
"KCNJ3",1
"KCNK2",1
"KCNMA1",1
"KCNN4",1
"KCNQ1OT1",1
"KCNQ3",1
"KCNQ5",1
"KCNS3",1
"KCTD7",1
"KDF1",1
"KIAA0196",1
"KIAA0586",1
"KIAA1147",1
"KIAA1161",1
"KIAA1217",1
"KIAA1462",1
"KIAA1522",1
"KIF13A",1
"KIF1C",1
"KIF2A",1
"KIFC2",1
"KLC1",1
"KLF13",1
"KLF3",1
"KLF3-AS1",1
"KLHDC2",1
"KLHL14",1
"KLHL2",1
"KLHL21",1
"KLHL38",1
"KRAS",1
"KRT15",1
"KRT16",1
"KRT7",1
"KTN1",1
"KTN1-AS1",1
"LA16c-444G7.1",1
"LAG3",1
"LAMB1",1
"LAMB2",1
"LAMP3",1
"LAMP5",1
"LAT",1
"LBHD1",1
"LCAT",1
"LDLRAD1",1
"LDLRAP1",1
"LEPROTL1",1
"LETM1",1
"LGALS8-AS1",1
"LHFPL1",1
"LHFPL2",1
"LIME1",1
"LIMS1",1
"LINC00311",1
"LINC00393",1
"LINC00426",1
"LINC00482",1
"LINC00550",1
"LINC00567",1
"LINC00595",1
"LINC00605",1
"LINC00607",1
"LINC00619",1
"LINC00824",1
"LINC00852",1
"LINC00856",1
"LINC00886",1
"LINC00901",1
"LINC00926",1
"LINC00997",1
"LINC01006",1
"LINC01077",1
"LINC01089",1
"LINC01090",1
"LINC01091",1
"LINC01100",1
"LINC01121",1
"LINC01135",1
"LINC01136",1
"LINC01183",1
"LINC01225",1
"LINC01276",1
"LINC01280",1
"LINC01315",1
"LINC01331",1
"LINC01336",1
"LINC01398",1
"LMF1",1
"LMO4",1
"LNX1",1
"LNX1-AS2",1
"LONRF2",1
"LONRF3",1
"LOXL1",1
"LPAR5",1
"LPCAT1",1
"LPHN1",1
"LPHN3",1
"LPP",1
"LRBA",1
"LRCH1",1
"LRCH3",1
"LRP1",1
"LRP2BP",1
"LRRC1",1
"LRRC14B",1
"LRRC16A",1
"LRRC17",1
"LRRC25",1
"LRRC41",1
"LRRC6",1
"LRRC8D",1
"LSP1",1
"LST1",1
"LTB",1
"LTBP3",1
"LTC4S",1
"LY6E",1
"MAB21L1",1
"MAB21L3",1
"MACF1",1
"MAFF",1
"MAGI1",1
"MAGI2",1
"MAML1",1
"MAML2",1
"MAML3",1
"MANBA",1
"MAP2K2",1
"MAP3K10",1
"MAP3K7CL",1
"MAP7",1
"MAPK8IP2",1
"MAPT",1
"MARK4",1
"MAST1",1
"MAT1A",1
"MATR3",1
"MCM2",1
"MCM7",1
"MCRS1",1
"MDFI",1
"MEGF11",1
"MEOX1",1
"MERTK",1
"MESDC2",1
"METTL15",1
"METTL16",1
"MFAP2",1
"MFAP4",1
"MFSD1",1
"MGAM",1
"MGAT4B",1
"MICAL2",1
"MICALCL",1
"MICALL2",1
"MICB",1
"MINK1",1
"MIPEP",1
"MIR106B",1
"MIR1234",1
"MIR1249",1
"MIR181D",1
"MIR190B",1
"MIR1976",1
"MIR2276",1
"MIR3189",1
"MIR339",1
"MIR3679",1
"MIR4425",1
"MIR4664",1
"MIR5572",1
"MIR6132",1
"MIR623",1
"MIR770",1
"MIR93",1
"MKRN2OS",1
"MLEC",1
"MLPH",1
"MLXIP",1
"MMP17",1
"MNX1",1
"MOCS1P1",1
"MORN1",1
"MRAS",1
"MREG",1
"MROH6",1
"MRPL33",1
"MRPS22",1
"MRPS25",1
"MS4A1",1
"MSLN",1
"MSLNL",1
"MTERF4",1
"MTHFD1",1
"MTSS1L",1
"MUC1",1
"MVP",1
"MYL5",1
"MYLK",1
"MYO18A",1
"MYO1B",1
"MYO1G",1
"MYO9B",1
"NAALADL1",1
"NADK2",1
"NAGK",1
"NANOS3",1
"NAPA",1
"NAPG",1
"NAV2",1
"NBEAL2",1
"NCF4",1
"NDST1",1
"NDUFS5",1
"NEK10",1
"NEK7",1
"NFASC",1
"NFAT5",1
"NFE2L3",1
"NFIL3",1
"NHSL1",1
"NISCH",1
"NKAIN4",1
"NKPD1",1
"NME4",1
"NMRAL1",1
"NMT2",1
"NOBOX",1
"NOS3",1
"NOSIP",1
"NPFFR1",1
"NR1H3",1
"NR1H4",1
"NR2E1",1
"NR2F1",1
"NR2F1-AS1",1
"NR2F6",1
"NRK",1
"NRM",1
"NRROS",1
"NRXN3",1
"NSD1",1
"NTHL1",1
"NTN1",1
"NTRK1",1
"NUAK2",1
"NUDC",1
"NUDT4",1
"NUP210",1
"NWD1",1
"OCLN",1
"OGFOD3",1
"OPA1",1
"OPA1-AS1",1
"OR14J1",1
"OR2L13",1
"OR2L3",1
"OR4K5",1
"OR7E14P",1
"OR9A4",1
"ORMDL3",1
"OSBPL1A",1
"OSMR",1
"OSMR-AS1",1
"OTOR",1
"P4HA2",1
"PAK2",1
"PALM2-AKAP2",1
"PAPSS1",1
"PAQR5",1
"PARN",1
"PARP10",1
"PARP11",1
"PAX7",1
"PAX9",1
"PBX2",1
"PC",1
"PCBD2",1
"PCBP1-AS1",1
"PCDH19",1
"PCDHA1",1
"PCDHA10",1
"PCDHA2",1
"PCDHA3",1
"PCDHA4",1
"PCDHA5",1
"PCDHA6",1
"PCDHA7",1
"PCDHA8",1
"PCDHA9",1
"PCDHGA12",1
"PCDHGC4",1
"PCDHGC5",1
"PCSK6",1
"PDCD11",1
"PDE6G",1
"PDE7A",1
"PDE8B",1
"PDLIM3",1
"PEX10",1
"PFKFB3",1
"PGLYRP1",1
"PGS1",1
"PHF1",1
"PHYHIPL",1
"PIGX",1
"PIK3CD",1
"PIK3R3",1
"PIP4K2B",1
"PITPNM2",1
"PITRM1",1
"PKD1L2",1
"PKN1",1
"PKP1",1
"PLA2G4F",1
"PLAC9",1
"PLEKHF2",1
"PLEKHG3",1
"PLEKHG5",1
"PLEKHG6",1
"PLEKHG7",1
"PLEKHH3",1
"PLXND1",1
"PNKD",1
"PNPO",1
"PODXL",1
"POFUT2",1
"POMGNT1",1
"POU2F2",1
"PPAP2B",1
"PPP1CC",1
"PPP1R16A",1
"PPP1R9B",1
"PPP2R3A",1
"PPP2R3C",1
"PPTC7",1
"PQLC2",1
"PRAM1",1
"PRCD",1
"PRDM6",1
"PRDX3",1
"PREP",1
"PRKAG2",1
"PRKCA",1
"PRKD2",1
"PRKRIP1",1
"PRMT2",1
"PRMT8",1
"PROKR2",1
"PRPF38B",1
"PRPF40B",1
"PRR23C",1
"PRR5L",1
"PRRC2B",1
"PRRG2",1
"PRRX2",1
"PRSS27",1
"PSEN1",1
"PSKH2",1
"PSTPIP1",1
"PTAFR",1
"PTDSS2",1
"PTGER3",1
"PTHLH",1
"PTPLAD1",1
"PTPN14",1
"PTPN3",1
"PTPRG-AS1",1
"PTPRH",1
"PTPRO",1
"PURG",1
"PVRIG",1
"PVRL4",1
"PXK",1
"PXYLP1",1
"PYCR2",1
"PYY",1
"RAB15",1
"RAB17",1
"RAB20",1
"RAB24",1
"RAB26",1
"RAB27A",1
"RAB32",1
"RAB3D",1
"RAB40B",1
"RABGAP1",1
"RABL6",1
"RAD52",1
"RAD54B",1
"RADIL",1
"RAI1",1
"RALGAPA2",1
"RAPGEF1",1
"RASEF",1
"RAVER1",1
"RBFOX3",1
"RBM14-RBM4",1
"RBM19",1
"RBM28",1
"RBM33",1
"RBMS1",1
"RCBTB2",1
"RCN1",1
"RDH16",1
"RECQL5",1
"REEP4",1
"REG3A",1
"REP15",1
"RER1",1
"RERG",1
"RFX8",1
"RGAG1",1
"RGL4",1
"RGS10",1
"RGS3",1
"RHBDL2",1
"RHOF",1
"RIN1",1
"RINL",1
"RIPK4",1
"RLTPR",1
"RN7SL138P",1
"RNASEK-C17orf49",1
"RND1",1
"RNF130",1
"RNF139",1
"RNF139-AS1",1
"RNF144A-AS1",1
"RNF145",1
"RNF167",1
"RNF4",1
"RNU4-39P",1
"RORA",1
"RORB",1
"RORC",1
"RP11-103H7.5",1
"RP11-1060J15.4",1
"RP11-108K14.8",1
"RP11-10J21.2",1
"RP11-1105O14.1",1
"RP11-110L15.2",1
"RP11-114H23.1",1
"RP11-114L10.2",1
"RP11-1151B14.3",1
"RP11-11N7.5",1
"RP11-123M6.2",1
"RP11-1260E13.4",1
"RP11-12J10.3",1
"RP11-1336O20.2",1
"RP11-1391J7.1",1
"RP11-13A1.3",1
"RP11-145E5.5",1
"RP11-148B3.2",1
"RP11-150C16.1",1
"RP11-151A6.4",1
"RP11-158M2.3",1
"RP11-158M2.4",1
"RP11-15B17.1",1
"RP11-160C18.2",1
"RP11-165D7.5",1
"RP11-166D19.1",1
"RP11-170M17.1",1
"RP11-175E9.1",1
"RP11-176H8.1",1
"RP11-17E2.2",1
"RP1-117O3.2",1
"RP11-182J1.17",1
"RP11-192H23.4",1
"RP11-195F19.29",1
"RP11-196H14.2",1
"RP11-211G3.3",1
"RP11-22C11.2",1
"RP11-241G9.3",1
"RP11-24H2.3",1
"RP11-264B17.3",1
"RP11-273G15.2",1
"RP11-285E9.6",1
"RP11-296A16.1",1
"RP11-296P7.4",1
"RP11-298J23.5",1
"RP11-302L19.3",1
"RP11-302M6.4",1
"RP11-305L7.3",1
"RP11-305L7.6",1
"RP11-306G20.1",1
"RP11-314N13.10",1
"RP11-316M1.3",1
"RP11-326I11.4",1
"RP11-331H2.4",1
"RP11-33N16.3",1
"RP11-340E6.1",1
"RP11-347I19.8",1
"RP11-348J12.2",1
"RP11-349F21.1",1
"RP11-34F13.3",1
"RP11-357K6.1",1
"RP11-367G18.1",1
"RP11-384J4.2",1
"RP11-386M24.9",1
"RP11-388M20.2",1
"RP11-396O20.2",1
"RP11-398M15.1",1
"RP11-404P21.3",1
"RP11-411G9.2",1
"RP11-415J8.3",1
"RP11-420A23.1",1
"RP11-420K8.1",1
"RP11-438J1.1",1
"RP11-440L14.1",1
"RP11-442O1.3",1
"RP11-444D3.1",1
"RP11-44N21.4",1
"RP11-452K12.7",1
"RP11-45F15.2",1
"RP11-461L13.4",1
"RP11-463C8.4",1
"RP11-465N4.4",1
"RP11-471B22.3",1
"RP11-481J8.3",1
"RP11-497G19.1",1
"RP11-498B4.5",1
"RP11-501O2.5",1
"RP11-510N19.5",1
"RP11-513G11.4",1
"RP11-513O17.2",1
"RP11-517H2.6",1
"RP11-517I3.1",1
"RP11-526A4.1",1
"RP11-539L10.2",1
"RP11-546B8.6",1
"RP11-546K22.1",1
"RP11-560J1.2",1
"RP11-588P8.1",1
"RP11-599B13.3",1
"RP11-59O6.3",1
"RP11-5O23.2",1
"RP11-613M10.9",1
"RP11-63G10.3",1
"RP11-654D12.2",1
"RP11-665J16.1",1
"RP11-669N7.2",1
"RP11-66B24.8",1
"RP11-685B14.3",1
"RP11-689B22.2",1
"RP11-6L6.7",1
"RP11-707F2.1",1
"RP11-70C1.3",1
"RP11-712B9.2",1
"RP11-715J22.6",1
"RP11-716O23.1",1
"RP11-727A23.10",1
"RP11-739N20.2",1
"RP11-73M18.2",1
"RP11-74K11.2",1
"RP11-750H9.5",1
"RP11-75C10.6",1
"RP11-761B3.1",1
"RP11-768F21.1",1
"RP11-77H9.6",1
"RP11-780K2.1",1
"RP11-793H13.10",1
"RP11-794G24.1",1
"RP11-806H10.4",1
"RP11-814P5.1",1
"RP11-815J4.5",1
"RP11-849N15.4",1
"RP11-867G23.12",1
"RP11-93B14.10",1
"RP11-961A15.1",1
"RP11-968O1.5",1
"RP11-96D1.6",1
"RP11-96O20.4",1
"RP11-973D8.5",1
"RP11-973N13.2",1
"RP11-983P16.4",1
"RP11-98D18.9",1
"RP11-993B23.3",1
"RP11-99J16__A.2",1
"RP1-209A6.1",1
"RP1-225E12.2",1
"RP1-225E12.3",1
"RP1-228P16.4",1
"RP1-228P16.5",1
"RP1-249H1.2",1
"RP13-20L14.4",1
"RP1-37C10.3",1
"RP1-40E16.11",1
"RP1-41C23.1",1
"RP1-4G17.5",1
"RP3-325F22.5",1
"RP3-388N13.3",1
"RP3-405J10.4",1
"RP3-416H24.1",1
"RP3-425P12.5",1
"RP3-453C12.14",1
"RP4-583P15.15",1
"RP4-604G5.1",1
"RP4-613B23.5",1
"RP4-710M16.2",1
"RP4-765C7.2",1
"RP4-777O23.1",1
"RP4-777O23.3",1
"RP5-1071N3.1",1
"RP5-1136G13.2",1
"RP5-877J2.1",1
"RP5-916O11.3",1
"RP5-921G16.1",1
"RP5-991G20.1",1
"RP6-91H8.3",1
"RPH3AL",1
"RPL13A",1
"RPL4",1
"RPS6KL1",1
"RRM2B",1
"RRN3P2",1
"RSPH14",1
"RTN4RL1",1
"RTP2",1
"RUVBL1",1
"RYR2",1
"RYR3",1
"S100A4",1
"S100A8",1
"SAMM50",1
"SBK2",1
"SCAI",1
"SCARA5",1
"SCGB1B2P",1
"SCGB1D1",1
"SCGB2A2",1
"SCNM1",1
"SCNN1A",1
"SCUBE1",1
"SDC4",1
"SDF4",1
"SDHAP1",1
"SDK2",1
"SEC14L1",1
"SEC14L3",1
"SEC1P",1
"SECTM1",1
"SELPLG",1
"SELV",1
"SEMA3D",1
"SEMA3E",1
"SEMA4B",1
"SEMA6A",1
"SEMA6A-AS1",1
"SEMA6B",1
"SEPT1",1
"SEPT12",1
"SERF2",1
"SERGEF",1
"SERPINB2",1
"SGMS2",1
"SGPP2",1
"SGSM2",1
"SH2D4B",1
"SH2D6",1
"SH3BP2",1
"SH3PXD2B",1
"SH3TC1",1
"SH3TC2",1
"SHB",1
"SHKBP1",1
"SIAH2",1
"SIDT1",1
"SIGIRR",1
"SIM1",1
"SIM2",1
"SIPA1L2",1
"SIX2",1
"SIX3",1
"SIX3-AS1",1
"SKIV2L2",1
"SLC10A6",1
"SLC12A8",1
"SLC12A9",1
"SLC15A3",1
"SLC19A2",1
"SLC1A2",1
"SLC20A2",1
"SLC22A18",1
"SLC22A18AS",1
"SLC22A20",1
"SLC22A3",1
"SLC25A10",1
"SLC25A3",1
"SLC26A6",1
"SLC27A1",1
"SLC27A3",1
"SLC27A6",1
"SLC2A9",1
"SLC35C2",1
"SLC38A1",1
"SLC39A11",1
"SLC39A14",1
"SLC43A1",1
"SLC46A2",1
"SLC4A11",1
"SLC8A1",1
"SLCO3A1",1
"SLCO4A1",1
"SLFN12L",1
"SLURP1",1
"SMAD7",1
"SMOC1",1
"SMYD3",1
"SNCAIP",1
"SNHG14",1
"SNHG15",1
"SNHG4",1
"SNORA1",1
"SNORA11B",1
"SNORA18",1
"SNORA74A",1
"SNORA8",1
"SNORA9",1
"SNORD16",1
"SNORD18B",1
"SNORD34",1
"SNORD35A",1
"SNORD5",1
"snoU18",1
"SNRK",1
"SNX21",1
"SNX8",1
"SOAT2",1
"SORBS2",1
"SORBS3",1
"SORL1",1
"SOX13",1
"SOX9-AS1",1
"SPAG1",1
"SPECC1L",1
"SPG7",1
"SPRED2",1
"SPTBN4",1
"SQRDL",1
"SRCIN1",1
"SREBF1",1
"SRSF10",1
"SSC5D",1
"SSH1",1
"SSH3",1
"SSPN",1
"SSRP1",1
"ST3GAL2",1
"ST3GAL4",1
"ST6GALNAC6",1
"STAB1",1
"STAG3",1
"STAP2",1
"STARD5",1
"STIM2",1
"STK16",1
"STK32B",1
"STK39",1
"STT3B",1
"SUCLG2",1
"SUMF2",1
"SUMO3",1
"SUN1",1
"SUSD6",1
"SUV420H1",1
"SVOP",1
"SYNRG",1
"SYT12",1
"SYT7",1
"SYT8",1
"TACC1",1
"TACSTD2",1
"TADA3",1
"TAF1",1
"TAF1D",1
"TAL1",1
"TAL2",1
"TANC1",1
"TAPBP",1
"TBC1D14",1
"TBC1D19",1
"TBC1D22A",1
"TBC1D24",1
"TBC1D2B",1
"TBC1D4",1
"TBC1D5",1
"TBC1D7",1
"TBXAS1",1
"TC2N",1
"TCAM1P",1
"TCERG1L",1
"TCF12",1
"TCF20",1
"TCF7L1",1
"TCOF1",1
"TDO2",1
"TDRKH",1
"TEAD1",1
"TECR",1
"TENM2",1
"TEPP",1
"TERF2IP",1
"TET1",1
"TEX19",1
"TEX30",1
"TF",1
"TFAP2A-AS1",1
"TFAP2C",1
"TFEB",1
"TFP1",1
"TGFB2",1
"TGIF2-C20orf24",1
"TGM6",1
"THADA",1
"THAP6",1
"THRAP3",1
"TIGD6",1
"TLE1P1",1
"TLX3",1
"TM4SF4",1
"TMBIM1",1
"TMC3-AS1",1
"TMCC3",1
"TMEM132B",1
"TMEM177",1
"TMEM192",1
"TMEM220-AS1",1
"TMEM229A",1
"TMEM241",1
"TMEM30A",1
"TMEM45A",1
"TMEM51-AS1",1
"TMEM88B",1
"TMPRSS4",1
"TMPRSS4-AS1",1
"TMTC1",1
"TNF",1
"TNFAIP8",1
"TNFRSF1A",1
"TNFRSF8",1
"TNIP2",1
"TNRC18",1
"TNRC6A",1
"TNS2",1
"TNXB",1
"TOB1-AS1",1
"TOLLIP",1
"TOX3",1
"TPCN1",1
"TPCN2",1
"TPM3",1
"TPM4",1
"TPPP2",1
"TPRG1",1
"TPRN",1
"TRA2B",1
"TRAF3IP3",1
"TRAF5",1
"TRAF6",1
"TRAPPC3",1
"TRAT1",1
"TREML2",1
"TRIM41",1
"TRIM71",1
"TRIP6",1
"TRPC2",1
"TRPV4",1
"TRPV6",1
"TRRAP",1
"TSC22D4",1
"TSPAN1",1
"TSPAN14",1
"TSPAN4",1
"TSPAN5",1
"TSPAN9-IT1",1
"TTC19",1
"TTC24",1
"TTC7B",1
"TTF2",1
"TTLL10",1
"TTLL10-AS1",1
"TTR",1
"U7",1
"UBA3",1
"UBASH3A",1
"UBE3A",1
"UBR4",1
"UBXN11",1
"UGT2B15",1
"ULBP1",1
"UQCC3",1
"USP15",1
"USP31",1
"USP36",1
"USP3-AS1",1
"UTP18",1
"VAC14",1
"VASH2",1
"VAX2",1
"VILL",1
"VPS13D",1
"VPS4A",1
"VSX1",1
"VWA1",1
"VWA3B",1
"WBP1L",1
"WDR24",1
"WDR64",1
"WDR70",1
"WFDC6",1
"WHAMM",1
"WNK3",1
"WNT3",1
"WNT5B",1
"WRAP73",1
"WRB",1
"WWC1",1
"WWC2",1
"WWC2-AS2",1
"WWTR1",1
"XAB2",1
"XRN1",1
"XXbac-BPG181M17.5",1
"XXbac-BPG300A18.13",1
"XYLT1",1
"YPEL5",1
"YY1AP1",1
"ZAP70",1
"ZBTB17",1
"ZBTB7A",1
"ZC2HC1C",1
"ZC3H12B",1
"ZC3H12D",1
"ZCCHC14",1
"ZDHHC14",1
"ZEB2",1
"ZFPM2",1
"ZIC5",1
"ZMYND10-AS1",1
"ZNF124",1
"ZNF212",1
"ZNF281",1
"ZNF32-AS3",1
"ZNF362",1
"ZNF385A",1
"ZNF445",1
"ZNF48",1
"ZNF487",1
"ZNF536",1
"ZNF598",1
"ZNF608",1
"ZNF704",1
"ZNF735",1
"ZNF736",1
"ZNF750",1
"ZPBP2",1
"ZRANB2-AS1",1
"ZSCAN2",1
"ZSCAN25",1
"ZSWIM1",1
"ZSWIM3",1
