"Gene","panels.present","panel.counts","alive.counts","dead.counts","alive.dead.diff"
"CBFA2T3","sleeping.neg;sleeping.pos;neg.shutting;pos.shutting","4","3;5;16;39","10;44;23;43","7;39;7;4"
"TFAP2A","pos2neg;sleeping.neg;sleeping.pos;pos.shutting","4","1;4;8;16","6;21;28;35","5;17;20;19"
"CADM3","pos2neg;sleeping.neg;sleeping.pos;neg.shutting","4","2;1;8;3","5;7;14;8","3;6;6;5"
"CSMD1","pos2neg;sleeping.pos;neg.shutting;pos.shutting","4","1;43;7;14","8;55;16;38","7;12;9;24"
"CTNNA2","pos2neg;sleeping.pos;neg.shutting;pos.shutting","4","1;31;12;22","7;43;9;33","6;12;-3;11"
"DLEU1","sleeping.neg;sleeping.pos;neg.shutting;pos.shutting","4","4;7;12;16","14;21;7;28","10;14;-5;12"
"PAX6","sleeping.neg;sleeping.pos;neg.shutting;pos.shutting","4","1;17;19;41","10;55;25;59","9;38;6;18"
"RAP1GAP","sleeping.neg;sleeping.pos;neg.shutting;pos.shutting","4","2;6;9;13","7;10;5;17","5;4;-4;4"
"TSPAN32","sleeping.neg;sleeping.pos;neg.shutting;pos.shutting","4","3;4;3;5","18;33;9;24","15;29;6;19"
"UNC5A","sleeping.neg;sleeping.pos;neg.shutting;pos.shutting","4","1;2;8;10","5;9;4;20","4;7;-4;10"
"CDH13","pos2neg;sleeping.neg;sleeping.pos;pos.shutting","4","1;1;11;16","7;10;29;30","6;9;18;14"
"ESR1","sleeping.neg;sleeping.pos;neg.shutting;pos.shutting","4","5;17;5;18","10;34;9;24","5;17;4;6"
"RUNX3","sleeping.neg;sleeping.pos;neg.shutting;pos.shutting","4","4;8;19;30","8;36;14;36","4;28;-5;6"
"MCC","sleeping.neg;sleeping.pos;neg.shutting;pos.shutting","4","2;3;18;19","5;13;4;32","3;10;-14;13"
"PRKCB","sleeping.neg;sleeping.pos;neg.shutting;pos.shutting","4","3;19;3;9","10;24;8;18","7;5;5;9"
"RASSF1","sleeping.neg;sleeping.pos;neg.shutting;pos.shutting","4","1;12;9;17","11;16;3;21","10;4;-6;4"
"BANP","sleeping.neg;sleeping.pos;neg.shutting;pos.shutting","4","2;9;15;32","9;24;20;45","7;15;5;13"
"MRVI1","sleeping.neg;sleeping.pos;neg.shutting;pos.shutting","4","1;8;5;11","6;14;8;16","5;6;3;5"
"ST5","sleeping.neg;sleeping.pos;neg.shutting;pos.shutting","4","3;5;5;13","6;15;8;21","3;10;3;8"
"POU6F2","sleeping.neg;sleeping.pos;neg.shutting;pos.shutting","4","1;14;4;11","7;19;7;17","6;5;3;6"
"SOX1","sleeping.neg;sleeping.pos;neg.shutting;pos.shutting","4","2;7;2;13","8;21;8;16","6;14;6;3"
"UNC5D","sleeping.neg;sleeping.pos;neg.shutting;pos.shutting","4","1;18;1;7","15;33;7;20","14;15;6;13"
"ZIC1","pos2neg;sleeping.neg;sleeping.pos;neg.shutting;pos.shutting","5","3;2;36;24;56","19;50;93;31;84","16;48;57;7;28"
"MAD1L1","neg2pos;sleeping.neg;sleeping.pos;neg.shutting;pos.shutting","5","3;8;21;26;95","9;26;74;38;106","6;18;53;12;11"
"OPCML","neg2pos;pos2neg;sleeping.neg;sleeping.pos;pos.shutting","5","2;2;1;68;49","6;9;12;90;64","4;7;11;22;15"
"CDH4","pos2neg;sleeping.neg;sleeping.pos;neg.shutting;pos.shutting","5","1;3;52;11;30","8;12;56;18;48","7;9;4;7;18"
"GATA4","pos2neg;sleeping.neg;sleeping.pos;neg.shutting;pos.shutting","5","1;1;4;10;46","6;9;44;13;55","5;8;40;3;9"
"HIVEP3","pos2neg;sleeping.neg;sleeping.pos;neg.shutting;pos.shutting","5","1;7;12;8;13","4;10;21;5;31","3;3;9;-3;18"
"PPP1CA","pos2neg;sleeping.neg;sleeping.pos;neg.shutting;pos.shutting","5","1;4;6;3;9","4;8;12;8;17","3;4;6;5;8"
"TP73","neg2pos;pos2neg;sleeping.neg;sleeping.pos;neg.shutting;pos.shutting","6","6;6;7;33;18;38","10;12;13;71;23;57","4;6;6;38;5;19"
