"Gene","panels.present","panel.counts","alive.counts","dead.counts","alive.dead.diff"
"KRT8","pos2neg;sleeping.neg;sleeping.pos;neg.shutting;pos.shutting","5","2;12;13;12;8","6;15;17;4;12","4;3;4;-8;4"
"EHD1","pos2neg;sleeping.neg;sleeping.pos;neg.shutting;pos.shutting","5","2;2;6;1;10","5;6;11;5;14","3;4;5;4;4"
"C6orf25","pos2neg;sleeping.neg;sleeping.pos;neg.shutting;pos.shutting","5","6;2;10;10;28","2;9;21;7;25","-4;7;11;-3;-3"
"RP11-834C11.12","neg2pos;sleeping.neg;sleeping.pos;neg.shutting;pos.shutting","5","1;4;24;23;68","7;20;44;18;91","6;16;20;-5;23"
"PRDM16","neg2pos;sleeping.neg;sleeping.pos;neg.shutting;pos.shutting","5","1;2;30;62;140","6;16;172;39;171","5;14;142;-23;31"
"HOXC6","neg2pos;sleeping.neg;sleeping.pos;neg.shutting;pos.shutting","5","1;2;18;22;58","7;18;37;18;69","6;16;19;-4;11"
"HOXC4","neg2pos;sleeping.neg;sleeping.pos;neg.shutting;pos.shutting","5","1;6;26;13;41","4;20;52;7;53","3;14;26;-6;12"
"SEPT9","pos2neg;sleeping.neg;sleeping.pos;neg.shutting;pos.shutting","5","4;11;26;22;29","1;21;37;9;46","-3;10;11;-13;17"
"NCOR2","pos2neg;sleeping.neg;sleeping.pos;neg.shutting;pos.shutting","5","1;11;28;15;45","4;22;65;18;63","3;11;37;3;18"
"AC009133.22","sleeping.neg;sleeping.pos;neg.shutting;pos.shutting","4","2;3;1;7","6;11;7;16","4;8;6;9"
"RADIL","sleeping.neg;sleeping.pos;neg.shutting;pos.shutting","4","1;2;2;22","7;28;5;25","6;26;3;3"
"JARID2","sleeping.neg;sleeping.pos;neg.shutting;pos.shutting","4","1;7;2;7","4;13;5;21","3;6;3;14"
"C11orf21","sleeping.neg;sleeping.pos;neg.shutting;pos.shutting","4","3;4;2;5","17;30;9;23","14;26;7;18"
"AMZ1","sleeping.neg;sleeping.pos;neg.shutting;pos.shutting","4","1;6;2;19","7;19;8;28","6;13;6;9"
"ZNF750","sleeping.neg;sleeping.pos;neg.shutting;pos.shutting","4","1;2;3;7","9;5;8;15","8;3;5;8"
"ARHGEF10","sleeping.neg;sleeping.pos;neg.shutting;pos.shutting","4","3;3;4;22","10;30;13;31","7;27;9;9"
"ITPK1","sleeping.neg;sleeping.pos;neg.shutting;pos.shutting","4","1;5;5;6","5;10;1;11","4;5;-4;5"
"FBRSL1","sleeping.neg;sleeping.pos;neg.shutting;pos.shutting","4","1;5;5;19","4;19;8;22","3;14;3;3"
"LRRFIP1","sleeping.neg;sleeping.pos;neg.shutting;pos.shutting","4","2;10;6;15","7;18;3;21","5;8;-3;6"
"LRP1","sleeping.neg;sleeping.pos;neg.shutting;pos.shutting","4","1;2;6;15","4;17;3;22","3;15;-3;7"
"ZFPM2","sleeping.neg;sleeping.pos;neg.shutting;pos.shutting","4","1;13;7;5","4;20;2;13","3;7;-5;8"
"RCN1","sleeping.neg;sleeping.pos;neg.shutting;pos.shutting","4","1;8;7;20","4;52;10;40","3;44;3;20"
"RBMS1","sleeping.neg;sleeping.pos;neg.shutting;pos.shutting","4","1;2;7;9","4;8;3;21","3;6;-4;12"
"MARK4","sleeping.neg;sleeping.pos;neg.shutting;pos.shutting","4","1;3;7;16","4;20;3;27","3;17;-4;11"
"FAM65B","sleeping.neg;sleeping.pos;neg.shutting;pos.shutting","4","2;4;7;11","9;17;3;16","7;13;-4;5"
"C1orf132","sleeping.neg;sleeping.pos;neg.shutting;pos.shutting","4","2;8;7;4","7;13;4;11","5;5;-3;7"
"KIAA1217","sleeping.neg;sleeping.pos;neg.shutting;pos.shutting","4","1;3;8;11","5;18;2;18","4;15;-6;7"
"MAML3","sleeping.neg;sleeping.pos;neg.shutting;pos.shutting","4","1;7;9;14","8;17;3;22","7;10;-6;8"
"MAGI1","sleeping.neg;sleeping.pos;neg.shutting;pos.shutting","4","1;4;9;16","7;18;3;24","6;14;-6;8"
"PRKCH","sleeping.neg;sleeping.pos;neg.shutting;pos.shutting","4","2;4;10;15","5;7;2;21","3;3;-8;6"
"PCDHGB2","sleeping.neg;sleeping.pos;neg.shutting;pos.shutting","4","3;2;10;28","6;73;7;59","3;71;-3;31"
"PCDHGB1","sleeping.neg;sleeping.pos;neg.shutting;pos.shutting","4","3;3;10;28","6;79;7;64","3;76;-3;36"
"PCDHGA5","sleeping.neg;sleeping.pos;neg.shutting;pos.shutting","4","3;2;10;26","6;69;6;57","3;67;-4;31"
"PCDHGA4","sleeping.neg;sleeping.pos;neg.shutting;pos.shutting","4","3;2;10;28","6;77;7;60","3;75;-3;32"
"PCDHGA3","sleeping.neg;sleeping.pos;neg.shutting;pos.shutting","4","3;3;10;28","6;88;7;68","3;85;-3;40"
"PCDHGA2","sleeping.neg;sleeping.pos;neg.shutting;pos.shutting","4","3;4;10;28","6;93;7;71","3;89;-3;43"
"PCDHGA1","sleeping.neg;sleeping.pos;neg.shutting;pos.shutting","4","3;4;10;29","6;95;7;74","3;91;-3;45"
"KCNMA1","sleeping.neg;sleeping.pos;neg.shutting;pos.shutting","4","1;2;10;18","4;15;6;24","3;13;-4;6"
"TACC2","sleeping.neg;sleeping.pos;neg.shutting;pos.shutting","4","2;5;12;26","5;16;5;20","3;11;-7;-6"
"RPTOR","sleeping.neg;sleeping.pos;neg.shutting;pos.shutting","4","7;14;12;47","17;54;20;42","10;40;8;-5"
"ELF3","sleeping.neg;sleeping.pos;neg.shutting;pos.shutting","4","1;7;12;10","9;10;5;13","8;3;-7;3"
"SH3BP4","sleeping.neg;sleeping.pos;neg.shutting;pos.shutting","4","5;5;16;17","9;8;10;30","4;3;-6;13"
"SKI","sleeping.neg;sleeping.pos;neg.shutting;pos.shutting","4","6;11;17;33","13;35;11;43","7;24;-6;10"
"PRRT1","sleeping.neg;sleeping.pos;neg.shutting;pos.shutting","4","4;7;17;51","28;56;8;42","24;49;-9;-9"
"GABBR1","sleeping.neg;sleeping.pos;neg.shutting;pos.shutting","4","1;14;18;27","10;62;8;59","9;48;-10;32"
"INS-IGF2","sleeping.neg;sleeping.pos;neg.shutting;pos.shutting","4","1;3;19;25","5;52;8;39","4;49;-11;14"
"IGF2","sleeping.neg;sleeping.pos;neg.shutting;pos.shutting","4","1;3;19;23","4;44;7;26","3;41;-12;3"
"HDAC4","sleeping.neg;sleeping.pos;neg.shutting;pos.shutting","4","5;15;19;65","12;44;23;77","7;29;4;12"
"PRKCZ","sleeping.neg;sleeping.pos;neg.shutting;pos.shutting","4","4;7;20;61","9;55;16;86","5;48;-4;25"
"MSLN","sleeping.neg;sleeping.pos;neg.shutting;pos.shutting","4","1;13;21;31","10;36;13;59","9;23;-8;28"
"TBCD","sleeping.neg;sleeping.pos;neg.shutting;pos.shutting","4","5;16;29;56","19;25;25;87","14;9;-4;31"
"THSD4","sleeping.neg;sleeping.pos;neg.shutting;pos.shutting","4","2;5;11;12","8;18;7;22","6;13;-4;10"
"SND1","sleeping.neg;sleeping.pos;neg.shutting;pos.shutting","4","2;7;12;18","7;17;2;21","5;10;-10;3"
"CTSZ","sleeping.neg;sleeping.pos;neg.shutting;pos.shutting","4","1;5;2;3","11;16;5;10","10;11;3;7"
"WRAP73","sleeping.neg;sleeping.pos;neg.shutting;pos.shutting","4","1;10;5;20","4;25;11;17","3;15;6;-3"
"TTC6","sleeping.neg;sleeping.pos;neg.shutting;pos.shutting","4","2;8;7;13","7;17;1;25","5;9;-6;12"
"SHANK2","pos2neg;sleeping.neg;sleeping.pos;pos.shutting","4","1;3;14;61","5;33;91;71","4;30;77;10"
"PVRL4","sleeping.neg;sleeping.pos;neg.shutting;pos.shutting","4","1;4;7;12","5;8;4;8","4;4;-3;-4"
"PRICKLE2","sleeping.neg;sleeping.pos;neg.shutting;pos.shutting","4","5;5;5;7","2;12;2;16","-3;7;-3;9"
"PKP3","pos2neg;sleeping.neg;sleeping.pos;neg.shutting","4","1;2;7;12","4;9;12;2","3;7;5;-10"
"LMX1B","sleeping.neg;sleeping.pos;neg.shutting;pos.shutting","4","4;4;4;13","8;17;1;17","4;13;-3;4"
"LINC01237","sleeping.neg;sleeping.pos;neg.shutting;pos.shutting","4","2;6;9;18","9;16;6;21","7;10;-3;3"
"LAT","pos2neg;sleeping.neg;sleeping.pos;neg.shutting","4","1;1;9;1","6;11;13;5","5;10;4;4"
"IFT140","pos2neg;sleeping.neg;sleeping.pos;pos.shutting","4","1;7;9;29","4;11;29;33","3;4;20;4"
"HOXD3","pos2neg;sleeping.pos;neg.shutting;pos.shutting","4","1;8;2;40","9;75;8;44","8;67;6;4"
"DGKQ","sleeping.neg;sleeping.pos;neg.shutting;pos.shutting","4","1;3;5;8","4;6;1;11","3;3;-4;3"
"C7orf50","pos2neg;sleeping.neg;sleeping.pos;pos.shutting","4","1;6;17;49","5;16;53;77","4;10;36;28"
"AC009336.19","pos2neg;sleeping.pos;neg.shutting;pos.shutting","4","1;4;2;30","7;57;7;33","6;53;5;3"
"CELSR1","sleeping.neg;sleeping.pos;neg.shutting;pos.shutting","4","2;3;2;21","10;11;7;17","8;8;5;-4"
"WNT5B","neg2pos;sleeping.neg;sleeping.pos;pos.shutting","4","1;1;6;13","5;5;18;25","4;4;12;12"
"TNS1","sleeping.neg;sleeping.pos;neg.shutting;pos.shutting","4","6;11;3;11","9;24;6;23","3;13;3;12"
"TMC6","sleeping.neg;sleeping.pos;neg.shutting;pos.shutting","4","3;1;5;18","10;18;9;22","7;17;4;4"
"SLC12A7","neg2pos;sleeping.pos;neg.shutting;pos.shutting","4","1;5;3;30","7;26;7;33","6;21;4;3"
"RP11-834C11.14","sleeping.neg;sleeping.pos;neg.shutting;pos.shutting","4","4;11;12;26","9;24;4;36","5;13;-8;10"
"RP11-753H16.5","sleeping.neg;sleeping.pos;neg.shutting;pos.shutting","4","2;6;6;16","6;14;11;30","4;8;5;14"
"RP11-753H16.3","sleeping.neg;sleeping.pos;neg.shutting;pos.shutting","4","3;6;7;19","6;17;12;32","3;11;5;13"
"PTPRN2","neg2pos;sleeping.pos;neg.shutting;pos.shutting","4","1;13;106;160","8;331;51;253","7;318;-55;93"
"PFKFB3","neg2pos;sleeping.pos;neg.shutting;pos.shutting","4","1;2;3;9","4;10;7;19","3;8;4;10"
"NAV2","neg2pos;sleeping.pos;neg.shutting;pos.shutting","4","1;5;32;33","6;20;20;50","5;15;-12;17"
"MSLNL","sleeping.neg;sleeping.pos;neg.shutting;pos.shutting","4","1;3;9;11","4;9;5;14","3;6;-4;3"
"MCF2L","sleeping.neg;sleeping.pos;neg.shutting;pos.shutting","4","11;28;21;90","14;81;14;127","3;53;-7;37"
"KCNQ1","neg2pos;sleeping.neg;sleeping.pos;pos.shutting","4","1;2;10;68","4;5;45;88","3;3;35;20"
"EPS8L2","sleeping.neg;sleeping.pos;neg.shutting;pos.shutting","4","2;5;9;12","10;16;1;21","8;11;-8;9"
"DEAF1","sleeping.neg;sleeping.pos;neg.shutting;pos.shutting","4","1;2;8;8","5;10;1;13","4;8;-7;5"
"RGS12","pos2neg;sleeping.neg;sleeping.pos;pos.shutting","4","1;4;15;20","4;14;30;26","3;10;15;6"
"PRKAG2","sleeping.neg;sleeping.pos;neg.shutting;pos.shutting","4","1;3;9;25","4;11;5;34","3;8;-4;9"
"DDR1","sleeping.neg;sleeping.pos;neg.shutting;pos.shutting","4","4;30;24;32","22;34;12;44","18;4;-12;12"
"ABR","sleeping.neg;sleeping.pos;neg.shutting;pos.shutting","4","1;8;14;34","4;30;17;46","3;22;3;12"
"ZIC4","pos2neg;sleeping.pos;neg.shutting;pos.shutting","4","2;16;12;30","8;56;16;40","6;40;4;10"
"SLC38A10","sleeping.neg;sleeping.pos;neg.shutting;pos.shutting","4","3;6;9;18","9;16;6;24","6;10;-3;6"
"DIP2C","neg2pos;pos2neg;sleeping.neg;sleeping.pos;neg.shutting;pos.shutting","6","1;1;1;14;22;83","10;10;17;56;30;78","9;9;16;42;8;-5"
"EIF2B5","neg2pos;pos2neg;sleeping.neg;sleeping.pos;neg.shutting;pos.shutting","6","4;6;5;14;28;70","8;9;21;60;19;108","4;3;16;46;-9;38"
