Gene,Freq
FKBPL,8
IDUA,8
CENPBD1P1,7
DPYS,7
HDGF,7
OTX1,7
PTPRF,7
SLC26A1,7
ALDH3B2,6
C1orf168,6
COL25A1,6
DAB1,6
DALRD3,6
ENPP5,6
EXOC6,6
IL20RA,6
MB21D2,6
ORAOV1,6
PRCC,6
RIMS1,6
SFXN5,6
SPATA16,6
TRPC3,6
WDR46,6
YAE1D1,6
ZEB1-AS1,6
ADTRP,5
ARHGAP27,5
ATP9B,5
BTBD9,5
CA4,5
CAPN13,5
CBLC,5
CCND3,5
CIB3,5
COL21A1,5
CTC-432M15.3,5
CUBN,5
EPB42,5
EPS8,5
FAM83F,5
FBXL17,5
FNIP1,5
GRB7,5
HYDIN,5
IQCJ-SCHIP1,5
KIF25-AS1,5
LINC00461,5
LRAT,5
LYST,5
MIR425,5
MIR6873,5
MTERF1,5
NDUFAF3,5
NFYC,5
NOX4,5
PAQR8,5
PDCD1,5
PHACTR2,5
PROM1,5
REEP1,5
RP11-525K10.3,5
SEMA7A,5
SEZ6L2,5
SF1,5
SPINT1,5
TTC7B,5
ZEB1,5
ZNF860,5
AC005154.6,4
AC012501.2,4
AC016723.4,4
AC104667.3,4
ACER1,4
ACSL3,4
ADAMTS12,4
ADCY1,4
ADCY6,4
AEBP2,4
AGFG1,4
AL662797.1,4
ANTXR1,4
ARC,4
ATP13A4-AS1,4
ATP8A2,4
C10orf111,4
CCDC81,4
CEP162,4
CHD3,4
CMTM4,4
CTC-467M3.1,4
CTD-2349B8.1,4
DBX1,4
DCUN1D2,4
DONSON,4
EFCC1,4
EHBP1,4
EIF2AK2,4
ENAH,4
FAM111A,4
GARS,4
GLB1L3,4
GRAMD1B,4
HDDC3,4
HLA-L,4
HS3ST3A1,4
HSPB1,4
IGF2BP2,4
IL22RA1,4
JAZF1-AS1,4
KB-1930G5.4,4
KCTD14,4
KIAA1715,4
LCE1B,4
LINC00298,4
LINC00324,4
LRCH1,4
LRRC1,4
LRRC16A,4
MAML1,4
MAN1A2,4
MBNL1,4
MCM3AP,4
MEF2C,4
METTL6,4
MOB2,4
MPC1,4
MTA3,4
NCAPD3,4
NCCRP1,4
NDUFC1,4
NDUFC2-KCTD14,4
NUDCD3,4
PAK1,4
PI4KB,4
PLEKHN1,4
PPAP2B,4
PPARD,4
PRR15,4
PSME3,4
RASGRP3,4
RFPL1S,4
RFX1,4
RIMS3,4
RNF6,4
RP11-179A16.1,4
RP11-203B9.4,4
RP11-335O13.7,4
RP11-382A20.4,4
RP11-386G11.10,4
RP11-481J13.1,4
RP11-525A16.4,4
RP11-627G23.1,4
RP11-84C10.4,4
RP11-896J10.3,4
RPP38,4
RPS6KA1,4
S100A16,4
SLC25A22,4
SLC4A4,4
SPDEF,4
SS18L2,4
SYNE4,4
TBC1D4,4
TG,4
TMEM56-RWDD3,4
TMOD3,4
TNKS,4
TNPO1,4
UBL3,4
WSCD2,4
YBEY,4
YBX2,4
ZC3H18,4
ZRANB1,4
A1BG,3
A1BG-AS1,3
AADACL2-AS1,3
ABCB5,3
ABCC4,3
ABCG1,3
ABI3BP,3
AC002066.1,3
AC004837.3,3
AC005281.2,3
AC006372.4,3
AC007285.6,3
AC013460.1,3
AC015688.3,3
AC079776.1,3
AC097721.2,3
AC113133.1,3
AC136289.1,3
AC141586.5,3
ACAD8,3
ACER3,3
ACKR2,3
ACTR3C,3
ADAMTS5,3
AGAP1-IT1,3
ALOX5,3
AMICA1,3
ANKRD19P,3
ANKRD28,3
AOC2,3
AP000487.6,3
AP001258.4,3
APLNR,3
ARFRP1,3
ARHGAP5,3
ARHGAP5-AS1,3
ARIH1,3
ARPC1A,3
ARPP21,3
ASCC1,3
ASIC1,3
ATE1,3
ATP10B,3
ATP4B,3
ATP8A1,3
BAG2,3
BAG6,3
BBX,3
BEND3,3
BHMT,3
BMX,3
BRD9,3
BRWD1,3
BUB1,3
C11orf74,3
C12orf75,3
C12orf76,3
C14orf159,3
C1QL4,3
C21orf2,3
C4orf33,3
C5AR2,3
C6orf165,3
C6orf99,3
C7,3
C8orf37-AS1,3
C9orf163,3
CACNA1E,3
CACUL1,3
CALB2,3
CAP2,3
CASP6,3
CBR4,3
CCDC141,3
CCDC34,3
CDH3,3
CDHR2,3
CENPM,3
CENPT,3
CEPT1,3
CHCHD3,3
CLCN7,3
CNOT4,3
CNPY3,3
COL12A1,3
COL20A1,3
COL5A2,3
CPS1,3
CRTAP,3
CTD-2184C24.2,3
CTD-2201G3.1,3
CTD-2545G14.6,3
CTD-2545G14.7,3
CTD-2619J13.8,3
CTSC,3
CXCL16,3
CYB561A3,3
DAAM1,3
DACT2,3
DCAF6,3
1-Dec,3
DIP2B,3
DKK4,3
DOPEY1,3
DPY19L1,3
DRG1,3
DSCAS,3
DSE,3
EBNA1BP2,3
EDEM1,3
EEA1,3
EEPD1,3
EFEMP1,3
EHBP1L1,3
EIF4H,3
ELTD1,3
EMB,3
EMG1,3
ENKUR,3
ESPN,3
FABP1,3
FAH,3
FAM154A,3
FAM155A,3
FAM168A,3
FAM19A4,3
FAT3,3
FAXDC2,3
FCGRT,3
FCHO2,3
FDFT1,3
FGFBP2,3
FIG4,3
FNDC1,3
FOXI2,3
FRMD6-AS2,3
FTSJ2,3
FUT4,3
GAP43,3
GBP7,3
GCNT1,3
GDAP1L1,3
GFM2,3
GGT7,3
GLCE,3
GNG11,3
GNS,3
GOLGA7B,3
GPNMB,3
GPR157,3
GPR85,3
GRIA4,3
GRIN1,3
GRK5-IT1,3
GS1-259H13.10,3
GTPBP2,3
GXYLT2,3
HAO2,3
HAPLN1,3
HCFC1R1,3
HDAC11,3
HDGFRP3,3
HDHD1P2,3
HGD,3
HILS1,3
HLA-DQA2,3
HLA-F-AS1,3
HRK,3
HTR3B,3
HYLS1,3
IGSF9,3
IL17F,3
IMPA1P,3
INSRR,3
INTU,3
ITPKC,3
IWS1,3
KB-1208A12.3,3
KBTBD12,3
KCNJ1,3
KLC2,3
KLC4,3
KRT222,3
LA16c-390E6.3,3
LAMC1,3
LGALS9,3
LINC00111,3
LINC00649,3
LINC01020,3
LINC01562,3
LRCOL1,3
LRRC6,3
LRRC66,3
MAP3K9,3
MAP4,3
MAPKAP1,3
MBD5,3
METTL2A,3
MIB1,3
MIR181A1HG,3
MIR2276,3
MIR30E,3
MIR4259,3
MIR6884,3
MLC1,3
MLLT6,3
MMP11,3
MMRN2,3
MPPE1,3
MRPL2,3
MSI1,3
MYH15,3
MYO16,3
MYOCD,3
NBPF13P,3
NEBL,3
NEDD1,3
NIF3L1,3
NKD1,3
NMU,3
NOP58,3
NPY,3
NR3C2,3
NRL,3
NSA2,3
NTNG1,3
OFCC1,3
OTX2-AS1,3
PABPC1,3
PALM2,3
PDE6C,3
PDZD8,3
PEAK1,3
PGAP3,3
PIDD1,3
PIGG,3
PIWIL4,3
PPAP2A,3
PPIL2,3
PPP1R17,3
PRDM10,3
PRDM13,3
PRKAG3,3
PRLR,3
PRMT3,3
PROS1,3
PSMB1,3
PTGES3L-AARSD1,3
PXT1,3
R3HCC1L,3
RAD23A,3
RAI14,3
RELL1,3
RGS20,3
RHBDF1P1,3
RHOF,3
RIT1,3
RP11-1072A3.3,3
RP11-10J21.2,3
RP11-119B16.2,3
RP11-123O10.3,3
RP11-136K14.1,3
RP11-138I1.2,3
RP11-13J10.1,3
RP11-158I23.1,3
RP11-16E12.1,3
RP11-16E12.2,3
RP11-187O7.3,3
RP11-193J6.1,3
RP11-195F19.29,3
RP11-227F19.1,3
RP11-245J24.1,3
RP11-286E11.1,3
RP11-298J20.4,3
RP11-315I20.1,3
RP11-357H14.16,3
RP11-359B12.2,3
RP11-360L9.4,3
RP11-421L21.3,3
RP11-431K24.1,3
RP11-440L14.1,3
RP11-444D3.1,3
RP11-453A12.1,3
RP11-507B12.2,3
RP11-52L5.6,3
RP11-532F12.5,3
RP11-57H12.3,3
RP11-59C5.3,3
RP1-15D23.2,3
RP11-60A8.1,3
RP11-613D13.4,3
RP11-61O1.1,3
RP11-624C23.1,3
RP11-653J6.1,3
RP11-66B24.5,3
RP1-168L15.5,3
RP11-70C1.3,3
RP11-724O16.1,3
RP11-739N20.2,3
RP11-776A13.1,3
RP11-867G2.8,3
RP1-18D14.7,3
RP11-930P14.1,3
RP1-309K20.6,3
RP3-461F17.3,3
RP4-740C4.5,3
RPH3A,3
RPL27A,3
RPL39L,3
RPRML,3
RPS6KA5,3
RSPO1,3
RUFY2,3
RUFY3,3
RYK,3
RYR3,3
S100A8,3
SAAL1,3
SAP18,3
SCART1,3
SCIN,3
SCRN1,3
SEC24B,3
8-Sep,3
SFTA3,3
SGCD,3
SHMT2,3
Six3os1_5,3
SLA,3
SLC10A7,3
SLC17A9,3
SLC19A1,3
SLC1A2,3
SLC25A18,3
SLC27A5,3
SLC27A6,3
SLC37A3,3
SLC39A2,3
SLC43A1,3
SLC7A11,3
SLC9A9,3
SMARCE1,3
SMIM15,3
SMPDL3A,3
SNCAIP,3
SNORD15A,3
SNORD72,3
SNRPB,3
SNURF,3
SNX25,3
SP7,3
SPATA20,3
SPATA9,3
SQRDL,3
SRBD1,3
SRPK2,3
SRR,3
ST14,3
STARD7,3
STIM1,3
SV2B,3
SYT12,3
TAF2,3
TAL1,3
TBKBP1,3
TBP,3
TCP11L1,3
TCTEX1D1,3
TESK2,3
TEX264,3
TFB2M,3
TGFA,3
THOC6,3
TIFAB,3
TM6SF1,3
TMED8,3
TMEM138,3
TMEM183A,3
TMEM216,3
TMEM260,3
TMEM56,3
TMEM62,3
TMEM64,3
TMEM80,3
TNFSF10,3
TOP1,3
TRIM36,3
TRIM61,3
TRPV2,3
TTC23,3
TTC29,3
TTPAL,3
TUBA1B,3
TVP23C-CDRT4,3
TXNDC11,3
TXNL4B,3
UBE2D3,3
UBE2E2,3
UPF2,3
USE1,3
VAMP8,3
VAPA,3
VNN1,3
VRK1,3
VWA8,3
WBSCR17,3
WDR45B,3
WDR91,3
WWP1,3
XKR8,3
YWHAEP7,3
ZBTB38,3
ZC3H11A,3
ZFAND3,3
ZFP62,3
ZGPAT,3
ZIK1,3
ZKSCAN1,3
ZMYND15,3
ZNF175,3
ZNF207,3
ZNF394,3
ZNF416,3
ZNF418,3
ZNF438,3
ZNF660,3
ZNF721,3
ZNF766,3
ZNF789,3
ZNF862,3
