Gene,Freq
CMTM2,10
NBPF13P,7
TRIM61,7
AKR7L,6
RP1-202O8.2,6
CTD-3065J16.6,5
HIST1H2AI,5
RP11-798K3.3,5
ACSL4,4
ASPRV1,4
CRYGD,4
CTD-2529O21.2,4
EEF1DP5,4
ENPP7,4
FAM199X,4
FEZ2,4
HIST1H2BL,4
NDNF,4
NTN5,4
PARD6G-AS1,4
RP11-647P12.1,4
RP11-680F8.1,4
RP3-467K16.2,4
S100A8,4
SYP,4
AC012363.4,3
ATG4C,3
C6orf99,3
CNGA3,3
CTD-2331C18.5,3
CTD-2540B15.13,3
DNAH1,3
EFCAB14P1,3
FERD3L,3
GS1-124K5.13,3
GS1-124K5.2,3
HDGFL1,3
LDLRAD1,3
LINC01115,3
LINC01395,3
LRRC66,3
MAGEB10,3
MEOX2-AS1,3
MIR6753,3
PCBP3-OT1,3
PGA5,3
PSMD6,3
PTPN22,3
PYY2,3
RASGRP4,3
RBM44,3
RHBDF1P1,3
RHOQP3,3
RP11-105N14.1,3
RP11-179A16.1,3
RP11-189E14.4,3
RP11-208G20.2,3
RP11-208G20.3,3
RP11-485G7.5,3
RP11-802E16.3,3
RP13-516M14.8,3
RSPH10B2,3
SEPT7P6,3
SSX3,3
SYP-AS1,3
TSPAN11,3
VENTXP5,3
