"genes","Freq"
"FRS3",9
"BMPR2",8
"CDKN2C",8
"DUSP6",8
"CEBPA",7
"CNOT3",7
"DUSP22",7
"PHLDA2",7
"SOD2",7
"GLI1",6
"PLA2R1",6
"PPM1A",6
"RBL1",6
"THBD",6
"AHCYL1",5
"ANAPC1",5
"APAF1",5
"BBC3",5
"CXXC4",5
"CYB5A",5
"GADD45B",5
"NKX3-1",5
"PRDM4",5
"PRKAR1A",5
"RAD23B",5
"SEC14L2",5
"ABI2",4
"CASC2",4
"CMTM5",4
"EZH1",4
"FAM188A",4
"GADD45A",4
"GADD45G",4
"HSP90B1",4
"MIR148A",4
"MIR203A",4
"MIR636",4
"PANO1",4
"PIAS1",4
"PRODH",4
"PTPN13",4
"SETD2",4
"SHISA3",4
"UHRF2",4
"ZYX",4
"BRCA2",3
"CXCL14",3
"DAPK3",3
"DMTF1",3
"HIF1A",3
"HTATIP2",3
"MIR210",3
"NRSN2",3
"PAFAH1B1",3
"PCGF2",3
"RBM4",3
"RNF180",3
"RPA1",3
"SIRT1",3
"TRIM24",3
"TSPAN13",3
