"genes","Freq"
"RASSF10",11
"EPB41L3",10
"ASCL1",9
"FAT4",8
"ADAMTS18",7
"MIR193B",7
"DLEC1",6
"GJB2",6
"MIR196B",6
"SOX7",6
"WFDC1",6
"ACHE",5
"CD4",5
"CDCP1",5
"DNAJC11",5
"EFNA5",5
"NTRK3",5
"PTPRC",5
"SOX15",5
"SPRY2",5
"BCR",4
"BTK",4
"CBX5",4
"CDK2",4
"DUSP1",4
"FAM172A",4
"G0S2",4
"GPC3",4
"LEFTY1",4
"MIR124-1",4
"MYO18B",4
"PLA2G7",4
"PPARG",4
"PTCH2",4
"TCHP",4
"TDGF1",4
"TGFBR2",4
"ZFAS1",4
"ABCG2",3
"ADPRH",3
"AIF1",3
"ARHGAP29",3
"ARNTL",3
"AZGP1",3
"BHLHE41",3
"BTG2",3
"CCDC154",3
"CMTM3",3
"CST6",3
"DAPK2",3
"DAPK3",3
"DCUN1D3",3
"DIRAS3",3
"EPB41",3
"FLCN",3
"FRS3",3
"GLTSCR1",3
"HDAC1",3
"IGF2R",3
"IGFBP5",3
"ISG15",3
"KIF1B",3
"LRMP",3
"MIR130A",3
"MIR192",3
"MIR194-2",3
"MIR7-2",3
"MIR9-1",3
"NR4A3",3
"PLCD1",3
"PTPN2",3
"RASSF8",3
"RBM4",3
"SEMA3F",3
"SOCS3",3
"SRPX",3
"TCEAL7",3
"TNFAIP3",3
"TNFSF9",3
"UBE2QL1",3
"WNK2",3
