"genes","Freq"
"CSMD1",13
"SEMA3B",9
"WNT5A",9
"BCL2L11",8
"PCDH8",8
"WT1",8
"EMP2",7
"DKK3",6
"RPS6KA2",6
"AKAP12",5
"CTNNA2",5
"EBF3",5
"GRIN2A",5
"HOXB13",5
"PTGDR",5
"SFRP2",5
"TMPRSS6",5
"AHRR",4
"AJAP1",4
"CDH1",4
"FOXL2",4
"HIC1",4
"MCPH1",4
"PCDH10",4
"PPM1L",4
"SFN",4
"SLC9A3R1",4
"THBS1",4
"TP53INP1",4
"DLC1",3
"DLK1",3
"DOK2",3
"EFNA5",3
"ERBB4",3
"FOXA1",3
"FOXD3",3
"GALR1",3
"GPC5",3
"IRF5",3
"KL",3
"LHX4",3
"PANX2",3
"PER2",3
"RB1",3
"RBM38",3
"SOX7",3
"TNFAIP3",3
"TUSC7",3
"ZBTB16",3
