"genes","Freq"
"ZIC1",19
"TP73",12
"OPCML",9
"CDH4",8
"CSMD1",8
"CDH13",7
"CTNNA2",7
"MAD1L1",7
"EPHB3",6
"GATA4",6
"LSAMP",6
"SOX1",6
"TFAP2A",6
"TSPAN32",6
"CADM3",5
"DENND2D",5
"PCDH17",5
"POU6F2",5
"RUNX1",5
"UNC5D",5
"BCL2L11",4
"BLCAP",4
"CAMTA1",4
"HIVEP3",4
"PPP1CA",4
"CUX1",3
"DAB2IP",3
"EGLN3",3
"EHF",3
"FBXL13",3
"FOXP1",3
"GPC5",3
"IKZF1",3
"JDP2",3
"MRVI1",3
"PANX2",3
"PLXNC1",3
"PROX1",3
"PTPN6",3
"STAT5A",3
"TUSC7",3
"WT1",3
"WWOX",3
"ZBTB7C",3
"AIM2",2
"ALDH1A2",2
"BLID",2
"CABLES1",2
"CBFA2T3",2
"CFTR",2
"CUL1",2
"DLEU1",2
"DLK1",2
"DNMT3A",2
"EBF3",2
"EGR1",2
"EPHA1",2
"EPHB6",2
"ESR1",2
"FAT1",2
"IL17RD",2
"JUP",2
"LHX4",2
"LINC-PINT",2
"LITAF",2
"MEG3",2
"MIR141",2
"MIR181C",2
"MIR200C",2
"MIR205",2
"MTSS1",2
"MTUS1",2
"NNAT",2
"NR4A1",2
"NUAK1",2
"PDGFRL",2
"PHLDA3",2
"PLCE1",2
"PRKCB",2
"RAP1GAP",2
"RASAL1",2
"RBM38",2
"RUNX2",2
"SEMA3B",2
"SGMS1",2
"SLC9A3R1",2
"ST5",2
"STARD13",2
"THRB",2
"TNK1",2
"WNT7A",2
"ZBTB16",2
"ACHE",1
"ADAMTS8",1
"ADAMTS9-AS2",1
"ADARB1",1
"AFAP1L2",1
"AGTR1",1
"AHCYL1",1
"AHNAK",1
"AJAP1",1
"AKAP12",1
"AMH",1
"ANP32A",1
"ARF1",1
"ARL6IP5",1
"AXIN1",1
"AXIN2",1
"BANP",1
"BARD1",1
"BASP1",1
"BCL10",1
"BLNK",1
"BMF",1
"BRF1",1
"BRINP1",1
"CACNA2D3",1
"CADM1",1
"CAPG",1
"CASP8",1
"CDH5",1
"CDX2",1
"CLDN1",1
"CPNE7",1
"CREBBP",1
"CTNND1",1
"CYGB",1
"DICER1",1
"DLC1",1
"DLEU2",1
"DNMT3B",1
"DSC3",1
"E2F2",1
"EFNA5",1
"EMP1",1
"EMP2",1
"ERBB4",1
"ETV6",1
"EXT1",1
"EXT2",1
"EYA4",1
"FHIT",1
"FOXO6",1
"GJA1",1
"GSN",1
"GSTP1",1
"HBP1",1
"HDAC1",1
"HDAC3",1
"HECA",1
"HIC1",1
"HIPK2",1
"HOXB13",1
"IGF1",1
"IGFALS",1
"IGFBP5",1
"IRF1",1
"IRX1",1
"ITGA5",1
"ITGB1",1
"KL",1
"KLF4",1
"KRT19",1
"LHX6",1
"LIMA1",1
"LRIG3",1
"LRRC3B",1
"LZTS1",1
"MADD",1
"MARCKS",1
"MCPH1",1
"MEN1",1
"MIR124-2",1
"MIR145",1
"MIR150",1
"MIR193A",1
"MIR193B",1
"MIR211",1
"MIR375",1
"MIR495",1
"MSH2",1
"MST1R",1
"MXI1",1
"MYBBP1A",1
"NDN",1
"NDRG2",1
"NEDD4L",1
"NF1",1
"NGFR",1
"NOTCH1",1
"NR0B2",1
"OSCP1",1
"PAWR",1
"PAX6",1
"PCDH8",1
"PDLIM4",1
"PDS5B",1
"PDX1",1
"PHACTR4",1
"PLA2G2A",1
"PLEKHO1",1
"PLK2",1
"PML",1
"PRKAR1A",1
"PRKCD",1
"PRKCE",1
"PRR5",1
"PTGDR",1
"PTPRC",1
"PTPRD",1
"PTPRJ",1
"RAB25",1
"RAB7A",1
"RAP1A",1
"RARB",1
"RASL10A",1
"RASSF2",1
"RASSF4",1
"RASSF5",1
"RBL1",1
"RBM14",1
"RBMS3",1
"RBP1",1
"RNF144A",1
"RNF8",1
"RNH1",1
"ROR2",1
"RPS6KA2",1
"RTN4",1
"RUNX3",1
"SASH1",1
"SCRIB",1
"SELENBP1",1
"SEMA3F",1
"SERPINB5",1
"SFN",1
"SFRP1",1
"SFRP2",1
"SFRP5",1
"SH2B3",1
"SMARCA2",1
"SOX7",1
"SPARC",1
"SPINT2",1
"SPTBN1",1
"SRGAP3",1
"STAT3",1
"STK10",1
"SYNPO2",1
"TCF7L2",1
"TCHP",1
"TMEM127",1
"TMPRSS6",1
"TNFAIP3",1
"TRIM15",1
"TSC2",1
"UCHL1",1
"UNC5C",1
"WNT5A",1
"YPEL3",1
"ZFHX3",1
"ZHX2",1
"ZNF292",1
"ZNF668",1
