"genes","Freq"
"MAD1L1",38
"ZIC1",31
"OPCML",28
"PAX6",25
"CBFA2T3",23
"TP73",23
"BANP",20
"CDH4",18
"CAMTA1",17
"CSMD1",16
"WT1",16
"AJAP1",14
"CUX1",14
"FOXP1",14
"RUNX3",14
"SFRP2",14
"EBF3",13
"GATA4",13
"LSAMP",13
"RPS6KA2",12
"BLCAP",11
"ZFHX3",11
"HOXB13",10
"IRF4",10
"PROX1",10
"WWOX",10
"CTNNA2",9
"ESR1",9
"NDRG2",9
"RUNX1",9
"TSPAN32",9
"ZBTB18",9
"AHRR",8
"CADM3",8
"CDH13",8
"DENND2D",8
"ETV6",8
"HTRA3",8
"MRVI1",8
"PPP1CA",8
"PRKCB",8
"SEMA3B",8
"SLIT2",8
"SOX1",8
"ST5",8
"TSC2",8
"CDX2",7
"CXXC5",7
"DAB2IP",7
"DLEU1",7
"JDP2",7
"LINC-PINT",7
"LRIG1",7
"MCPH1",7
"PLXNC1",7
"POU6F2",7
"SPARC",7
"UNC5D",7
"AFAP1L2",6
"ALDH1A2",6
"ALPL",6
"CBX5",6
"CFTR",6
"DCC",6
"DDR2",6
"DLK1",6
"EGR1",6
"EPHB3",6
"EYA4",6
"HIPK2",6
"IQGAP2",6
"MIR205",6
"ONECUT1",6
"PACRG",6
"PCDHGC3",6
"PHOX2A",6
"PRDM2",6
"RUNX2",6
"SASH1",6
"SFN",6
"SFRP1",6
"SPI1",6
"SPTBN1",6
"AHNAK",5
"AIM2",5
"CDK6",5
"CYB561D2",5
"DLC1",5
"DOK1",5
"DUSP1",5
"EDNRB",5
"EXT1",5
"GRIN2A",5
"HIVEP3",5
"IGF2R",5
"IKZF1",5
"IRF5",5
"IRX1",5
"LITAF",5
"LTF",5
"MIR124-2",5
"MIR17",5
"NEDD4L",5
"NNAT",5
"NR4A1",5
"PARK2",5
"PDLIM4",5
"PPP2R2C",5
"PRR5",5
"PTPN6",5
"RAP1GAP",5
"RNF111",5
"RTN4",5
"SPRY2",5
"TAGLN",5
"TGFBR2",5
"TGFBR3",5
"TNFRSF12A",5
"TRIM31",5
"ZHX2",5
"ACHE",4
"ALOX15",4
"APC",4
"ARID1A",4
"BIN1",4
"BRF1",4
"BRINP1",4
"CDK2AP1",4
"CHFR",4
"CNTNAP2",4
"CREBBP",4
"DNMT3A",4
"DPP4",4
"EHF",4
"EPHB6",4
"FAT1",4
"FOXA2",4
"FZR1",4
"GALR1",4
"HDAC1",4
"HEPACAM",4
"HTRA1",4
"IER3",4
"IGF1",4
"KRT19",4
"LHX4",4
"LZTS1",4
"MCC",4
"MEG3",4
"MIR129-2",4
"MIR181C",4
"MIR20A",4
"NF1",4
"NFATC2",4
"PCDH8",4
"PDX1",4
"PKD1",4
"PPP2R5C",4
"PRDM1",4
"RASSF5",4
"SALL2",4
"SCUBE2",4
"SPINT2",4
"STK10",4
"TBX5",4
"TFAP2A",4
"TNFSF9",4
"TRIM15",4
"TRIM62",4
"UNC5A",4
"UNC5B",4
"VSNL1",4
"WNT5A",4
"ZBTB16",4
"ZBTB7C",4
"ADAMTS9",3
"ADAMTS9-AS2",3
"AKAP12",3
"ANP32A",3
"ATM",3
"AXIN1",3
"BARD1",3
"BCL2L11",3
"BHLHE41",3
"C2orf40",3
"CABLES1",3
"CACNA2D3",3
"CDC73",3
"CDH5",3
"CDO1",3
"CLU",3
"CMTM3",3
"CREB3L1",3
"CTDSPL",3
"CTNNA3",3
"CYGB",3
"DKK3",3
"DLG1",3
"DMD",3
"DNAJB1",3
"DNMT3B",3
"DUSP5",3
"EED",3
"EFNA5",3
"EPHA1",3
"ERRFI1",3
"ESR2",3
"ESRRB",3
"FAT4",3
"FBXL13",3
"FHIT",3
"FOXC1",3
"FOXL2",3
"FRK",3
"GAS5",3
"GATA5",3
"H19",3
"HIC1",3
"HOPX",3
"IFI16",3
"ING4",3
"INPP4B",3
"ISG15",3
"ITGA5",3
"KLK6",3
"KMT2C",3
"LAT2",3
"LHX6",3
"LRRC3B",3
"MAP4K1",3
"MAPK10",3
"MIR145",3
"MIR219A1",3
"MIR25",3
"MIR503",3
"MSH2",3
"MST1R",3
"MTSS1",3
"MTUS1",3
"MYH9",3
"NDRG4",3
"NEURL1",3
"NGFR",3
"NPM1",3
"NTRK3",3
"NUAK1",3
"NUP98",3
"PARP1",3
"PAWR",3
"PCDH17",3
"PDS5B",3
"PDSS2",3
"PEG3",3
"PLEKHO1",3
"PPP1R1B",3
"PRDM11",3
"PRKCE",3
"PTPRD",3
"RASL10A",3
"RASSF1",3
"RASSF2",3
"RB1",3
"RBM38",3
"RBMS3",3
"SAA1",3
"SERPINB5",3
"SHISA3",3
"SLC9A3R1",3
"SMYD4",3
"SOX11",3
"SRGAP3",3
"STARD13",3
"STAT3",3
"TDGF1",3
"TGFBI",3
"THRB",3
"TMPRSS6",3
"TOM1L2",3
"TSC22D1",3
"TSLP",3
"TUSC2",3
"ZNF366",3
"ADAMTS8",2
"ADPRH",2
"AKR1B1",2
"ARL6IP5",2
"AXIN2",2
"BASP1",2
"BLID",2
"BLNK",2
"BMF",2
"BMP2",2
"BNIP3L",2
"BRSK1",2
"BTG2",2
"CADM1",2
"CAPG",2
"CASP8",2
"CCDC67",2
"CD82",2
"CDH17",2
"CDK2",2
"CEBPA",2
"CHST10",2
"CLDN1",2
"CPNE7",2
"CSRNP1",2
"CTCF",2
"CTNNBIP1",2
"CUL1",2
"DAB2",2
"DAPK1",2
"DCN",2
"DIDO1",2
"DLEU2",2
"DSC3",2
"DSP",2
"E2F3",2
"EGLN1",2
"EGLN3",2
"EMP1",2
"EPAS1",2
"EPB41L3",2
"EPHB2",2
"ERBB4",2
"ETS2",2
"FABP3",2
"FAS",2
"FBP1",2
"FHL1",2
"FLCN",2
"FOXD3",2
"FOXO3",2
"FOXO6",2
"G0S2",2
"GJB2",2
"GPRC5A",2
"GSK3B",2
"HBP1",2
"HECA",2
"HSPB7",2
"ID4",2
"IGFBP5",2
"IL17RD",2
"INTS6",2
"IRF8",2
"ITGA7",2
"ITGB1",2
"ITGB3",2
"KDM3A",2
"LIMD1",2
"LLGL1",2
"LOX",2
"LRIG3",2
"LXN",2
"MAP2K4",2
"MAP3K8",2
"MARVELD1",2
"MAX",2
"MIR192",2
"MIR193B",2
"MIR195",2
"MIR199A1",2
"MIR495",2
"MIR497",2
"MIR874",2
"MIR9-1",2
"MIR9-3",2
"MLH1",2
"MME",2
"MNT",2
"MOB1B",2
"MXI1",2
"NDRG1",2
"NOTCH1",2
"NR1I2",2
"PANX2",2
"PCDH10",2
"PGR",2
"PGRMC2",2
"PHLDA2",2
"PIAS1",2
"PIN1",2
"PINX1",2
"PLAGL1",2
"PLK2",2
"PPARG",2
"PPM1L",2
"PPP2R4",2
"PPP3CC",2
"PRDM5",2
"PRICKLE1",2
"PRKCD",2
"PTCH1",2
"PTGDR",2
"PTPN11",2
"PTPRC",2
"PTPRJ",2
"RAB25",2
"RAB7A",2
"RARB",2
"RASAL2",2
"RASSF4",2
"RHOBTB2",2
"RND3",2
"RNF144A",2
"RNF8",2
"RNH1",2
"ROBO1",2
"ROR2",2
"SCRIB",2
"SDHA",2
"SDHD",2
"SFRP5",2
"SGMS1",2
"SH2B3",2
"SIRT2",2
"SIRT4",2
"SLC39A4",2
"SOCS3",2
"SOX7",2
"SPOP",2
"SSBP2",2
"ST13",2
"ST7",2
"STAT5A",2
"SYK",2
"SYNPO2",2
"TBL2",2
"TCF7L2",2
"THBS1",2
"THRA",2
"THSD1",2
"THY1",2
"TMEFF2",2
"TNFAIP3",2
"TNFRSF10A",2
"TNK1",2
"TP53",2
"TUSC7",2
"UBE4B",2
"VDR",2
"VIM",2
"WNT11",2
"WNT7A",2
"ZFAS1",2
"ADAMTS18",1
"AGTR1",1
"AHCYL1",1
"AIF1",1
"AIMP1",1
"AIMP2",1
"ALOX15B",1
"AMER1",1
"AMH",1
"ANAPC1",1
"ARF1",1
"ARHGEF12",1
"ARID2",1
"ARMC5",1
"ASCL1",1
"ASS1",1
"AZGP1",1
"BBC3",1
"BCL10",1
"BIK",1
"BLM",1
"BMP4",1
"BMPR1A",1
"BRCA1",1
"BRCA2",1
"BRD7",1
"BRMS1",1
"BTG3",1
"BTG4",1
"BTK",1
"CASC2",1
"CCAR2",1
"CD4",1
"CDCP1",1
"CDH1",1
"CDH11",1
"CDKN1A",1
"CDKN1C",1
"CDKN2A",1
"CDKN2C",1
"CEACAM1",1
"CHD1",1
"CHD5",1
"CIC",1
"CIZ1",1
"CMTM5",1
"CNDP2",1
"CREM",1
"CST5",1
"CST6",1
"CTNND1",1
"CXCL12",1
"CXCR2",1
"DAPK2",1
"DCUN1D3",1
"DEFB1",1
"DICER1",1
"DIRAS3",1
"DLEC1",1
"DNAJA3",1
"DNAJB4",1
"DNMT1",1
"DOK2",1
"DOK3",1
"DUSP22",1
"E2F2",1
"EEF1E1",1
"EGR2",1
"EHD3",1
"EIF3F",1
"EMP2",1
"EPB41",1
"EPHA3",1
"EPHB4",1
"EXT2",1
"EXTL1",1
"FADD",1
"FAM188A",1
"FBLN1",1
"FBXO31",1
"FBXO32",1
"FER1L4",1
"FOXP3",1
"FXN",1
"GKN2",1
"GLS2",1
"GLTSCR2",1
"GNB2L1",1
"GPC5",1
"GPX3",1
"GSTP1",1
"HINT1",1
"HIRA",1
"HLTF",1
"HNF4A",1
"HOMER2",1
"HPGD",1
"HRASLS2",1
"HSPD1",1
"IDH1",1
"IGFALS",1
"IGFBP3",1
"IGFBPL1",1
"IL17A",1
"IL24",1
"ILK",1
"ING1",1
"ING2",1
"IRF3",1
"ITGAV",1
"JUP",1
"KDM3B",1
"KDM6A",1
"KDM8",1
"KIF1B",1
"KLF10",1
"KLF4",1
"KLK10",1
"L3MBTL4",1
"LATS2",1
"LEFTY1",1
"LEFTY2",1
"LIFR",1
"LIMA1",1
"LMNTD1",1
"LRP1B",1
"MADD",1
"MAL",1
"MAP3K4",1
"MARCKS",1
"MCM9",1
"MDC1",1
"MFSD2A",1
"MIR1-1",1
"MIR122",1
"MIR124-1",1
"MIR124-3",1
"MIR125B1",1
"MIR129-1",1
"MIR132",1
"MIR134",1
"MIR137",1
"MIR138-1",1
"MIR141",1
"MIR150",1
"MIR155",1
"MIR187",1
"MIR193A",1
"MIR194-1",1
"MIR194-2",1
"MIR200C",1
"MIR206",1
"MIR211",1
"MIR215",1
"MIR26A1",1
"MIR296",1
"MIR329-1",1
"MIR34A",1
"MIR34B",1
"MIR34C",1
"MIR409",1
"MIR424",1
"MIR493",1
"MOB1A",1
"MT1DP",1
"MT1F",1
"MT1G",1
"MTAP",1
"MZB1",1
"NDN",1
"NF2",1
"NFKB1",1
"NKX2-8",1
"NOTCH3",1
"NPAS2",1
"NPRL2",1
"NR0B2",1
"NRCAM",1
"NUMB",1
"PAFAH1B1",1
"PAIP2",1
"PALB2",1
"PARK7",1
"PAX4",1
"PAX5",1
"PBRM1",1
"PCDH9",1
"PDGFRL",1
"PER2",1
"PFN1",1
"PHACTR4",1
"PHB",1
"PHC3",1
"PHLDA3",1
"PHLPP1",1
"PIWIL2",1
"PLA2G7",1
"PLCD1",1
"PLCE1",1
"PLD1",1
"PPM1A",1
"PPP2CA",1
"PPP2CB",1
"PRKCDBP",1
"PTEN",1
"PTPN12",1
"PTPN13",1
"PTPN23",1
"PTPRK",1
"PYCARD",1
"PYHIN1",1
"RAP1A",1
"RARRES3",1
"RASL10B",1
"RASL11A",1
"RASSF10",1
"RASSF3",1
"RASSF8",1
"RB1CC1",1
"RBM14",1
"RBP1",1
"RHOA",1
"RHOB",1
"RNASET2",1
"RPL10",1
"SALL4",1
"SAMD9L",1
"SCGB3A1",1
"SEC14L2",1
"SELENBP1",1
"SEMA3F",1
"SHQ1",1
"SIAH1",1
"SIRT6",1
"SKP2",1
"SMAD2",1
"SMARCA2",1
"SOCS1",1
"SOD2",1
"SOX15",1
"SPARCL1",1
"SPRY4",1
"SRPX",1
"STK11",1
"SUFU",1
"TCEAL7",1
"TCF4",1
"TCHP",1
"TGFB1",1
"TMEFF1",1
"TMEM127",1
"TNFRSF10B",1
"TNFSF12",1
"TP53BP1",1
"TP53INP1",1
"TP63",1
"TREX2",1
"TRIM13",1
"TRIT1",1
"TSSC4",1
"TTC4",1
"UBE2QL1",1
"UCHL1",1
"UFL1",1
"UHRF2",1
"UIMC1",1
"UNC5C",1
"USP33",1
"UVRAG",1
"VEGFA",1
"VHL",1
"VPS53",1
"WFDC1",1
"WIF1",1
"WNK2",1
"XAF1",1
"XPO5",1
"XRCC5",1
"YPEL3",1
"ZBTB48",1
"ZFP36L2",1
"ZMYND10",1
"ZMYND11",1
"ZNF185",1
"ZNF292",1
