"genes","Freq"
"TP73",6
"SPARC",5
"ZIC1",4
"CBFA2T3",3
"EPHB3",3
"LZTS1",3
"MAD1L1",3
"RUNX2",3
"ALDH1A2",2
"CAMTA1",2
"CFTR",2
"EBF3",2
"FBXL13",2
"IKZF1",2
"JDP2",2
"LSAMP",2
"MIR193B",2
"NUAK1",2
"OPCML",2
"PDLIM4",2
"PLXNC1",2
"PPM1L",2
"RTN4",2
"TFAP2A",2
"ACHE",1
"ADAMTS8",1
"AHRR",1
"ALPL",1
"AXIN2",1
"BLID",1
"BRINP1",1
"BTG2",1
"CABLES1",1
"CADM3",1
"CDH4",1
"CIZ1",1
"CNTNAP2",1
"CSMD1",1
"CTNNA2",1
"CTNNA3",1
"CTNND1",1
"CUL1",1
"CUX1",1
"DAB2IP",1
"DLEU1",1
"DLEU2",1
"DUSP1",1
"EPHB6",1
"ESRRB",1
"EXT2",1
"FOXP1",1
"HTRA3",1
"ITGA5",1
"LEFTY2",1
"LITAF",1
"LRIG3",1
"LRRC4",1
"MCC",1
"MIA",1
"MIR141",1
"MIR200C",1
"MIR211",1
"MTUS1",1
"MYH9",1
"NF1",1
"NF2",1
"NGFR",1
"NOTCH3",1
"NR1I2",1
"ONECUT1",1
"PAWR",1
"PAX6",1
"PRKCB",1
"RAP1GAP",1
"RASL10A",1
"RASSF4",1
"RBMS3",1
"RNF111",1
"RNF144A",1
"RTN4IP1",1
"RUNX1",1
"SERPINB5",1
"SFRP1",1
"SGMS1",1
"SH2B3",1
"SLIT2",1
"SPINT2",1
"TCF7L2",1
"THSD1",1
"TMEM127",1
"TRIM62",1
"TSC2",1
"TSLP",1
"TSPAN32",1
"TUSC2",1
"UNC5A",1
"WWOX",1
"ZBTB7C",1
