"genes","Freq"
"EPHB3",6
"MAD1L1",6
"TP73",6
"ALDH1A2",3
"DAB2IP",3
"MIR193A",3
"PAX6",3
"RUNX2",3
"SPARC",3
"ZIC1",3
"BLID",2
"CABLES1",2
"CADM3",2
"CAMTA1",2
"CFTR",2
"CUX1",2
"EBF3",2
"EHF",2
"EPHB6",2
"FBXL13",2
"HIC1",2
"MIR193B",2
"OPCML",2
"RNF111",2
"RTN4",2
"TNK1",2
"ADAMTS8",1
"AFAP1L2",1
"AHNAK",1
"AIM2",1
"AKR1B1",1
"CBFA2T3",1
"CDH13",1
"CDH4",1
"CDX2",1
"CIZ1",1
"CSMD1",1
"CTNNA2",1
"CTNND1",1
"CUL1",1
"CXCL12",1
"DICER1",1
"DOK3",1
"DUSP5",1
"EGLN3",1
"ESR1",1
"EXT2",1
"FBP1",1
"FHIT",1
"FLCN",1
"FOXA1",1
"GATA4",1
"GSTP1",1
"HIVEP3",1
"IGF1",1
"IKZF1",1
"IL24",1
"IRF4",1
"ITGA5",1
"JDP2",1
"LRIG1",1
"MAL",1
"MCC",1
"MDC1",1
"MIR141",1
"MIR181C",1
"MIR211",1
"MTUS1",1
"NDRG2",1
"NF1",1
"NKX2-8",1
"NR1I2",1
"NUAK1",1
"ONECUT1",1
"PCDH17",1
"PDLIM4",1
"PLXNC1",1
"PPP1CA",1
"PRKCE",1
"PROX1",1
"RAB7A",1
"RAP1GAP",1
"RARB",1
"RASL10A",1
"RASSF1",1
"RASSF4",1
"RBMS3",1
"RNF144A",1
"RUNX3",1
"SALL4",1
"SASH1",1
"SERPINB5",1
"SFN",1
"SGMS1",1
"SPINT2",1
"STAT3",1
"TFAP2A",1
"TGFBI",1
"TGFBR2",1
"TUSC2",1
"UNC5B",1
"WWOX",1
"ZBTB7C",1
