"genes","Freq"
"MAD1L1",95
"ZIC1",56
"OPCML",49
"CAMTA1",47
"GATA4",46
"PAX6",41
"CBFA2T3",39
"TP73",38
"CUX1",37
"RPS6KA2",36
"BANP",32
"CDH4",30
"EBF3",30
"RUNX3",30
"FOXP1",28
"WT1",26
"MEG3",25
"AHRR",23
"CTNNA2",22
"MCPH1",21
"WNT5A",21
"ZFHX3",20
"LSAMP",19
"MCC",19
"RUNX1",19
"ESR1",18
"RASSF1",17
"SEMA3B",17
"SFRP2",17
"SPTBN1",17
"AJAP1",16
"CDH13",16
"DLEU1",16
"PRKCE",16
"PROX1",16
"TFAP2A",16
"TRIM15",16
"CACNA2D3",15
"CNTNAP2",15
"HIC1",15
"NDRG2",15
"PACRG",15
"PCDHGC3",15
"PPP2R2C",15
"RUNX2",15
"SFRP1",15
"CSMD1",14
"DAB2IP",14
"DLC1",14
"H19",14
"LZTS1",14
"PHOX2A",14
"SASH1",14
"WWOX",14
"ALDH1A2",13
"CYGB",13
"DIRAS3",13
"EPHB3",13
"ETV6",13
"FBXL13",13
"HIVEP3",13
"IGF2R",13
"RAP1GAP",13
"SOX1",13
"SRGAP3",13
"ST5",13
"TBX5",13
"TRIM31",13
"TSC2",13
"BRCA1",12
"BRF1",12
"CDK6",12
"CDX2",12
"DNMT3A",12
"FOXL2",12
"IKZF1",12
"LRIG1",12
"NUAK1",12
"PEG3",12
"PPP2R5C",12
"PRDM2",12
"ZBTB18",12
"ZHX2",12
"AKAP12",11
"CHD5",11
"CHFR",11
"ESRRB",11
"EXT1",11
"EYA4",11
"FHIT",11
"HTRA3",11
"IGF1",11
"ISG15",11
"MRVI1",11
"POU6F2",11
"PTPN6",11
"STARD13",11
"ATM",10
"BASP1",10
"BCL2L11",10
"BLCAP",10
"CDKN1C",10
"CFTR",10
"DAPK1",10
"DDR2",10
"DENND2D",10
"GRIN2A",10
"MIR141",10
"MYH9",10
"NOTCH1",10
"ONECUT1",10
"PLAGL1",10
"PRR5",10
"RNF111",10
"SALL4",10
"SFN",10
"TCF7L2",10
"UNC5A",10
"BCL6B",9
"DOK1",9
"IER3",9
"IQGAP2",9
"JDP2",9
"LITAF",9
"NDRG1",9
"NTRK3",9
"PAX5",9
"PCDH17",9
"PLXNC1",9
"PPP1CA",9
"PRKCB",9
"RASAL1",9
"RASSF5",9
"SOX7",9
"SPI1",9
"TMPRSS6",9
"TOM1L2",9
"ACHE",8
"AFAP1L2",8
"BIN1",8
"CDH5",8
"CREBBP",8
"CXXC5",8
"CYB561D2",8
"CYB5R2",8
"DLEU2",8
"DOK3",8
"DPP4",8
"FBXO31",8
"FOXA2",8
"GJB2",8
"IRF4",8
"LINC-PINT",8
"MIR199A1",8
"NCOA4",8
"PARK2",8
"PDX1",8
"PPM1L",8
"RB1",8
"SPARC",8
"THY1",8
"TNFRSF12A",8
"ZBTB16",8
"ALPL",7
"AMH",7
"CABLES1",7
"CADM1",7
"CADM3",7
"DCC",7
"EFNA5",7
"EPHB2",7
"ESR2",7
"FLNA",7
"GAS5",7
"HEPACAM",7
"HIPK2",7
"IL17RD",7
"INPP4B",7
"IRF8",7
"IRX1",7
"KRT19",7
"LHX4",7
"LXN",7
"MSH2",7
"NEDD4L",7
"NUMB",7
"PCDH8",7
"PRDM1",7
"RASSF2",7
"RBM38",7
"RBMS3",7
"RHOBTB2",7
"ROBO1",7
"ROR2",7
"RPL10",7
"SGMS1",7
"ST7",7
"TDGF1",7
"TGFBR2",7
"TSLP",7
"TUSC2",7
"UNC5D",7
"WNT7A",7
"ZBTB7C",7
"ADAMTS8",6
"ADAMTS9",6
"ALOX15",6
"AXIN1",6
"BLNK",6
"C2orf40",6
"CASC1",6
"CD44",6
"CDH11",6
"CDK2AP1",6
"CTDSPL",6
"DAB2",6
"DACH1",6
"DCLRE1A",6
"DSP",6
"EHF",6
"EPHA2",6
"EPHB6",6
"ERRFI1",6
"GATA5",6
"ITGA5",6
"LATS2",6
"LRRC4",6
"LTF",6
"MAPK10",6
"MIR129-2",6
"MIR193B",6
"MIR205",6
"MTUS1",6
"NDRG4",6
"NF1",6
"NR1I2",6
"PKD1",6
"PPARG",6
"RARB",6
"RBP1",6
"RNF144A",6
"SERPINB5",6
"SH2B3",6
"SLC9A3R1",6
"SPINT2",6
"STK10",6
"TGFBR3",6
"TNK1",6
"TP53",6
"TWIST2",6
"VPS53",6
"AGTR1",5
"AKR1B1",5
"ANP32A",5
"ASCL1",5
"BCORL1",5
"CADM2",5
"CAPG",5
"CBX5",5
"CDCP1",5
"CDKN1B",5
"CLU",5
"CPNE7",5
"DKK3",5
"DMBT1",5
"DMD",5
"EGR2",5
"EMP1",5
"FAT4",5
"FOXO6",5
"GALR1",5
"GPC3",5
"GPRC5A",5
"GPX3",5
"HNF4A",5
"HOXB13",5
"IGFALS",5
"IGFBP7",5
"IRF5",5
"ITGA7",5
"ITGB3",5
"KLF6",5
"LEFTY1",5
"LHX6",5
"MAL",5
"MDC1",5
"MIR145",5
"MIR183",5
"MIR193A",5
"MIR200A",5
"MIR200C",5
"MIR219A1",5
"MIR25",5
"MIR874",5
"MUS81",5
"MXI1",5
"NNAT",5
"PLCB3",5
"PLCD1",5
"PLCE1",5
"PLEKHO1",5
"PRICKLE1",5
"PTCH1",5
"RASL10A",5
"RNH1",5
"RPRM",5
"RTN4",5
"SCRIB",5
"SCUBE2",5
"SEMA3F",5
"SEPT4",5
"SFRP5",5
"SIRT2",5
"SMYD4",5
"STAT5A",5
"SUFU",5
"TAGLN",5
"TGFBI",5
"THBS1",5
"THRB",5
"TSC22D1",5
"TSPAN32",5
"TXNIP",5
"UCHL1",5
"UNC5B",5
"VDR",5
"VIM",5
"VSNL1",5
"ZFAS1",5
"ZMYND11",5
"AHNAK",4
"AIF1",4
"AIM2",4
"AIP",4
"ARHGEF12",4
"AXIN2",4
"BLID",4
"BNIP3L",4
"BRD7",4
"BRSK1",4
"CASP8",4
"CDC73",4
"CDH1",4
"CDK2",4
"CDKN1A",4
"CDO1",4
"CNN1",4
"CREB3L1",4
"CTNNA3",4
"CXCL12",4
"DAPK2",4
"DCN",4
"DNMT3B",4
"DOK2",4
"EDNRB",4
"EGR1",4
"EMP2",4
"EPAS1",4
"EPB41L3",4
"EPHA1",4
"ERBB4",4
"ETS2",4
"FABP3",4
"FAM172A",4
"FAS",4
"FAT1",4
"FLCN",4
"FOXO1",4
"FOXO3",4
"FRK",4
"GNAT1",4
"GNB2L1",4
"GPC5",4
"GSN",4
"HDAC1",4
"HIVEP1",4
"HOMER2",4
"HSPD1",4
"HTRA1",4
"IKZF2",4
"KDM3A",4
"KL",4
"KLK6",4
"LAT2",4
"LEFTY2",4
"LIFR",4
"LIMA1",4
"MADD",4
"MAP2K4",4
"MAX",4
"MIR124-2",4
"MIR17",4
"MIR195",4
"MIR20A",4
"MIR26A1",4
"MOB1B",4
"NDN",4
"NEDD4",4
"NFATC2",4
"NFKB1",4
"NOTCH3",4
"NPM1",4
"NR4A1",4
"NR4A3",4
"NRCAM",4
"NUPR1",4
"OSGIN1",4
"PANX2",4
"PARP1",4
"PBRM1",4
"PDGFRL",4
"PDLIM4",4
"PER2",4
"PPP1R1B",4
"PTEN",4
"PTPN2",4
"PTPRK",4
"PYHIN1",4
"RASSF3",4
"RCHY1",4
"RND3",4
"SAA1",4
"SALL2",4
"SIRT6",4
"SLC39A4",4
"SLIT2",4
"SLX4",4
"SOX11",4
"SOX15",4
"SPRY4",4
"STAT3",4
"TBL2",4
"TDRG1",4
"TIMP3",4
"TMEFF2",4
"TP63",4
"TRIM13",4
"TRIM3",4
"TRIM62",4
"TRIT1",4
"VWA5A",4
"WHSC1L1",4
"WNK2",4
"YAP1",4
"ZMYND10",4
"ZNF668",4
"ADAMTS9-AS2",3
"APC",3
"ARHGAP29",3
"ARL6IP5",3
"ARMC5",3
"ASS1",3
"ASXL1",3
"BARD1",3
"BIK",3
"BLM",3
"BMF",3
"BMP2",3
"BRINP1",3
"CAMK2N1",3
"CD82",3
"CITED2",3
"CLDN1",3
"CLDN23",3
"CST6",3
"CTCF",3
"CTNNBIP1",3
"CTNND1",3
"DICER1",3
"DKK1",3
"DLK1",3
"DNAJB1",3
"DUSP5",3
"DUSP9",3
"EAF1",3
"EED",3
"EGLN1",3
"EGLN3",3
"EPHB4",3
"EXT2",3
"FBP1",3
"FBXO32",3
"FOXD3",3
"HBP1",3
"HSPB7",3
"IGFBP3",3
"IGFBP4",3
"IGFBP5",3
"IGFBPL1",3
"ITGB1",3
"JUP",3
"KIF7",3
"KISS1",3
"KLF5",3
"KMT2C",3
"LATS1",3
"LIMD1",3
"LRP1B",3
"MAP3K8",3
"MARCKS",3
"MIA2",3
"MIR122",3
"MIR124-3",3
"MIR181C",3
"MIR196B",3
"MIR200B",3
"MIR26B",3
"MIR30A",3
"MIR375",3
"MIR451A",3
"MIR497",3
"MIR7-2",3
"MIR9-3",3
"MME",3
"MT1DP",3
"MT1G",3
"MZB1",3
"NDST4",3
"NEURL1",3
"NF2",3
"NKX2-8",3
"NPAS2",3
"NPRL2",3
"NRF1",3
"NUP98",3
"OSCP1",3
"PAWR",3
"PCDH10",3
"PCDH9",3
"PDCD4",3
"PHC3",3
"PKNOX1",3
"PLA2G2A",3
"PLA2G7",3
"PLK2",3
"PRDM11",3
"PTPN12",3
"PTPRD",3
"PTPRJ",3
"RAB25",3
"RASAL2",3
"RBM14",3
"SAFB2",3
"SDHA",3
"SDHD",3
"SH3GLB1",3
"SIAH1",3
"SMARCC1",3
"SPOP",3
"SPRY2",3
"SSBP2",3
"TCEB3",3
"TCF4",3
"TCHP",3
"TET2",3
"TGM3",3
"THRA",3
"TMEM127",3
"TTC4",3
"TUSC7",3
"UBE2QL1",3
"VEGFA",3
"VIL1",3
"WFDC1",3
"WNT11",3
"XAF1",3
"ZBTB4",3
"ZNF185",3
"ZNF292",3
"ADAMTS18",2
"AHR",2
"AIMP1",2
"AMER1",2
"ARID1A",2
"ATF3",2
"BCL10",2
"BECN1",2
"BHLHE41",2
"BMP4",2
"BMPR1A",2
"BTG3",2
"BTG4",2
"BTK",2
"CASP2",2
"CAV1",2
"CCDC136",2
"CCDC67",2
"CD4",2
"CDH17",2
"CHST10",2
"CIC",2
"CNDP2",2
"CREM",2
"CSRNP1",2
"CTCFL",2
"CUL1",2
"CYLD",2
"DACT1",2
"DCDC2",2
"DCUN1D3",2
"DEFB1",2
"DIRAS1",2
"DNAJB4",2
"DND1",2
"DNMT1",2
"DUSP1",2
"DUSP26",2
"E2F3",2
"EAF2",2
"EPB41",2
"EXTL3",2
"FBXW7",2
"FER1L4",2
"G0S2",2
"GAS1",2
"GJA1",2
"GLTSCR1",2
"GREM1",2
"GSK3B",2
"GSTP1",2
"HECA",2
"HINT1",2
"HLTF",2
"HOPX",2
"HRASLS2",2
"IKZF3",2
"IL24",2
"ING1",2
"INTS6",2
"IRF1",2
"KAT5",2
"KDM5A",2
"KDM8",2
"KLF4",2
"LRIG3",2
"LRMP",2
"LRRC3B",2
"MAP3K4",2
"MEN1",2
"MFSD2A",2
"MIA",2
"MIR1-1",2
"MIR125A",2
"MIR133A2",2
"MIR135A2",2
"MIR138-1",2
"MIR148B",2
"MIR149",2
"MIR150",2
"MIR187",2
"MIR192",2
"MIR194-2",2
"MIR206",2
"MIR296",2
"MIR335",2
"MIR34A",2
"MIR34B",2
"MIR34C",2
"MIR409",2
"MIR410",2
"MIR494",2
"MIR503",2
"MIR551A",2
"MIR615",2
"MIRLET7E",2
"MNT",2
"MST1",2
"MST1R",2
"MT2A",2
"MTSS1",2
"NGFR",2
"NR2C2",2
"PDS5B",2
"PDSS2",2
"PHB",2
"PHF6",2
"PHLDA3",2
"PHLPP1",2
"PINX1",2
"PIWIL2",2
"PLK1",2
"PLK5",2
"PML",2
"POU2F3",2
"PPP2CA",2
"PPP2R1B",2
"PPP2R4",2
"PPP3CC",2
"PRDM5",2
"PRKAA1",2
"PRKCDBP",2
"PTCH2",2
"PTPN1",2
"PTPN23",2
"PTPRC",2
"PYCARD",2
"RAB7A",2
"RANBP9",2
"RAP1A",2
"RASL11A",2
"RBM6",2
"RBMX",2
"RFWD2",2
"RHOA",2
"RHOB",2
"RINT1",2
"RNF8",2
"S100A2",2
"SAFB",2
"SDHB",2
"SFRP4",2
"SHQ1",2
"SKP2",2
"SMAD2",2
"SMARCA2",2
"SMARCA4",2
"SOCS1",2
"SPARCL1",2
"STAT1",2
"STK11",2
"SYNM",2
"SYT13",2
"TANK",2
"TCF3",2
"TGFB1",2
"THSD1",2
"TNFAIP3",2
"TNFAIP8L2",2
"TNFRSF10B",2
"TOPORS",2
"TP53BP1",2
"TREX2",2
"UBE4B",2
"UFL1",2
"USP12",2
"UVRAG",2
"XIST",2
"ZFP36L2",2
"ZNF382",2
"ABCG2",1
"ACVR1C",1
"ADARB1",1
"ADPRH",1
"AIMP2",1
"ALOX15B",1
"ANXA7",1
"ARF1",1
"ARID2",1
"ARL11",1
"ARNTL",1
"ATMIN",1
"ATR",1
"BAP1",1
"BCR",1
"BRMS1",1
"BTG2",1
"CADM4",1
"CASP5",1
"CBL",1
"CCAR1",1
"CCAR2",1
"CCDC154",1
"CCNC",1
"CDKN2A",1
"CEACAM1",1
"CHD1",1
"CHEK1",1
"CHEK2",1
"CIZ1",1
"CMTM3",1
"COPS2",1
"CRNN",1
"CSF2",1
"CSNK1A1",1
"CUL2",1
"CUL5",1
"DDB2",1
"DDX58",1
"DFFA",1
"DFNA5",1
"DIABLO",1
"DIDO1",1
"DLEC1",1
"DLG1",1
"DNAJC11",1
"DPH1",1
"DSC3",1
"E2F1",1
"E2F2",1
"EEF1A1",1
"EEF1E1",1
"EHD3",1
"EI24",1
"EIF3F",1
"EPHA3",1
"ERF",1
"ESRP1",1
"EXTL1",1
"EXTL2",1
"FBLN1",1
"FH",1
"FHL1",1
"FLT3",1
"FOXA1",1
"FOXC1",1
"FUS",1
"FXN",1
"FZR1",1
"GABARAP",1
"GADD45GIP1",1
"GANAB",1
"GGNBP2",1
"GKN1",1
"GLTSCR2",1
"GNMT",1
"GORAB",1
"GTPBP4",1
"H2AFX",1
"HDAC3",1
"HIRA",1
"HPGD",1
"HRG",1
"HTRA2",1
"ID4",1
"IDH1",1
"IFI16",1
"IFT88",1
"ILK",1
"ING3",1
"ING4",1
"ING5",1
"IRF3",1
"ITGAV",1
"KANK1",1
"KDM3B",1
"KIF1B",1
"KLF10",1
"KLK10",1
"KRIT1",1
"LGALS7",1
"LIN9",1
"LLGL1",1
"LMNTD1",1
"LOX",1
"MAP4K1",1
"MAPK9",1
"MARVELD1",1
"MIR100",1
"MIR1226",1
"MIR124-1",1
"MIR125B1",1
"MIR126",1
"MIR130A",1
"MIR137",1
"MIR138-2",1
"MIR140",1
"MIR155",1
"MIR182",1
"MIR185",1
"MIR194-1",1
"MIR196A2",1
"MIR211",1
"MIR215",1
"MIR218-2",1
"MIR23A",1
"MIR26A2",1
"MIR27A",1
"MIR29A",1
"MIR326",1
"MIR33A",1
"MIR378A",1
"MIR424",1
"MIR483",1
"MIR493",1
"MIR495",1
"MIR574",1
"MIR9-1",1
"MIR99A",1
"MIRLET7C",1
"MLH1",1
"MLH3",1
"MOB1A",1
"MSMB",1
"MT1F",1
"MT1M",1
"MYBBP1A",1
"MYO18B",1
"MYO1A",1
"NAPEPLD",1
"NBN",1
"NCOA5",1
"NINJ1",1
"NIT2",1
"NME1",1
"NOL7",1
"NR0B2",1
"PAEP",1
"PAIP2",1
"PARK7",1
"PAX4",1
"PEA15",1
"PEBP1",1
"PFN1",1
"PGR",1
"PGRMC2",1
"PHACTR4",1
"PLA2G16",1
"PLD1",1
"PNN",1
"PPARA",1
"PPP2CB",1
"PRKAA2",1
"PRKCD",1
"PTENP1",1
"PTGDR",1
"PTPRT",1
"RARRES3",1
"RASL10B",1
"RASSF10",1
"RASSF4",1
"RASSF8",1
"RB1CC1",1
"RBBP7",1
"RBBP8",1
"RBM5",1
"RNASET2",1
"RPS6KA6",1
"RTN4IP1",1
"S100A11",1
"SCGB3A1",1
"SCYL1",1
"SELENBP1",1
"SIRT3",1
"SIRT4",1
"SKIL",1
"SLC39A1",1
"SLC5A8",1
"SMAD4",1
"SMCHD1",1
"SOCS3",1
"SRPX",1
"ST13",1
"STRADA",1
"STUB1",1
"SUZ12",1
"SYK",1
"SYNPO2",1
"TAT",1
"TBRG1",1
"TFPI2",1
"TNFRSF10A",1
"TNFRSF18",1
"TNFSF12",1
"TNFSF9",1
"TSG101",1
"TSSC4",1
"TTF1",1
"TUSC1",1
"UBIAD1",1
"UNC5C",1
"USP33",1
"VHL",1
"WDR11",1
"WDR48",1
"WIF1",1
"WISP3",1
"XPO5",1
"XRCC5",1
"YPEL3",1
"ZBTB48",1
"ZC3H10",1
"ZFP82",1
"ZNF366",1
