"genes","Freq"
"TP73",10
"MAD1L1",9
"OPCML",6
"EPHB3",5
"ETV6",5
"RUNX2",5
"RUNX3",5
"CBFA2T3",4
"PKD1",4
"POU6F2",4
"RBM38",4
"WWOX",4
"ZIC1",4
"AJAP1",3
"CAMTA1",3
"CUX1",3
"EBF3",3
"EHF",3
"GATA4",3
"MEG3",3
"MRVI1",3
"PAX6",3
"RNF144A",3
"RTN4",3
"SFN",3
"TSPAN32",3
"ALDH1A2",2
"AXIN2",2
"BLID",2
"CADM3",2
"CDH13",2
"CDH4",2
"CSMD1",2
"CTNNA2",2
"DAB2IP",2
"DLEU1",2
"ESRRB",2
"FOXO6",2
"GALR1",2
"HIPK2",2
"IKZF1",2
"IL17RD",2
"MIR124-2",2
"MIR503",2
"MIR874",2
"PDLIM4",2
"PHOX2A",2
"PPM1L",2
"PPP1CA",2
"SEMA3B",2
"SFRP2",2
"SFRP5",2
"SGMS1",2
"SPARC",2
"TFAP2A",2
"TGFB1",2
"THRB",2
"WT1",2
"ZBTB4",2
"ADAMTS8",1
"AFAP1L2",1
"AHNAK",1
"AHRR",1
"AIM2",1
"AKAP12",1
"AKR1B1",1
"ALOX15",1
"ALPL",1
"AXIN1",1
"BARD1",1
"BCL2L11",1
"BLNK",1
"BMF",1
"BRINP1",1
"BRMS1",1
"CABLES1",1
"CASC2",1
"CCDC67",1
"CDKN1A",1
"CDX2",1
"CFTR",1
"CHFR",1
"CTNND1",1
"CYGB",1
"DKK3",1
"DLC1",1
"DLEU2",1
"DNMT3A",1
"DOK3",1
"DPP4",1
"DUSP1",1
"EAF1",1
"EFNA5",1
"EGR1",1
"EPAS1",1
"EPHB6",1
"EXT1",1
"EYA4",1
"FAS",1
"FBXL13",1
"FHIT",1
"FHL1",1
"FOXA2",1
"FOXL2",1
"FOXP1",1
"FRK",1
"GJA1",1
"HDAC1",1
"HECA",1
"HIC1",1
"HIVEP3",1
"HOPX",1
"HOXB13",1
"HSPB7",1
"HTRA3",1
"ID4",1
"IGFBP5",1
"ING5",1
"IQGAP2",1
"IRX1",1
"ISG15",1
"ITGA5",1
"ITGB1",1
"JDP2",1
"LEFTY2",1
"LHX4",1
"LINC-PINT",1
"LSAMP",1
"MADD",1
"MAL",1
"MCPH1",1
"MIA",1
"MIR134",1
"MIR141",1
"MIR143",1
"MIR195",1
"MIR200C",1
"MIR211",1
"MIR25",1
"MIR497",1
"MT1G",1
"MYBBP1A",1
"NDN",1
"NDRG1",1
"NDRG2",1
"NF1",1
"NFATC2",1
"NR4A1",1
"NR4A3",1
"NUAK1",1
"ONECUT1",1
"PCDH17",1
"PHLDA3",1
"PLEKHO1",1
"PLXNC1",1
"PRDM1",1
"PRDM2",1
"PROX1",1
"PRR5",1
"PTPRC",1
"RAB7A",1
"RAP1GAP",1
"RASSF1",1
"RASSF3",1
"RASSF4",1
"RBP1",1
"RNF111",1
"RUNX1",1
"S100A2",1
"SASH1",1
"SCUBE2",1
"SERPINB5",1
"SHISA3",1
"SMYD4",1
"SOX1",1
"SOX11",1
"ST5",1
"STAT3",1
"STK10",1
"TAGLN",1
"TCF7L2",1
"TGFBR2",1
"THRA",1
"TMPRSS6",1
"TNFRSF12A",1
"TNFSF9",1
"TSC2",1
"TUSC2",1
"UBE2QL1",1
"UNC5A",1
"UNC5B",1
"VIM",1
"WNT11",1
"WNT5A",1
"ZBTB16",1
"ZBTB7C",1
