"Var1","Freq"
"SHANK2",33
"PRRT1",28
"DDR1",22
"NCOR2",22
"EIF2B5",21
"EVX1",21
"SEPT9",21
"HOXC4",20
"RP11-522B15.3",20
"RP11-834C11.12",20
"TBCD",19
"AGAP1",18
"HOXC6",18
"OTX1",18
"C11orf21",17
"CTD-2035E11.3",17
"CTD-2201E18.3",17
"DIP2C",17
"EVX1-AS",17
"PPP1R18",17
"RPTOR",17
"TBX4",17
"ZIC4",17
"C7orf50",16
"PRDM16",16
"GRB7",15
"KRT8",15
"SIM1",15
"MCF2L",14
"RGS12",14
"RP1-170O19.17",14
"FOXG1",13
"HLA-E",13
"MSX1",13
"PPT2",13
"PPT2-EGFL8",13
"PSMB8",13
"SKI",13
"SLC44A4",13
"AC009501.4",12
"BZRAP1-AS1",12
"CLDN4",12
"CORO1B",12
"DGKZ",12
"HDAC4",12
"PLEC",12
"PSMB9",12
"RTKN",12
"ANKRD11",11
"CMTM2",11
"CTD-3032H12.2",11
"CTSZ",11
"GNG7",11
"GRHL2",11
"IFT140",11
"LAT",11
"PRKAR1B",11
"PTPRCAP",11
"RP11-262A16.1",11
"RP11-264B17.3",11
"RP11-307N16.6",11
"SPATA13",11
"ANKS1B",10
"ARHGEF10",10
"BAIAP2",10
"CELSR1",10
"CMYA5",10
"EPS8L2",10
"GABBR1",10
"MSLN",10
"ORAOV1",10
"PAX9",10
"PRR5-ARHGAP8",10
"RAP1GAP2",10
"S1PR4",10
"TBX2-AS1",10
"TFAP2A-AS1",10
"TMC6",10
"TMEM204",10
"U47924.27",10
"ZMYND10-AS1",10
"C2",9
"C6orf25",9
"CFAP45",9
"ELF3",9
"FAM65B",9
"FERMT3",9
"HOXD3",9
"KB-1562D12.1",9
"LINC01237",9
"MCIDAS",9
"MYT1",9
"OSR1",9
"PKP3",9
"PRKCZ",9
"PSMB8-AS1",9
"RP11-367G6.3",9
"RP11-465N4.4",9
"RP11-834C11.14",9
"RPH3AL",9
"SH3BP4",9
"SLC16A3",9
"SLC38A10",9
"SPEG",9
"STAP2",9
"TACSTD2",9
"TBX2",9
"TMEM132D",9
"TNS1",9
"ZBTB12",9
"ZNF750",9
"AKR7L",8
"ANO1",8
"ARID3A",8
"BIN2",8
"C14orf39",8
"CHI3L2",8
"CTB-113P19.1",8
"ERBB2",8
"ESRP2",8
"FOXP4",8
"GNA12",8
"HELZ2",8
"LMO3",8
"LMX1B",8
"LPCAT1",8
"MAML3",8
"MARVELD2",8
"MEST",8
"MESTIT1",8
"METAP1D",8
"MGST1",8
"MIB2",8
"MIR4259",8
"MLPH",8
"NKX6-2",8
"PAX7",8
"PIK3CD",8
"PITX1",8
"PRDM6",8
"PRSS22",8
"RP11-434E6.4",8
"SIX1",8
"SLC45A4",8
"TAP1",8
"TBC1D10C",8
"THSD4",8
"U47924.29",8
"VAX2",8
"ZMIZ1",8
"AC009133.17",7
"AC009336.19",7
"ALX3",7
"AMZ1",7
"C16orf54",7
"C1orf132",7
"C1orf210",7
"CCDC64B",7
"CTD-3032H12.1",7
"FAM222A-AS1",7
"GRIK2",7
"HCAR1",7
"IRF6",7
"ITPKB",7
"LAG3",7
"LRRFIP1",7
"MAGI1",7
"MED12L",7
"MEIS1",7
"MESTIT1_1",7
"NDUFAF6",7
"P2RX1",7
"PSD4",7
"PTPN7",7
"RADIL",7
"RASA3",7
"RBBP8NL",7
"REC8",7
"RP11-279F6.1",7
"RP11-510N19.5",7
"RP11-60A8.1",7
"RP11-738B7.1",7
"RP11-89K21.1",7
"RP4-665J23.1",7
"RUSC1",7
"RUSC1-AS1",7
"SHROOM1",7
"SIM2",7
"SIX2",7
"SLC25A23",7
"SLC44A2",7
"SMOC2",7
"SND1",7
"SRCIN1",7
"SSBP3",7
"SSH3",7
"STAB1",7
"STRIP1",7
"TBX15",7
"TMCC1",7
"TTC6",7
"WNK4",7
"AC009133.22",6
"AGAP2",6
"ARHGAP39",6
"ARHGEF4",6
"ARID1B",6
"ASB16",6
"BHLHE40",6
"BNC1",6
"BZRAP1",6
"C2CD4D",6
"C5orf66",6
"CACNA2D4",6
"CEP170B",6
"CLEC14A",6
"CRB3",6
"CTC-359M8.1",6
"DMGDH",6
"EHD1",6
"EPHX3",6
"ESPN",6
"F7",6
"FAM101A",6
"FFAR2",6
"FLJ12825",6
"GATA6",6
"GP1BB",6
"GREB1",6
"GTF2H4",6
"HCG9",6
"IFFO1",6
"IL17REL",6
"INPP5A",6
"INPP5D",6
"ITPKA",6
"KCNK9",6
"KDM4B",6
"LA16c-325D7.1",6
"LFNG",6
"LGALS8",6
"LGI4",6
"LIMD2",6
"LIME1",6
"LINC01558",6
"LPP",6
"LRP5",6
"LRRC27",6
"MAP3K6",6
"MEIS1-AS2",6
"MMRN2",6
"MT1A",6
"MYO10",6
"NFAM1",6
"NPR3",6
"NTN1",6
"OCLN",6
"OSM",6
"PCDHGA1",6
"PCDHGA2",6
"PCDHGA3",6
"PCDHGA4",6
"PCDHGA5",6
"PCDHGB1",6
"PCDHGB2",6
"PFDN6",6
"PLXNB1",6
"PTPRS",6
"PXDN",6
"RAI1",6
"RBFOX3",6
"RGL2",6
"RNF166",6
"RNF39",6
"RP11-164H13.1",6
"RP11-241G9.3",6
"RP11-382A20.4",6
"RP11-469H8.6",6
"RP11-517H2.6",6
"RP11-6N17.9",6
"RP11-753H16.3",6
"RP11-753H16.5",6
"RP1-178F15.5",6
"RP11-95F22.1",6
"RP3-431P23.5",6
"RP4-583P15.15",6
"RP5-908M14.5",6
"RUVBL1",6
"RUVBL1-AS1",6
"S100A1",6
"S100A13",6
"SDK1",6
"SEPT5",6
"SEZ6L2",6
"SIPA1",6
"SLA2",6
"SOD3",6
"SPN",6
"SYTL3",6
"TAL1",6
"TCL1A",6
"TENM4",6
"TFF1",6
"TMC8",6
"TNFRSF25",6
"TRABD2B",6
"TRAK1",6
"UBAC2",6
"VARS2",6
"WNT3",6
"Y_RNA",6
"ZBED9",6
"ZFPM1",6
"ZG16B",6
"AC009487.5",5
"ACSF3",5
"ADORA2A",5
"ADPRHL1",5
"ALDH1A3",5
"ALDH3B2",5
"AP006621.9",5
"AP2A2",5
"AQPEP",5
"ARFGAP1",5
"ATP5G2",5
"B4GALNT1",5
"BANK1",5
"BARHL2",5
"BHMT",5
"BPIFB1",5
"C1QL1",5
"C1QL4",5
"CA5A",5
"CASZ1",5
"CCND1",5
"CCNG2",5
"CD1E",5
"CD6",5
"CD81",5
"CDX1",5
"CHRD",5
"CRIP2",5
"CTB-179K24.3",5
"CTD-2527I21.4",5
"CTD-2535L24.2",5
"CYP26C1",5
"DEAF1",5
"EPB41L1",5
"ERBB3",5
"ESRRG",5
"FAM124B",5
"FAM222A",5
"FGR",5
"FLI1",5
"FOXG1-AS1",5
"FXYD1",5
"FYN",5
"GALNT6",5
"GAS8",5
"GPR160",5
"GSE1",5
"HHEX",5
"INS-IGF2",5
"ITPK1",5
"ITPRIPL1",5
"KAZN",5
"KCNQ1",5
"KIAA1217",5
"KIAA1462",5
"KIAA1731NL",5
"KLHDC4",5
"LAD1",5
"LCK",5
"LHX9",5
"LINC00925",5
"LLfos-48D6.2",5
"LMO7",5
"LPIN3",5
"LRRC47",5
"LSM2",5
"MAG",5
"MGAT1",5
"MOB3A",5
"MYF5",5
"MYO1G",5
"NAV1",5
"NBEA",5
"NCKAP5",5
"NFATC1",5
"OBSCN",5
"OSBPL10",5
"P4HA2",5
"PAOX",5
"PATL2",5
"PCDHA1",5
"PCDHGA6",5
"PCDHGA7",5
"PCDHGA8",5
"PCDHGA9",5
"PCDHGB3",5
"PCDHGB4",5
"PCDHGB5",5
"PCDHGB6",5
"PGLYRP2",5
"PHKG1",5
"PITPNM2",5
"PKN1",5
"PLEKHA7",5
"PLXNA1",5
"PLXND1",5
"PPFIA4",5
"PPP1R13L",5
"PPP1R16B",5
"PRKCH",5
"PRR15L",5
"PRSS8",5
"PTPRG",5
"PVRL4",5
"PWWP2B",5
"RERE",5
"RHOD",5
"RNF219-AS1",5
"RNU2-37P",5
"RP11-13J10.1",5
"RP11-166D19.1",5
"RP11-26L20.3",5
"RP11-29G8.3",5
"RP11-637O19.3",5
"RP11-66B24.8",5
"RP11-750H9.5",5
"RP3-468B3.2",5
"RP4-728D4.2",5
"RPS6KA1",5
"SEMA3C",5
"SH3PXD2A",5
"SIGIRR",5
"SLC38A2",5
"SLC4A10",5
"SORBS2",5
"SORL1",5
"SORT1",5
"SP6",5
"SPDEF",5
"SPECC1L-ADORA2A",5
"SSTR5",5
"SSTR5-AS1",5
"ST7-OT4",5
"STAU2-AS1",5
"TACC2",5
"TCF7L1",5
"TET1",5
"TFAP2E",5
"TIMP2",5
"TMEM132C",5
"TNKS1BP1",5
"TRAPPC9",5
"VARS",5
"VWA5B1",5
"WNT5B",5
"XXYLT1",5
"ZDHHC1",5
"ZIC5",5
"ZSCAN12P1",5
"ABR",4
"AC004687.1",4
"AC009264.1",4
"AC016683.5",4
"AC016757.3",4
"AC073626.2",4
"AC096574.4",4
"AC104667.3",4
"AC108142.1",4
"AC144450.1",4
"ACKR1",4
"AD000671.6",4
"ADAP1",4
"ADARB2",4
"AFF3",4
"AGAP2-AS1",4
"AGRN",4
"ALX4",4
"ANKMY1",4
"ANO7P1",4
"AP003419.16",4
"APLP2",4
"AQP2",4
"ARHGEF10L",4
"ARSG",4
"ASAP2",4
"ATP8A2",4
"B3GNTL1",4
"BCAM",4
"BCAS1",4
"BRDT",4
"C10orf90",4
"C17orf62",4
"C1orf87",4
"C5orf56",4
"CACHD1",4
"CADM3-AS1",4
"CALCB",4
"CAP1P2",4
"CCDC57",4
"CCDC85C",4
"CCM2",4
"CD22",4
"CD8A",4
"CDH23",4
"CFAP44",4
"CHD3",4
"CHRNE",4
"CLCN7",4
"CLDN10",4
"CLSTN1",4
"CNKSR1",4
"CNTD2",4
"COX19",4
"CRYAB",4
"CSNK1D",4
"CTD-2135J3.4",4
"CTD-2281E23.2",4
"CTD-2337A12.1",4
"CTTN",4
"DBNDD1",4
"DDAH2",4
"DGKQ",4
"DLGAP2",4
"DLGAP3",4
"DMRTA2",4
"DNASE1L2",4
"DPY19L1P1",4
"DRD4",4
"DST",4
"EP400",4
"ERC2",4
"ETS1",4
"EVI5L",4
"F2R",4
"FAM118A",4
"FAM174B",4
"FAM19A3",4
"FAM63A",4
"FBRSL1",4
"FBXL21",4
"FCHO1",4
"FCRL1",4
"FNBP1",4
"FOXL2NB",4
"FOXP2",4
"FRMD4A",4
"FXYD3",4
"FXYD7",4
"GDNF",4
"GHRLOS",4
"GLTSCR1L",4
"GOLGA3",4
"GP9",4
"GPSM3",4
"GSTM5",4
"HIST1H1A",4
"HMCES",4
"HOXA10-HOXA9",4
"HOXA9",4
"HOXC13-AS",4
"HOXD12",4
"HOXD-AS2",4
"HSF4",4
"HSPB2-C11orf52",4
"ICAM3",4
"IGF2",4
"IGFLR1",4
"IGSF21",4
"IL20RA",4
"IQSEC1",4
"ITGB6",4
"ITPRIP",4
"JARID2",4
"JMJD7-PLA2G4B",4
"KCNK17",4
"KCNMA1",4
"KIAA0930",4
"KIAA1211L",4
"KLB",4
"KLF13",4
"KLHDC7B",4
"KRT18",4
"KRT86",4
"LBX1-AS1",4
"LECT2",4
"LGALS8-AS1",4
"LHX8",4
"LIMCH1",4
"LINC00111",4
"LINC01006",4
"LINC01121",4
"LIPE-AS1",4
"LPP-AS2",4
"LRP1",4
"LTBP3",4
"LY6G6D",4
"MACROD1",4
"MAL2",4
"MAP4K4",4
"MARK4",4
"MED13L",4
"MGLL",4
"MIR2276",4
"MSLNL",4
"MYF6",4
"MYO5C",4
"NEBL",4
"NEFM",4
"NFIA",4
"NKAIN1",4
"NLGN2",4
"NR4A2",4
"NXPH1",4
"OSBPL5",4
"OSTM1",4
"P2RX5-TAX1BP3",4
"PCDHA10",4
"PCDHA11",4
"PCDHA2",4
"PCDHA3",4
"PCDHA4",4
"PCDHA5",4
"PCDHA6",4
"PCDHA7",4
"PCDHA8",4
"PCDHA9",4
"PCDHGA10",4
"PDLIM2",4
"PIK3CG",4
"PLEKHG3",4
"PLEKHH3",4
"PNPLA7",4
"POU2AF1",4
"PPFIA1",4
"PRKAG2",4
"PROCA1",4
"PROM2",4
"PTN",4
"PTP4A2",4
"PTPRF",4
"RAB17",4
"RAD51B",4
"RARA",4
"RBMS1",4
"RCAN3",4
"RCN1",4
"RFESD",4
"RILP",4
"RP11-108K14.8",4
"RP11-1260E13.2",4
"RP11-146I2.1",4
"RP11-20J15.3",4
"RP11-20J15.5",4
"RP11-21A7A.2",4
"RP11-304L19.12",4
"RP11-332H18.5",4
"RP11-360L9.4",4
"RP11-469H8.8",4
"RP11-512M8.5",4
"RP11-51F16.1",4
"RP11-532F12.5",4
"RP11-572N21.1",4
"RP11-627G18.2",4
"RP11-649A16.1",4
"RP1-290I10.3",4
"RP3-425P12.5",4
"RP4-559A3.7",4
"RP5-1029K10.2",4
"RP5-1171I10.5",4
"RTN4RL1",4
"S100A16",4
"SAMM50",4
"SCAMP5",4
"SEPT8",4
"SH3TC1",4
"SIX3",4
"Six3os1_2",4
"SLC17A3",4
"SLC4A8",4
"SLC52A3",4
"SMIM22",4
"SNCG",4
"SNED1",4
"SOX6",4
"SP9",4
"SPECC1",4
"SPINT1",4
"SPSB3",4
"SRGAP1",4
"STARD13-AS",4
"STK24",4
"SYBU",4
"SYNE4",4
"SYTL1",4
"TACC1",4
"TBR1",4
"TBX1",4
"TNRC6C",4
"TOM1L1",4
"TRAF3IP3",4
"TRIO",4
"TRPS1",4
"TSPAN9",4
"TXNRD1",4
"UBASH3A",4
"UHRF1",4
"USP36",4
"UXS1",4
"WDR81",4
"WIPI2",4
"WRAP73",4
"XXbac-BPG32J3.19",4
"ZAP70",4
"ZCCHC14",4
"ZDHHC14",4
"ZFPM2",4
"ZNF485",4
"ZNF860",4
"ABHD10",3
"ABLIM2",3
"ABTB2",3
"AC002116.8",3
"AC002454.1",3
"AC003986.5",3
"AC007009.1",3
"AC007128.1",3
"AC007292.7",3
"AC007796.1",3
"AC009487.4",3
"AC010646.3",3
"AC011530.4",3
"AC011747.3",3
"AC011754.1",3
"AC018890.6",3
"AC037459.4",3
"AC067959.1",3
"AC093323.1",3
"AC135050.5",3
"AC147651.4",3
"ACACA",3
"ACOT7",3
"ACYP1",3
"ADCY9",3
"ADSSL1",3
"AGAP1-IT1",3
"AGO2",3
"AL161668.5",3
"AL662797.1",3
"ANO8",3
"AP003041.1",3
"AP5Z1",3
"APCS",3
"APP",3
"ARAP1",3
"ARHGAP12",3
"ARHGAP30",3
"ARHGAP40",3
"ARHGAP6",3
"ARHGAP8",3
"ARHGDIB",3
"ARHGEF1",3
"ARHGEF16",3
"ARHGEF3",3
"ARID5B",3
"ATAD3C",3
"ATP10B",3
"ATXN1",3
"BATF",3
"BCAN",3
"BCAR3",3
"BCL7A",3
"BCL9L",3
"BIN3",3
"BMP7",3
"BNIP3",3
"BPI",3
"BPIFA4P",3
"BTBD9",3
"C10orf105",3
"C10orf71",3
"C10orf71-AS1",3
"C10orf95",3
"C11orf52",3
"C17orf107",3
"C1orf174",3
"C1orf228",3
"C22orf15",3
"C6orf132",3
"C8orf17",3
"C8orf82",3
"C9",3
"C9orf152",3
"CACNA2D2",3
"CAPN13",3
"CARD14",3
"CASS4",3
"CBFA2T2",3
"CBX4",3
"CCDC78",3
"CCDC80",3
"CCDC92",3
"CCR7",3
"CCT3",3
"CD1C",3
"CD9",3
"CDC42BPB",3
"CDC42BPG",3
"CDC42EP1",3
"CDHR5",3
"CERS2",3
"CHMP1B",3
"CHRM2",3
"CHST15",3
"CLGN",3
"CMIP",3
"COL18A1",3
"COL2A1",3
"CORO7",3
"CORO7-PAM16",3
"CPEB4",3
"CPLX2",3
"CRABP1",3
"CTB-134H23.3",3
"CTB-31O20.6",3
"CTBP2",3
"CTC-432M15.3",3
"CTD-2135J3.3",3
"CTD-2308N23.2",3
"CTD-2555A7.3",3
"CTD-2562J15.6",3
"CXCR5",3
"CYFIP1",3
"CYP2S1",3
"CYP51A1-AS1",3
"CYTH2",3
"DAB1",3
"DDAH1",3
"DENND1C",3
"DGKA",3
"DHX58",3
"DIRC3",3
"DLX2-AS1",3
"DMPK",3
"DNAH1",3
"DNAH10",3
"DNAJC6",3
"DNMBP",3
"DOCK2",3
"DUPD1",3
"ELAVL1",3
"ELFN1",3
"ENOX1",3
"EPCAM",3
"EPHB1",3
"EPS8L1",3
"EPS8L3",3
"EPSTI1",3
"ERI3",3
"EVL",3
"EVPL",3
"FAM167A",3
"FAM83H",3
"FAM83H-AS1",3
"FCRL2",3
"FDPS",3
"FGF8",3
"FIP1L1",3
"FLJ37453",3
"FLJ38122",3
"FMN1",3
"FOXD3-AS1",3
"FOXI2",3
"FOXN3",3
"FUT2",3
"GAREML",3
"GEMIN7",3
"GFOD1",3
"GGACT",3
"GHRL",3
"GLI3",3
"GMDS",3
"GNAL",3
"GNAS",3
"GP5",3
"GPR146",3
"GRAMD3",3
"GRK6",3
"GRM5",3
"GRN",3
"GS1-72M22.1",3
"GUCA1A",3
"GUCA2A",3
"HAGHL",3
"HCLS1",3
"HHIPL2",3
"HIST1H2APS2",3
"HLA-DPB2",3
"HLCS",3
"HLX",3
"HLX-AS1",3
"HMCN1",3
"HMHA1",3
"HOXA11",3
"HOXA11-AS",3
"HOXA11-AS1_1",3
"HOXA11-AS1_2",3
"HOXA11-AS1_3",3
"HOXA11-AS1_4",3
"HSD3B7",3
"ICA1",3
"IGSF9",3
"IL27",3
"INA",3
"INF2",3
"INHA",3
"INPP5J",3
"IQCE",3
"IRF2BPL",3
"IRX6",3
"ITGB2",3
"ITGB5",3
"IZUMO1",3
"JAG2",3
"JAK3",3
"JAKMIP3",3
"KAT6B",3
"KCNA3",3
"KCNK2",3
"KCNQ1DN",3
"KCNQ2",3
"KCTD5",3
"KDM2B",3
"KIAA0513",3
"KIAA1244",3
"KIAA1671",3
"KIF12",3
"KRT7",3
"KRT87P",3
"KTN1",3
"LA16c-444G7.1",3
"LAMA5",3
"LAMB2",3
"LAPTM5",3
"LARP1",3
"LCE3C",3
"LDLRAD1",3
"LDLRAP1",3
"LIMK1",3
"LINC00324",3
"LINC00856",3
"LINC00877",3
"LINC00940",3
"LINC01057",3
"LINC01376",3
"LINC01565",3
"LIPC",3
"LMX1A",3
"LRRC14B",3
"LRRC25",3
"LRRD1",3
"LTA",3
"LTK",3
"LYPD6B",3
"MACF1",3
"MAEA",3
"MAP1LC3B2",3
"MAP3K5",3
"MAP7",3
"MAPK8IP2",3
"MARCH3",3
"MBNL1",3
"MDFI",3
"MEG3_1",3
"MGAT5",3
"MGST2",3
"MIR137HG",3
"MIR2682",3
"MIR3150A",3
"MIR4425",3
"MIR497HG",3
"MIR6843",3
"MIRLET7BHG",3
"MISP",3
"MITF",3
"MKL1",3
"MKX",3
"MLF2",3
"MSI2",3
"MTA3",3
"MXD3",3
"MYH14",3
"MYO15B",3
"MYO16",3
"MYOF",3
"NAV2",3
"NDUFA4L2",3
"NEDD1",3
"NEURL1B",3
"NFE2L3",3
"NFIX",3
"NKX3-2",3
"NOSIP",3
"NR2E1",3
"NR2F1-AS1",3
"NR2F6",3
"NTF3",3
"NTHL1",3
"OAT",3
"OBSL1",3
"OFCC1",3
"OGFOD3",3
"OGG1",3
"OPA3",3
"OR1A2",3
"P2RY11",3
"PARD3",3
"PAX8",3
"PBX1",3
"PBX2",3
"PCDHA12",3
"PCDHA13",3
"PCDHGA11",3
"PCDHGB7",3
"PCSK6",3
"PDE4D",3
"PDP1",3
"PEAK1",3
"PFKP",3
"PGAP3",3
"PIK3CD-AS1",3
"PIP4K2C",3
"PIP5K1C",3
"PLA2G4B",3
"PLAT",3
"PLCH1",3
"PLCH2",3
"PLEKHA6",3
"PLEKHG5",3
"POFUT2",3
"PPAN",3
"PPAN-P2RY11",3
"PPAP2C",3
"PPAPDC2",3
"PPFIBP2",3
"PPP1R26P1",3
"PPP1R37",3
"PPP2R2B",3
"PRCD",3
"PRKCA",3
"PRSS30P",3
"PSORS1C1",3
"PTGFRN",3
"PTMS",3
"PTPRE",3
"PVT1",3
"RALB",3
"RALGAPA2",3
"RAMP1",3
"RBFOX1",3
"RBM33",3
"RBM47",3
"RBPMS",3
"RD3",3
"RECQL5",3
"RHBDF2",3
"RHBG",3
"RIMBP2",3
"RLTPR",3
"RNF128",3
"RNF130",3
"RNF216",3
"RNF222",3
"RNF44",3
"RORA",3
"RP11-1028N23.4",3
"RP11-108K3.1",3
"RP11-121M22.1",3
"RP11-123K19.1",3
"RP11-123M6.2",3
"RP11-127I20.5",3
"RP11-131L23.1",3
"RP11-13A1.3",3
"RP11-141M1.3",3
"RP11-145E5.5",3
"RP11-161H23.10",3
"RP11-168L7.3",3
"RP11-170M17.1",3
"RP11-200A1.1",3
"RP11-244F12.1",3
"RP11-253M7.4",3
"RP11-264L1.4",3
"RP11-288A5.2",3
"RP11-320N21.1",3
"RP11-320N21.2",3
"RP11-330H6.5",3
"RP11-347C18.3",3
"RP11-348J12.2",3
"RP11-37L2.1",3
"RP11-387A1.5",3
"RP11-432J24.5",3
"RP11-434E6.2",3
"RP11-449H3.3",3
"RP11-449P15.1",3
"RP11-459E5.1",3
"RP11-463C8.4",3
"RP11-473M20.5",3
"RP11-47I22.4",3
"RP11-510C10.2",3
"RP11-517I3.1",3
"RP11-546B8.6",3
"RP11-589P10.7",3
"RP11-5O23.2",3
"RP11-624L4.1",3
"RP11-637O19.2",3
"RP11-661A12.5",3
"RP1-168P16.2",3
"RP11-700H6.1",3
"RP11-718O11.1",3
"RP11-770J1.3",3
"RP11-849I19.1",3
"RP11-875O11.1",3
"RP11-945C19.4",3
"RP11-983P16.4",3
"RP11-9G1.3",3
"RP1-202O8.2",3
"RP1-228P16.3",3
"RP13-20L14.4",3
"RP3-325F22.5",3
"RP4-665J23.2",3
"RP4-735C1.4",3
"RP5-1029K10.4",3
"RP5-1096D14.3",3
"RP5-894D12.5",3
"RPARP-AS1",3
"RPS6KB2",3
"RRN3P2",3
"RTN1",3
"RYBP",3
"RYR2",3
"S100A8",3
"S100P",3
"SALRNA1",3
"SATB2",3
"SATB2-AS1",3
"SCARF2",3
"SCGB2A2",3
"SCOC",3
"SCT",3
"SDK2",3
"SEMA3G",3
"SEMA4B",3
"SEMA7A",3
"SERPINA5",3
"SH3BP2",3
"SH3PXD2B",3
"SIPA1L2",3
"SIT1",3
"SIX6",3
"SLC12A5",3
"SLC12A7",3
"SLC22A18",3
"SLC22A23",3
"SLC26A10",3
"SLC35B3",3
"SLC39A11",3
"SLC6A19",3
"SLITRK1",3
"SMAD7",3
"SNORD39",3
"SNX20",3
"SOGA1",3
"SP5",3
"SPATA18",3
"SPATA33",3
"SPATA6L",3
"SPATS2",3
"SPIRE2",3
"SREBF1",3
"SSBP4",3
"SSUH2",3
"ST14",3
"ST7-AS1",3
"ST7-AS1_2",3
"STAU2",3
"STON2",3
"SULT2B1",3
"SUSD6",3
"SYNJ2",3
"SYNPO",3
"TAPBPL",3
"TCTEX1D1",3
"TEAD1",3
"TFF3",3
"THRB-AS1",3
"TLR9",3
"TLX3",3
"TMEM200C",3
"TMEM30B",3
"TMEM63A",3
"TMEM63C",3
"TMEM8B",3
"TNFAIP8L3",3
"TNFRSF10D",3
"TNS2",3
"TPM3",3
"TPPP2",3
"TPPP3",3
"TRABD",3
"TRAF1",3
"TRERF1",3
"TRIM26",3
"TRPM1",3
"TTBK1",3
"TTC36",3
"TTLL10",3
"UBE2H",3
"UCN3",3
"USP10",3
"VAV2",3
"VPS13D",3
"VWCE",3
"VWF",3
"WDR1",3
"WIBG",3
"WIPF1",3
"WNT6",3
"WSCD2",3
"WWC1",3
"XDH",3
"XXbac-BPG181M17.5",3
"ZC2HC1C",3
"ZC3H12D",3
"ZDBF2",3
"ZDHHC24",3
"ZFP42",3
"ZNF205",3
"ZNF205-AS1",3
"ZNF385D",3
"ZPBP2",3
"ZSCAN18",3
"A1CF",2
"ABAT",2
"ABCA3",2
"ABCA4",2
"ABCC11",2
"ABCF3",2
"ABHD15-AS1",2
"ABLIM1",2
"AC004637.1",2
"AC005083.1",2
"AC005237.4",2
"AC007040.11",2
"AC007563.5",2
"AC008073.7",2
"AC012123.1",2
"AC025165.8",2
"AC061992.2",2
"AC069368.3",2
"AC073254.1",2
"AC092573.2",2
"AC104809.3",2
"AC114271.2",2
"AC137932.6",2
"ACER1",2
"ACER3",2
"ACKR2",2
"ACLY",2
"ACOXL",2
"ACSL3",2
"ACTC1",2
"ACTR3C",2
"ADAM12",2
"ADAM8",2
"ADAMTS15",2
"ADAMTS2",2
"ADAMTS4",2
"ADCY4",2
"ADCY6",2
"ADIRF",2
"ADIRF-AS1",2
"ADORA3",2
"ADRBK1",2
"AGPAT3",2
"AGR2",2
"AHCYL2",2
"AKAP2",2
"AKR1D1P1",2
"AKR7A3",2
"AL135842.1",2
"AL355388.1",2
"ALDH1L2",2
"ALDH3B1",2
"ALX1",2
"AMICA1",2
"AMOTL1",2
"AMOTL2",2
"AMT",2
"ANK3",2
"ANKRD2",2
"ANKRD22",2
"ANKRD34C-AS1",2
"ANKRD35",2
"ANKRD62",2
"ANO7",2
"AOX2P",2
"AP000253.1",2
"AP000295.9",2
"AP000320.7",2
"AP006285.2",2
"APBA2",2
"APBB2",2
"APCDD1L",2
"APOA1-AS",2
"AQP4-AS1",2
"AQP5",2
"ARAP3",2
"ARHGAP22",2
"ARHGAP24",2
"ARHGAP25",2
"ARHGAP27",2
"ARHGAP42P2",2
"ARHGEF19",2
"ARHGEF40",2
"ARHGEF7",2
"ARID5A",2
"ARL13B",2
"ARMC9",2
"ARRB2",2
"ARRDC2",2
"ARVCF",2
"ASB12",2
"ASCC1",2
"ASXL2",2
"ATG10",2
"ATG4D",2
"ATP11A",2
"ATP13A4",2
"ATP13A4-AS1",2
"ATP1B2",2
"ATP2C2",2
"ATP6V0D1",2
"ATP6V0E2-AS1",2
"ATP6V1B1",2
"ATP8B2",2
"ATP8B4",2
"BAIAP2-AS1",2
"BAIAP2L1",2
"BCAR1",2
"BCL2L14",2
"BDNF",2
"BEND4",2
"BPIFB2",2
"BRE",2
"BTN3A3",2
"C10orf10",2
"C10orf11",2
"C10orf82",2
"C12orf45",2
"C15orf27",2
"C15orf53",2
"C17orf58",2
"C19orf35",2
"C1orf101",2
"C1orf159",2
"C1orf162",2
"C1orf21",2
"C1orf61",2
"C1orf86",2
"C1QL3",2
"C2orf81",2
"C4BPB",2
"C6orf136",2
"C9orf139",2
"C9orf163",2
"C9orf3",2
"CABYR",2
"CACNA1D",2
"CACNA1H",2
"CACNA1I",2
"CADPS2",2
"CAMK1D",2
"CAP2",2
"CAPS",2
"CARKD",2
"CASC15",2
"CBR3-AS1",2
"CBX2",2
"CCDC12",2
"CCDC140",2
"CCDC149",2
"CCDC8",2
"CCDC81",2
"CCND3",2
"CCR6",2
"CD101",2
"CD1B",2
"CD247",2
"CD28",2
"CD38",2
"CD52",2
"CD58",2
"CD7",2
"CD79B",2
"CDC42EP3",2
"CDCA7",2
"CDH15",2
"CDH3",2
"CDHR1",2
"CDK14",2
"CDKN2B-AS1",2
"CEBPA-AS1",2
"CELF2",2
"CELSR3",2
"CERS1",2
"CHURC1-FNTB",2
"CLDN22",2
"CLDN3",2
"CLDN7",2
"CLMP",2
"CLPTM1L",2
"CLYBL",2
"CMSS1",2
"CNKSR3",2
"CNTNAP1",2
"CNTROB",2
"COA1",2
"COCH",2
"COG5",2
"COL12A1",2
"COL16A1",2
"COL23A1",2
"COL9A1",2
"COL9A3",2
"COMT",2
"CORO1A",2
"CORO2B",2
"CORO6",2
"CPLX1",2
"CPNE5",2
"CPSF1",2
"CPT1A",2
"CRCT1",2
"CRTC1",2
"CRYBB1",2
"CSAD",2
"CSK",2
"CSNK1E",2
"CT62",2
"CTA-833B7.2",2
"CTB-171A8.1",2
"CTC-348L5.1",2
"CTC-436P18.1",2
"CTC-461F20.1",2
"CTC-467M3.1",2
"CTC-529P8.1",2
"CTD-2012M11.3",2
"CTD-2216M2.1",2
"CTD-2245E15.3",2
"CTD-2325P2.4",2
"CTD-2384B11.2",2
"CTD-2410N18.5",2
"CTD-2517M22.9",2
"CTD-2540B15.9",2
"CTD-2541M15.1",2
"CTD-2547L24.3",2
"CTU1",2
"CUX2",2
"CX3CL1",2
"CXCL17",2
"CXCR6",2
"CYFIP2",2
"CYP26A1",2
"CYP4F22",2
"CYP51A1",2
"CYSTM1",2
"CYTL1",2
"DAAM2",2
"DAGLA",2
"DCBLD1",2
"DCLK2",2
"DDX11",2
"DEDD2",2
"DEFB119",2
"DENND3",2
"DGKD",2
"DHCR24",2
"DIO1",2
"DIXDC1",2
"DLG2",2
"DLGAP1",2
"DLL4",2
"DMTN",2
"DNAH12",2
"DNAH8",2
"DNAI1",2
"DNAJA4",2
"DNM3",2
"DOCK1",2
"DOCK6",2
"DOCK9",2
"DOK7",2
"DOPEY2",2
"DOT1L",2
"DPF3",2
"DPP6",2
"DPYSL2",2
"DRC7",2
"DTX1",2
"DUS2",2
"DXO",2
"DYNAP",2
"ECE1",2
"EEF1A2",2
"EFHD1",2
"EFNA1",2
"EFNB2",2
"EIF4H",2
"ELAVL4",2
"ELF1",2
"ELMO3",2
"EMILIN2",2
"EN1",2
"ENTPD4",2
"EPB41L4B",2
"EPN1",2
"ERCC1",2
"ERGIC1",2
"ERI1",2
"ERICH1",2
"ERICH1-AS1",2
"ESYT2",2
"EVA1A",2
"EVI2A",2
"EXD3",2
"F10",2
"F10-AS1",2
"F2",2
"FAAH",2
"FABP5",2
"FABP9",2
"FAIM3",2
"FAM110C",2
"FAM134B",2
"FAM181B",2
"FAM196B",2
"FAM217B",2
"FAM228A",2
"FAM46A",2
"FAM57A",2
"FAM78B",2
"FAM83A",2
"FAM84B",2
"FAR2P1",2
"FBLN7",2
"FBXL6",2
"FBXO16",2
"FBXO21",2
"FCRL4",2
"FGD4",2
"FGD5",2
"FGF1",2
"FGFR2",2
"FGGY",2
"FHDC1",2
"FILIP1L",2
"FLJ45079",2
"FLNB",2
"FMNL1",2
"FMNL3",2
"FNDC1",2
"FNDC3B",2
"FOSB",2
"FOXD2",2
"FOXK1",2
"FOXP4-AS1",2
"FRAT1",2
"FRMD4B",2
"FRMD6",2
"FRMD6-AS2",2
"FRMPD2",2
"FRY",2
"FSTL3",2
"FUCA1",2
"FUT7",2
"FXR2",2
"FYCO1",2
"FZD2",2
"FZD5",2
"GABRA3",2
"GALE",2
"GALNT9",2
"GAMT",2
"GAPDHS",2
"GBF1",2
"GBGT1",2
"GDF1",2
"GDI2",2
"GDPD3",2
"GFRA1",2
"GIPC1",2
"GLI2",2
"GLIS2",2
"GLRX",2
"GLT1D1",2
"GNAO1",2
"GNL3",2
"GON4L",2
"GOPC",2
"GOSR1",2
"GP1BA",2
"GP2",2
"GPD1",2
"GPD1L",2
"GPR123",2
"GPR128",2
"GPR171",2
"GPR35",2
"GPR39",2
"GPR68",2
"GPRIN1",2
"GPRIN2",2
"GRAMD2",2
"GRID1",2
"GRIN2D",2
"GRM5-AS1",2
"GRTP1",2
"GSTO2",2
"GTDC1",2
"GTF2E2",2
"GTF2IRD1",2
"HAPLN1",2
"HCG17",2
"HDAC7",2
"HDAC9",2
"HECW2",2
"HHIPL1",2
"HID1",2
"HIST1H2APS1",2
"HIST1H2BPS1",2
"HK1",2
"HLA-B",2
"HLA-C",2
"HLA-DMB",2
"HLA-DQA2",2
"HLA-F",2
"HLA-L",2
"HMGCS2",2
"HNRNPF",2
"HOOK2",2
"HOTAIR",2
"HOXB3",2
"HOXB-AS3",2
"HOXC13",2
"HOXC5",2
"HOXD10",2
"HOXD4",2
"HOXD8",2
"HOXD9",2
"HPN",2
"HS3ST6",2
"HS6ST1",2
"HSF5",2
"HSPA12A",2
"HSPB1",2
"HSPB8",2
"HSPG2",2
"HTT",2
"ICAM2",2
"IFFO2",2
"IFT43",2
"IGSF9B",2
"IKZF4",2
"IL10RB",2
"IL12A-AS1",2
"IL16",2
"IL17RC",2
"IL18BP",2
"IL1RAPL2",2
"IL1RN",2
"IL23A",2
"IL4I1",2
"IL5RA",2
"ILDR1",2
"ILVBL",2
"IMMP2L",2
"IMP4",2
"INHBB",2
"INPP5F",2
"INSR",2
"IPCEF1",2
"IQCG",2
"IQCH",2
"IQCJ-SCHIP1",2
"IRX4",2
"IRX5",2
"ISLR2",2
"ITGA6",2
"ITGAM",2
"ITGB4",2
"ITPK1-AS1",2
"JADE2",2
"JSRP1",2
"KALRN",2
"KARSP2",2
"KB-1410C5.1",2
"KBTBD11",2
"KCND3",2
"KCNH8",2
"KCNJ11",2
"KCNJ16",2
"KCNN3",2
"KCNT1",2
"KIAA1324",2
"KIAA1522",2
"KIAA1598",2
"KIF13B",2
"KIF6",2
"KLHL14",2
"KLHL34",2
"KLHL35",2
"KLHL6",2
"KRT15",2
"KRTAP5-1",2
"KRTAP5-AS1",2
"KTN1-AS1",2
"L1TD1",2
"L3MBTL2",2
"LAMA3",2
"LAMB1",2
"LBH",2
"LCLAT1",2
"LDB2",2
"LDLRAD3",2
"LENG8",2
"LHFPL2",2
"LINC00311",2
"LINC00323",2
"LINC00393",2
"LINC00467",2
"LINC00578",2
"LINC00682",2
"LINC00838",2
"LINC00886",2
"LINC00997",2
"LINC01097",2
"LINC01135",2
"LINC01143",2
"LINC01169",2
"LINC01336",2
"LINC01344",2
"LINC01483",2
"LMCD1-AS1",2
"LRBA",2
"LRCH1",2
"LRFN3",2
"LRRC43",2
"LRRC61",2
"LRRN3",2
"LSM7",2
"LTB",2
"LTC4S",2
"LY6G6C",2
"LYL1",2
"LYPD1",2
"MAB21L1",2
"MACC1",2
"MAFK",2
"MAML1",2
"MAP3K9",2
"MAP7D1",2
"MAP7D2",2
"MAPK15",2
"MARK2",2
"MAT1A",2
"MBP",2
"MCF2L2",2
"MCM7",2
"MDGA1",2
"MEF2C",2
"MEF2C-AS1",2
"MEIS1-AS3",2
"METRN",2
"METTL9",2
"MEX3A",2
"MFAP2",2
"MFHAS1",2
"MFI2",2
"MFSD10",2
"MFSD12",2
"MIATNB",2
"MICAL2",2
"MICALL2",2
"MIEF1",2
"MIPEP",2
"MIR105-1",2
"MIR1-1HG",2
"MIR1228",2
"MIR1234",2
"MIR1249",2
"MIR1275",2
"MIR190B",2
"MIR1976",2
"MIR2117",2
"MIR3185",2
"MIR339",2
"MIR4761",2
"MIR584",2
"MIR6132",2
"MIR6773",2
"MIR6787",2
"MIR6891",2
"MIR770",2
"MMP15",2
"MPHOSPH9",2
"MPRIP",2
"MRPS31P2",2
"MS4A1",2
"MT1H",2
"MT1JP",2
"MTERF4",2
"MTMR11",2
"MTMR7",2
"MUC1",2
"MUC2",2
"MUC4",2
"MYCBP2",2
"MYLK",2
"MYLK3",2
"MYO18A",2
"MYO1C",2
"MYO1F",2
"MYO7A",2
"NAALADL1",2
"NADK",2
"NAPA",2
"NBEAL2",2
"NCALD",2
"NCF4",2
"NCK2",2
"NCKAP1L",2
"NCLN",2
"NCOA6",2
"NDUFS2",2
"NEBL-AS1",2
"NEFH",2
"NELL1",2
"NFAT5",2
"NFATC4",2
"NFKBIL1",2
"NFKBIZ",2
"NKAIN2",2
"NKAIN4",2
"NKX2-5",2
"NLK",2
"NLRC3",2
"NOSTRIN",2
"NOX3",2
"NR1D1",2
"NR2F1",2
"NR5A2",2
"NRM",2
"NRROS",2
"NRXN3",2
"NSMCE1",2
"NTM",2
"NUP210",2
"NXNL2",2
"OLIG3",2
"OPN3",2
"OR10J1",2
"OR10K2",2
"OR6Y1",2
"OR7E14P",2
"OSBPL1A",2
"OSBPL6",2
"OSTM1-AS1",2
"OTP",2
"OTX2",2
"OXER1",2
"P2RX5",2
"P2RY13",2
"P2RY14",2
"P2RY2",2
"PACSIN2",2
"PADI4",2
"PALLD",2
"PALM",2
"PALM2-AKAP2",2
"PALMD",2
"PAPOLB",2
"PARD6B",2
"PARD6G",2
"PARD6G-AS1",2
"PARN",2
"PARP15",2
"PARVA",2
"PASK",2
"PAX2",2
"PAX3",2
"PAX8-AS1",2
"PCDHGA12",2
"PCDHGC4",2
"PCDHGC5",2
"PCGF1",2
"PCGF3",2
"PCNT",2
"PCSK1",2
"PDGFB",2
"PDLIM3",2
"PEAR1",2
"PEBP4",2
"PEMT",2
"PEX10",2
"PFDN1",2
"PGAM1P5",2
"PGS1",2
"PIEZO1",2
"PIGX",2
"PIP4K2A",2
"PIPOX",2
"PITX2",2
"PLA2G4F",2
"PLCD3",2
"PLCD4",2
"PLD2",2
"PLD3",2
"PLEKHG4",2
"PLEKHG4B",2
"PLEKHH1",2
"PLXNB2",2
"PMEPA1",2
"PNMA2",2
"PNPLA1",2
"POU3F3",2
"POU4F2",2
"PPEF1",2
"PPEF1-AS1",2
"PPFIA3",2
"PRELP",2
"PREP",2
"PRICKLE2",2
"PRIMA1",2
"PRKD2",2
"PRKG1-AS1",2
"PROB1",2
"PROSER2",2
"PROSER2-AS1",2
"PROX1-AS1",2
"PRR26",2
"PRR36",2
"PRR5L",2
"PRRC2A",2
"PRRG2",2
"PRSS23",2
"PRUNE",2
"PRX",2
"PTDSS2",2
"PTGDR2",2
"PTGES3P2",2
"PTK6",2
"PTK7",2
"PTPRG-AS1",2
"PTPRN2",2
"PTPRU",2
"PVRL1",2
"RAB8B",2
"RABEP2",2
"RAD52",2
"RANGRF",2
"RAPGEF1",2
"RAPGEF5",2
"RAPGEF6",2
"RASGEF1A",2
"RAVER1",2
"RBPJL",2
"RCSD1",2
"REEP1",2
"REEP4",2
"REG1P",2
"REG3A",2
"REP15",2
"RER1",2
"RFTN1",2
"RFX4",2
"RGS20",2
"RGS3",2
"RHOBTB3",2
"RHOF",2
"RIPK4",2
"RN7SL36P",2
"RNF144B",2
"RNF145",2
"RNF220",2
"RNU6-406P",2
"RORC",2
"RP11-100E5.2",2
"RP11-103H7.5",2
"RP11-1042B17.3",2
"RP11-1060J15.4",2
"RP11-1072A3.3",2
"RP11-1136G11.8",2
"RP11-114L10.2",2
"RP11-122D10.1",2
"RP11-123B3.2",2
"RP11-131M11.3",2
"RP11-136C24.3",2
"RP11-139I14.2",2
"RP11-143I21.1",2
"RP11-144F15.1",2
"RP11-148B3.2",2
"RP11-157I4.4",2
"RP11-160O5.1",2
"RP11-162P23.2",2
"RP11-17A4.2",2
"RP11-193H5.1",2
"RP11-196H14.2",2
"RP11-22C11.2",2
"RP11-249C24.12",2
"RP11-260E18.1",2
"RP11-26L20.4",2
"RP11-284F21.7",2
"RP11-285E9.6",2
"RP11-297J22.1",2
"RP11-302L19.3",2
"RP11-302M6.4",2
"RP11-30K9.5",2
"RP11-33N16.3",2
"RP11-355N15.1",2
"RP11-357H14.17",2
"RP11-358D14.2",2
"RP11-363E6.3",2
"RP11-371F15.3",2
"RP11-394O4.5",2
"RP11-394O4.6",2
"RP11-403P17.4",2
"RP11-405F3.4",2
"RP11-420A23.1",2
"RP11-422N16.3",2
"RP11-429J17.5",2
"RP11-434I12.2",2
"RP11-440L14.1",2
"RP11-452H21.1",2
"RP11-45A17.4",2
"RP11-471B22.3",2
"RP11-479O17.7",2
"RP11-47I22.2",2
"RP11-480G7.2",2
"RP11-503C24.4",2
"RP11-507M3.1",2
"RP11-510C10.3",2
"RP11-539E17.5",2
"RP11-544M22.13",2
"RP11-550P17.5",2
"RP11-551L14.4",2
"RP11-554A11.8",2
"RP1-155D22.2",2
"RP11-560J1.2",2
"RP11-587D21.4",2
"RP11-5A19.5",2
"RP1-15D23.2",2
"RP11-65F13.3",2
"RP11-65J21.3",2
"RP11-665G4.1",2
"RP11-680F8.3",2
"RP11-685B14.3",2
"RP11-68I3.10",2
"RP11-700H6.2",2
"RP11-70C1.3",2
"RP11-714M23.2",2
"RP11-716O23.1",2
"RP11-805J14.3",2
"RP11-814P5.1",2
"RP11-830F9.6",2
"RP11-83B20.5",2
"RP11-855A2.5",2
"RP11-872D17.8",2
"RP11-896J10.3",2
"RP11-89K10.1",2
"RP1-18D14.7",2
"RP11-934B9.3",2
"RP11-955H22.1",2
"RP11-961A15.1",2
"RP11-964E11.2",2
"RP11-973D8.5",2
"RP13-516M14.1",2
"RP13-516M14.4",2
"RP13-539J13.1",2
"RP1-37C10.3",2
"RP1-41C23.1",2
"RP1-4G17.5",2
"RP1L1",2
"RP3-405J10.4",2
"RP3-455J7.4",2
"RP3-503A6.2",2
"RP4-533D7.6",2
"RP4-536B24.4",2
"RP4-576H24.4",2
"RP4-601P9.2",2
"RP4-712E4.1",2
"RP4-756G23.5",2
"RP4-800J21.3",2
"RP5-1136G13.2",2
"RP5-991G20.1",2
"RP6-65G23.3",2
"RPS6KL1",2
"S100A4",2
"S1PR5",2
"SALL3",2
"SARM1",2
"SBSPON",2
"SCGB2A1",2
"SCML4",2
"SCN1B",2
"SCNM1",2
"SCOC-AS1",2
"SDCCAG8",2
"SDF4",2
"SEC16A",2
"SEMA4A",2
"SERINC2",2
"SERPINB2",2
"SERPINB9",2
"SERTAD2",2
"SFT2D2",2
"SFTPD",2
"SGIP1",2
"SH2B2",2
"SH2D3C",2
"SH2D4A",2
"SH2D6",2
"SH3BGR",2
"SH3GLB2",2
"SH3TC2",2
"SHANK3",2
"SHBG",2
"SHCBP1L",2
"SHE",2
"SIK3",2
"SIPA1L1",2
"SIX3-AS1",2
"SKP1",2
"SLC15A4",2
"SLC16A6",2
"SLC1A2",2
"SLC22A18AS",2
"SLC25A10",2
"SLC25A21",2
"SLC25A25",2
"SLC25A3",2
"SLC25A35",2
"SLC2A14",2
"SLC37A3",2
"SLC38A3",2
"SLC38A7",2
"SLC43A3",2
"SLC52A2",2
"SLC7A5P1",2
"SLC8A2",2
"SLC8A3",2
"SLC9B2",2
"SLCO3A1",2
"SMG6",2
"SMIM15",2
"SMIM2-AS1",2
"SMIM5",2
"SMPD3",2
"SNAP25-AS1",2
"SNORD19",2
"SNORD19B",2
"SNX10",2
"SNX9",2
"SOD1",2
"SORBS3",2
"SOSTDC1",2
"SOX9-AS1",2
"SPNS3",2
"SPOCK2",2
"SPON2",2
"SPRED2",2
"SPTB",2
"SPTBN2",2
"SRC",2
"SRPK2",2
"SRRM3",2
"SSRP1",2
"SSTR1",2
"SSU72",2
"STARD10",2
"STIM1",2
"STK19",2
"STK32B",2
"STX19",2
"STX2",2
"SUCLG2",2
"SYCP2L",2
"SYN2",2
"SYNE2",2
"SYNGAP1",2
"SYT7",2
"TAF8",2
"TAS1R3",2
"TAX1BP3",2
"TBC1D16",2
"TBC1D19",2
"TBC1D2B",2
"TBC1D7",2
"TBPL2",2
"TC2N",2
"TCAM1P",2
"TCEA3",2
"TDRD10",2
"TEF",2
"TEPP",2
"TESK1",2
"TET3",2
"TFAP2B",2
"TGFB1I1",2
"TGFB3",2
"THOP1",2
"THRAP3",2
"TIE1",2
"TJP1",2
"TK1",2
"TK2",2
"TLR1",2
"TMEM131",2
"TMEM132B",2
"TMEM132E",2
"TMEM135",2
"TMEM154",2
"TMEM177",2
"TMEM220-AS1",2
"TMEM249",2
"TMEM51",2
"TMPRSS13",2
"TMPRSS4",2
"TMTC1",2
"TNF",2
"TNFAIP6",2
"TNNT1",2
"TNS3",2
"TOLLIP",2
"TOX3",2
"TPPP",2
"TPRG1",2
"TRA2B",2
"TRAF3IP1",2
"TRAF5",2
"TRAF6",2
"TRAPPC1",2
"TRAPPC3",2
"TRIM31-AS1",2
"TRIM36",2
"TRIM54",2
"TRPV1",2
"TRPV6",2
"TSC22D4",2
"TSPAN11",2
"TSPAN9-IT1",2
"TTC24",2
"TTC7A",2
"TTC9B",2
"TTLL8",2
"TUBGCP3",2
"TUFT1",2
"TULP1",2
"TXK",2
"U2AF1L4",2
"UBD",2
"UBR4",2
"UBTD1",2
"UBXN11",2
"UCHL1-AS1",2
"ULBP1",2
"UNC13D",2
"URAD",2
"USF2",2
"UTRN",2
"VAMP5",2
"VASN",2
"VAX1",2
"VCL",2
"VGLL4",2
"VSTM5",2
"VTI1A",2
"VWA5B2",2
"VWA7",2
"WDFY4",2
"WDR70",2
"WDR86",2
"WNT7B",2
"WTAPP1",2
"WTIP",2
"XAB2",2
"XKR4",2
"XXbac-BPG248L24.12",2
"XXYLT1-AS2",2
"YBX2",2
"YPEL2",2
"YY1AP1",2
"ZBED4",2
"ZBTB38",2
"ZEB2",2
"ZKSCAN7",2
"ZNF114",2
"ZNF296",2
"ZNF385B",2
"ZNF395",2
"ZNF503-AS1",2
"ZNF598",2
"ZNRF1",2
"ZP4",2
"ZSCAN12",2
"ZSCAN25",2
"A2M-AS1",1
"AACS",1
"AACSP1",1
"AADACL2-AS1",1
"AAGAB",1
"AANAT",1
"AB015752.3",1
"ABALON",1
"ABCA1",1
"ABCA13",1
"ABCB4",1
"ABCB9",1
"ABCC1",1
"ABCC12",1
"ABCC5",1
"ABCC8",1
"ABCC9",1
"ABCD1P4",1
"ABCD3",1
"ABHD1",1
"ABHD2",1
"ABHD8",1
"ABL1",1
"ABT1",1
"AC000124.1",1
"AC002066.1",1
"AC002310.14",1
"AC002539.1",1
"AC002550.5",1
"AC002985.3",1
"AC003088.1",1
"AC003956.1",1
"AC004066.3",1
"AC004231.2",1
"AC004485.3",1
"AC004490.1",1
"AC004754.3",1
"AC004837.3",1
"AC004837.4",1
"AC004899.3",1
"AC005037.3",1
"AC005041.11",1
"AC005042.4",1
"AC005042.5",1
"AC005154.6",1
"AC005262.2",1
"AC005592.2",1
"AC005786.7",1
"AC006369.2",1
"AC006486.9",1
"AC006538.4",1
"AC006548.28",1
"AC006994.3",1
"AC007163.6",1
"AC007216.1",1
"AC007277.3",1
"AC007365.1",1
"AC007392.3",1
"AC007743.1",1
"AC007879.5",1
"AC007899.3",1
"AC007950.2",1
"AC008697.1",1
"AC009120.4",1
"AC009133.12",1
"AC009237.8",1
"AC009411.2",1
"AC009531.2",1
"AC010136.2",1
"AC010145.4",1
"AC010525.1",1
"AC010894.5",1
"AC010904.1",1
"AC011294.3",1
"AC011499.1",1
"AC012360.6",1
"AC012442.5",1
"AC012501.2",1
"AC013275.2",1
"AC013436.6",1
"AC013472.3",1
"AC013472.4",1
"AC015849.2",1
"AC016739.2",1
"AC016994.2",1
"AC016995.3",1
"AC017060.1",1
"AC017104.6",1
"AC018712.2",1
"AC018731.3",1
"AC018755.16",1
"AC019181.2",1
"AC021660.1",1
"AC023137.2",1
"AC025263.3",1
"AC026956.1",1
"AC034187.2",1
"AC053503.4",1
"AC068831.3",1
"AC073283.4",1
"AC073343.13",1
"AC073934.6",1
"AC074286.1",1
"AC078842.4",1
"AC078883.3",1
"AC079305.8",1
"AC079610.1",1
"AC087884.1",1
"AC091729.7",1
"AC092159.2",1
"AC093117.1",1
"AC093323.3",1
"AC093702.1",1
"AC093822.1",1
"AC093887.1",1
"AC097374.2",1
"AC097662.2",1
"AC098617.1",1
"AC099754.1",1
"AC100830.3",1
"AC103563.8",1
"AC104532.2",1
"AC104532.4",1
"AC104655.3",1
"AC107016.1",1
"AC107218.3",1
"AC114730.2",1
"AC116366.5",1
"AC116609.2",1
"AC116609.3",1
"AC124861.1",1
"AC131097.4",1
"AC133633.2",1
"AC135048.13",1
"AC139100.4",1
"AC139887.4",1
"AC141586.5",1
"ACADVL",1
"ACAP1",1
"ACAP3",1
"ACIN1",1
"ACOT12",1
"ACOT8",1
"ACOX1",1
"ACP1",1
"ACP5",1
"ACSM1",1
"ACSM3",1
"ACSS3",1
"ACTA2",1
"ACTN3",1
"ACTN4",1
"ACTRT2",1
"ACVR1B",1
"ACVR2B",1
"ACVR2B-AS1",1
"ACY3",1
"AD000864.6",1
"ADAD2",1
"ADAM19",1
"ADAMTS12",1
"ADAMTS17",1
"ADAMTSL5",1
"ADAT1",1
"ADCK4",1
"ADCY2",1
"ADCY7",1
"ADCY8",1
"ADCYAP1",1
"ADCYAP1R1",1
"ADM2",1
"ADNP2",1
"ADORA1",1
"ADRA1A",1
"ADRA2A",1
"ADRB3",1
"AE000662.92",1
"AES",1
"AFAP1",1
"AFF1",1
"AFF4",1
"AFG3L1P",1
"AGAP6",1
"AGBL4",1
"AGER",1
"AGFG2",1
"AGK",1
"AGO4",1
"AGPAT1",1
"AGPAT6",1
"AGPS",1
"AGR3",1
"AGRP",1
"AGTRAP",1
"AHCTF1",1
"AHDC1",1
"AHSA2",1
"AIFM3",1
"AIG1",1
"AIM1",1
"AIRE",1
"AK2",1
"AK5",1
"AKAP13",1
"AKAP7",1
"AKIP1",1
"AKNAD1",1
"AL512384.1",1
"AL513523.2",1
"AL590226.1",1
"AL591893.1",1
"AL662791.1",1
"ALAS1",1
"ALCAM",1
"ALDH16A1",1
"ALDH2",1
"ALDOB",1
"ALK",1
"ALLC",1
"ALOX12-AS1",1
"ALOX12P2",1
"ALPK1",1
"ALPK3",1
"AMPD2",1
"AMPH",1
"ANAPC4",1
"ANG",1
"ANGPT1",1
"ANGPTL2",1
"ANK1",1
"ANK2",1
"ANKEF1",1
"ANKFY1",1
"ANKLE2",1
"ANKRD13A",1
"ANKRD13D",1
"ANKRD23",1
"ANKRD30A",1
"ANKRD33B",1
"ANKRD37",1
"ANKRD39",1
"ANKRD44",1
"ANKRD53",1
"ANKRD9",1
"ANKS1A",1
"ANO1-AS2",1
"ANO4",1
"ANP32AP1",1
"ANXA4",1
"ANXA6",1
"AP000344.4",1
"AP000347.2",1
"AP000438.2",1
"AP000439.2",1
"AP000479.1",1
"AP000697.6",1
"AP001273.1",1
"AP001439.2",1
"AP004782.1",1
"AP1B1",1
"AP1M2",1
"APIP",1
"APOA1",1
"APOA5",1
"APOBEC1",1
"APOBEC4",1
"APOF",1
"APOPT1",1
"AQP1",1
"AQP4",1
"AR",1
"ARAP2",1
"ARG2",1
"ARHGAP15",1
"ARHGAP26",1
"ARHGAP28",1
"ARHGAP32",1
"ARHGAP4",1
"ARHGAP42",1
"ARHGDIA",1
"ARHGEF11",1
"ARHGEF15",1
"ARHGEF17",1
"ARHGEF2",1
"ARHGEF25",1
"ARHGEF28",1
"ARHGEF38",1
"ARID3C",1
"ARL2",1
"ARL2-SNX15",1
"ARL5C",1
"ARL9",1
"ARMC4",1
"ARPC2",1
"ARRB1",1
"ARSD",1
"ARSF",1
"ASAH1",1
"ASAH2B",1
"ASAP3",1
"ASB13",1
"ASB4",1
"ASB5",1
"ASCC2",1
"ASH1L",1
"ASH1L-AS1",1
"ASIC2",1
"ASPRV1",1
"ASPSCR1",1
"ASRGL1",1
"ASTL",1
"ATF6",1
"ATF7",1
"ATG16L1",1
"ATG7",1
"ATP10D",1
"ATP1A2",1
"ATP1B1",1
"ATP2B4",1
"ATP4A",1
"ATP6V0D2",1
"ATP6V0E2",1
"ATP6V1G2-DDX39B",1
"ATP6V1H",1
"ATP8A1",1
"ATP8B1",1
"ATPAF2",1
"ATXN7",1
"AURKAIP1",1
"AUTS2",1
"AZIN2",1
"B2M",1
"B3GNT2",1
"B3GNT3",1
"B3GNT4",1
"B3GNT9",1
"B4GALNT4",1
"B4GALT4",1
"B4GALT4-AS1",1
"B4GALT6",1
"B4GAT1",1
"BABAM1",1
"BACH1",1
"BAD",1
"BAG3",1
"BAG6",1
"BAHCC1",1
"BAI1",1
"BC040587",1
"BCKDHA",1
"BCL11A",1
"BCL2L1",1
"BCL9",1
"BCO1",1
"BCRP3",1
"BDKRB1",1
"BDKRB2",1
"BEND6",1
"BHLHB9",1
"BHLHE40-AS1",1
"BICC1",1
"BMP6",1
"BMPER",1
"BOC",1
"BOLA1",1
"BOLL",1
"BPHL",1
"BRAP",1
"BRAT1",1
"BRD9",1
"BRI3",1
"BRINP2",1
"BRSK2",1
"BTBD16",1
"BTBD18",1
"BTBD2",1
"BTBD3",1
"BTBD7",1
"BUB1B",1
"BUB3",1
"BX322557.10",1
"BZW1",1
"BZW1P2",1
"C10orf54",1
"C11orf49",1
"C11orf80",1
"C11orf94",1
"C11orf95",1
"C12orf79",1
"C14orf159",1
"C14orf80",1
"C15orf26",1
"C15orf52",1
"C15orf54",1
"C15orf56",1
"C16orf58",1
"C16orf62",1
"C16orf72",1
"C16orf74",1
"C16orf82",1
"C19orf12",1
"C19orf38",1
"C19orf68",1
"C19orf80",1
"C1orf110",1
"C1orf116",1
"C1orf127",1
"C1orf140",1
"C1orf141",1
"C1orf168",1
"C1orf194",1
"C1orf220",1
"C1orf233",1
"C1orf64",1
"C1QC",1
"C1QTNF7",1
"C1QTNF9B-AS1",1
"C1S",1
"C2CD4A",1
"C2CD4B",1
"C2orf54",1
"C2orf61",1
"C2orf72",1
"C2orf82",1
"C3AR1",1
"C3orf14",1
"C3orf30",1
"C3orf36",1
"C3orf79",1
"C3orf80",1
"C3P1",1
"C4orf19",1
"C4orf26",1
"C5orf34",1
"C5orf63",1
"C5orf66-AS1",1
"C6orf106",1
"C7orf25",1
"C7orf49",1
"C7orf73",1
"C8orf49",1
"C9orf117",1
"C9orf129",1
"C9orf64",1
"CA10",1
"CA3",1
"CA5BP1",1
"CA7",1
"CABIN1",1
"CACFD1",1
"CACNA1A",1
"CACNA1C",1
"CACNA1E",1
"CACNA1G",1
"CACNA2D1",1
"CACNB1",1
"CACNG8",1
"CACTIN-AS1",1
"CACUL1",1
"CACYBPP3",1
"CADPS",1
"CALCR",1
"CALD1",1
"CALHM3",1
"CALML3-AS1",1
"CALML5",1
"CAMK2B",1
"CAMKK2",1
"CAMKMT",1
"CAMP",1
"CAMSAP3",1
"CAMTA2",1
"CAPN2",1
"CAPN3",1
"CAPZB",1
"CARD11",1
"CARD8",1
"CARHSP1",1
"CARS",1
"CASC4P1",1
"CASP16",1
"CASP6",1
"CASP7",1
"CASR",1
"CAV2",1
"CAV3",1
"CBLC",1
"CBLN2",1
"CBR4",1
"CBX7",1
"CCDC108",1
"CCDC109B",1
"CCDC125",1
"CCDC126",1
"CCDC129",1
"CCDC137",1
"CCDC144NL-AS1",1
"CCDC148",1
"CCDC152",1
"CCDC162P",1
"CCDC171",1
"CCDC173",1
"CCDC174",1
"CCDC183",1
"CCDC183-AS1",1
"CCDC26",1
"CCDC33",1
"CCDC40",1
"CCDC42",1
"CCDC60",1
"CCDC69",1
"CCDC74B",1
"CCDC85A",1
"CCDC88B",1
"CCDC88C",1
"CCDC91",1
"CCER1",1
"CCL11",1
"CCL17",1
"CCL25",1
"CCL5",1
"CCM2L",1
"CCND2-AS1",1
"CCND2-AS2",1
"CCNK",1
"CCR10",1
"CCR4",1
"CCSER1",1
"CD160",1
"CD180",1
"CD19",1
"CD2",1
"CD200R1",1
"CD33",1
"CD34",1
"CD37",1
"CD3D",1
"CD3EAP",1
"CD3G",1
"CD46",1
"CD5",1
"CD72",1
"CD74",1
"CD79A",1
"CD93",1
"CDC14C",1
"CDC16",1
"CDC42",1
"CDC42EP4",1
"CDH22",1
"CDH26",1
"CDHR2",1
"CDHR3",1
"CDIP1",1
"CDK10",1
"CDK5RAP1",1
"CDKN3",1
"CDRT4",1
"CDS1",1
"CDSN",1
"CDX4",1
"CEACAM16",1
"CEACAM20",1
"CEBPE",1
"CELF4",1
"CELSR2",1
"CEMIP",1
"CENPT",1
"CEP112",1
"CEP162",1
"CEP57L1",1
"CEP68",1
"CERKL",1
"CERS4",1
"CETN1",1
"CFAP43",1
"CFAP54",1
"CFAP61",1
"CFAP97",1
"CFDP1",1
"CFLAR",1
"CGB7",1
"CHAC1",1
"CHCHD5",1
"CHCHD6",1
"CHID1",1
"CHMP1A",1
"CHMP1AP1",1
"CHMP4BP1",1
"CHPF",1
"CHRM1",1
"CHRM3",1
"CHST1",1
"CHST11",1
"CHST12",1
"CHST2",1
"CHST8",1
"CHST9",1
"CHSY1",1
"CHURC1",1
"CIB3",1
"CIB4",1
"CIRH1A",1
"CISD3",1
"CISH",1
"CKLF-CMTM1",1
"CLCNKB",1
"CLDN11",1
"CLDN12",1
"CLDN15",1
"CLDN25",1
"CLIC1",1
"CLIP2",1
"CLIP4",1
"CLK3",1
"CLN5",1
"CLRN3",1
"CLSTN2",1
"CLUAP1",1
"CLUH",1
"CMBL",1
"CMTM1",1
"CMTM7",1
"CNBD2",1
"CNGB1",1
"CNKSR2",1
"CNN2",1
"CNN3",1
"CNNM1",1
"CNNM2",1
"CNOT8",1
"CNPY4",1
"CNTN5",1
"COBLL1",1
"COG2",1
"COG7",1
"COG8",1
"COL11A1",1
"COL11A2",1
"COL17A1",1
"COL1A1",1
"COL20A1",1
"COL26A1",1
"COL28A1",1
"COL4A1",1
"COL4A2",1
"COL4A3",1
"COL5A1",1
"COL5A2",1
"COL6A5",1
"COL6A6",1
"COL9A2",1
"COLEC10",1
"COLEC11",1
"COMMD7",1
"COMTD1",1
"COPS4",1
"CORIN",1
"CORO1C",1
"CORO2A",1
"COTL1",1
"COX17",1
"CPA3",1
"CPA5",1
"CPEB1",1
"CPEB1-AS1",1
"CPEB3",1
"CPQ",1
"CPVL",1
"CRADD",1
"CRAMP1L",1
"CREB3L2",1
"CREB5",1
"CRELD2",1
"CRHR2",1
"CRIM1",1
"CRIP1",1
"CROCC",1
"CRTC2",1
"CRX",1
"CRYBB3",1
"CRYGD",1
"CRYM",1
"CSDAP1",1
"CSF1R",1
"CSGALNACT1",1
"CSMD2",1
"CSMD3",1
"CSNK1G2",1
"CSNK2B",1
"CST13P",1
"CT45A1",1
"CTA-292E10.6",1
"CTA-292E10.9",1
"CTA-398F10.2",1
"CTB-111H14.1",1
"CTB-118N6.2",1
"CTB-133G6.1",1
"CTB-133G6.2",1
"CTB-13L3.1",1
"CTB-140J7.2",1
"CTB-147C22.9",1
"CTB-158D10.3",1
"CTB-158E9.2",1
"CTB-164N12.1",1
"CTB-175E5.7",1
"CTB-35F21.1",1
"CTB-49A3.5",1
"CTB-55O6.12",1
"CTB-55O6.8",1
"CTB-57H20.1",1
"CTB-59C6.3",1
"CTB-61M7.1",1
"CTBP1",1
"CTBP1-AS",1
"CTC-203F4.2",1
"CTC-231O11.1",1
"CTC-260F20.3",1
"CTC-264K15.6",1
"CTC-270D5.2",1
"CTC-297N7.9",1
"CTC-301O7.4",1
"CTC-338M12.4",1
"CTC-430J12.2",1
"CTC-435M10.3",1
"CTC-436P18.3",1
"CTC-455F18.1",1
"CTC-458I2.2",1
"CTC-467M3.3",1
"CTC-479C5.12",1
"CTC-490E21.12",1
"CTC-526N19.1",1
"CTC-529G1.1",1
"CTC-537E7.3",1
"CTD-2001E22.1",1
"CTD-2001J20.1",1
"CTD-2006M22.2",1
"CTD-2007A10.1",1
"CTD-2020K17.4",1
"CTD-2026D20.2",1
"CTD-2050E21.2",1
"CTD-2089N3.2",1
"CTD-2089N3.3",1
"CTD-2095E4.5",1
"CTD-2128A3.2",1
"CTD-2135D7.2",1
"CTD-2139B15.1",1
"CTD-2168K21.1",1
"CTD-2175A23.1",1
"CTD-2201E18.5",1
"CTD-2207O23.3",1
"CTD-2270F17.1",1
"CTD-2277K2.1",1
"CTD-2278I10.4",1
"CTD-2278I10.6",1
"CTD-2284J15.1",1
"CTD-2311M21.5",1
"CTD-2319I12.5",1
"CTD-2330K9.2",1
"CTD-2335A18.2",1
"CTD-2357A8.3",1
"CTD-2370N5.3",1
"CTD-2377D24.4",1
"CTD-2377D24.6",1
"CTD-2383M3.1",1
"CTD-2503O16.4",1
"CTD-2516F10.2",1
"CTD-2517M22.14",1
"CTD-2523D13.1",1
"CTD-2527I21.5",1
"CTD-2529O21.2",1
"CTD-2532K18.1",1
"CTD-2544M6.1",1
"CTD-2545H1.2",1
"CTD-2547L16.1",1
"CTD-2552K11.2",1
"CTD-2554C21.1",1
"CTD-2555A7.2",1
"CTD-2555O16.2",1
"CTD-2561B21.4",1
"CTD-2574D22.6",1
"CTD-2583A14.10",1
"CTD-2589M5.4",1
"CTD-2619J13.19",1
"CTD-2619J13.8",1
"CTD-2622I13.3",1
"CTD-2647L4.1",1
"CTD-3046C4.1",1
"CTD-3060P21.1",1
"CTD-3074O7.2",1
"CTD-3088G3.8",1
"CTD-3094K11.1",1
"CTD-3131K8.2",1
"CTD-3148I10.9",1
"CTD-3187F8.14",1
"CTD-3193K9.3",1
"CTD-3193K9.4",1
"CTD-3193O13.1",1
"CTD-3253I12.1",1
"CTGLF10P",1
"CTNNA1",1
"CTNND2",1
"CTPS2",1
"CTSB",1
"CUEDC1",1
"CUL9",1
"CXCL16",1
"CXorf65",1
"CXXC1",1
"CYB561",1
"CYB5D2",1
"CYP26B1",1
"CYP2A6",1
"CYP2A7",1
"CYP2C18",1
"CYP2F1",1
"CYP4F11",1
"CYP4F23P",1
"CYP4F36P",1
"CYTH1",1
"CYTH3",1
"CYTIP",1
"DACT2",1
"DAGLB",1
"DAP",1
"DAP3",1
"DAPL1",1
"DAPP1",1
"DAZAP1",1
"DBN1",1
"DBX1",1
"DCAF12L1",1
"DCAF17",1
"DCAF5",1
"DCANP1",1
"DCDC2C",1
"DCHS1",1
"DCLK1",1
"DCP1A",1
"DDIT4L",1
"DDX10",1
"DDX17",1
"DDX39B",1
"DEDD",1
"DEF8",1
"DEFB107A",1
"DEFB118",1
"DEFB121",1
"DEFB136",1
"DENND1A",1
"DEPDC7",1
"DEPTOR",1
"DFNB31",1
"DGKB",1
"DGKH",1
"DHRS3",1
"DHRS4",1
"DHRS4-AS1",1
"DHRS7B",1
"DHX15",1
"DIAPH1",1
"DIAPH2",1
"DIAPH2-AS1",1
"DIO3",1
"DIO3OS",1
"DIP2B",1
"DISC1",1
"DLG4",1
"DLGAP5",1
"DMWD",1
"DMXL1",1
"DNAH10OS",1
"DNAH14",1
"DNAH17",1
"DNAH3",1
"DNAJB6",1
"DNAJC22",1
"DNAJC3",1
"DNAJC3-AS1",1
"DNAJC5B",1
"DNAJC5G",1
"DNASE1",1
"DND1P1",1
"DNER",1
"DNM1",1
"DNMBP-AS1",1
"DNPEP",1
"DOC2A",1
"DOCK11",1
"DOCK4",1
"DOCK5",1
"DOCK8",1
"DOK5",1
"DPEP2",1
"DPH6",1
"DPY19L2P2",1
"DPYS",1
"DRAM1",1
"DSC1",1
"DSC2",1
"DSCAML1",1
"DSCAS",1
"DSTN",1
"DSTYK",1
"DTNBP1",1
"DUSP10",1
"DUSP13",1
"DUSP28",1
"DUSP4",1
"DUSP7",1
"DUSP8",1
"DUT",1
"DYDC2",1
"DYNC1I1",1
"DZIP1",1
"E4F1",1
"EBF1",1
"EBF2",1
"ECI1",1
"EDARADD",1
"EDC3",1
"EDEM3",1
"EDN3",1
"EEFSEC",1
"EEPD1",1
"EFCAB13",1
"EFCAB14P1",1
"EFCC1",1
"EFEMP2",1
"EFNA3",1
"EFR3B",1
"EGFEM1P",1
"EGFLAM",1
"EHBP1",1
"EHBP1L1",1
"EHD4",1
"EHMT1",1
"EHMT1-IT1",1
"EIF2AK1",1
"EIF2AK2",1
"EIF3K",1
"EIF4E",1
"ELL2",1
"ELL3",1
"ELMO1",1
"ELMOD3",1
"ELMSAN1",1
"ELOVL2",1
"ELOVL2-AS1",1
"ELOVL5",1
"ELTD1",1
"EMP3",1
"ENO4",1
"ENPP6",1
"ENY2",1
"EPB41L4A",1
"EPHA10",1
"EPHA1-AS1",1
"EPHX4",1
"EPN3",1
"EPPK1",1
"EPS8",1
"EPT1",1
"ERC1",1
"ERCC4",1
"ERCC6",1
"ERG",1
"ERLIN1",1
"ERMN",1
"ERP27",1
"ESAM",1
"ESD",1
"ESRG",1
"ESRRAP2",1
"ETV1",1
"ETV2",1
"ETV7",1
"EVA1C",1
"EVI2B",1
"EVPLL",1
"EVX2",1
"EWSAT1",1
"EXOC3L4",1
"EXOC6B",1
"EXOSC10",1
"EYS",1
"EZR",1
"F11-AS1",1
"F11R",1
"FAAH2",1
"FAM105A",1
"FAM107A",1
"FAM107B",1
"FAM114A1",1
"FAM120B",1
"FAM124A",1
"FAM129A",1
"FAM129B",1
"FAM129C",1
"FAM132A",1
"FAM133CP",1
"FAM134A",1
"FAM13A",1
"FAM155B",1
"FAM159A",1
"FAM171A1",1
"FAM177A1P1",1
"FAM179A",1
"FAM183CP",1
"FAM184B",1
"FAM192A",1
"FAM193A",1
"FAM193B",1
"FAM198A",1
"FAM207A",1
"FAM208B",1
"FAM213A",1
"FAM214A",1
"FAM216B",1
"FAM219A",1
"FAM3D",1
"FAM46C",1
"FAM49B",1
"FAM53B",1
"FAM64A",1
"FAM65A",1
"FAM65C",1
"FAM69B",1
"FAM73B",1
"FAM78A",1
"FAM83E",1
"FAM83G",1
"FAM8A3P",1
"FAM90A8P",1
"FARP1",1
"FASTK",1
"FBLIM1",1
"FBN1",1
"FBN2",1
"FBP2",1
"FBRS",1
"FBXL14",1
"FBXL18",1
"FBXL19",1
"FBXL8",1
"FBXO34",1
"FBXO6",1
"FCER2",1
"FCGR2B",1
"FCGRT",1
"FCRL3",1
"FCRL5",1
"FDFT1",1
"FEM1AP3",1
"FERD3L",1
"FEZF1",1
"FEZF1-AS1",1
"FGD6",1
"FGF12",1
"FGF17",1
"FGF19",1
"FGF22",1
"FGFBP1",1
"FGFR1OP2",1
"FGFR3",1
"FGFRL1",1
"FGG",1
"FHL2",1
"FHOD3",1
"FKRP",1
"FLJ31356",1
"FLYWCH1",1
"FNBP1P1",1
"FNDC4",1
"FNIP1",1
"FNTB",1
"FOSL1",1
"FOXD2-AS1",1
"FOXF1",1
"FRMD8",1
"FSIP1",1
"FSTL1",1
"FSTL4",1
"FTCDNL1",1
"FTHL17",1
"FXR1",1
"FXYD2",1
"FXYD5",1
"FZD4",1
"G6PD",1
"GAB1",1
"GAB2",1
"GAB4",1
"GABARAPL3",1
"GABRA6",1
"GABRB2",1
"GABRE",1
"GABRG3",1
"GABRP",1
"GAD1",1
"GAK",1
"GALC",1
"GALK1",1
"GALNT14",1
"GALNT18",1
"GALNT2",1
"GALNT3",1
"GALNT7",1
"GALR2",1
"GAPDHP22",1
"GARNL3",1
"GAS2",1
"GAS2L3",1
"GBA3",1
"GBX1",1
"GCKR",1
"GCLC",1
"GCM1",1
"GCM2",1
"GCNT2",1
"GDAP1",1
"GDAP1L1",1
"GDF15",1
"GDF5",1
"GDF5OS",1
"GDPD1",1
"GGT1",1
"GHDC",1
"GHRHR",1
"GIPC2",1
"GJB1",1
"GJB7",1
"GJC2",1
"GLB1L2",1
"GLDN",1
"GLIS1",1
"GLUD1",1
"GLUL",1
"GM2A",1
"GNA11",1
"GNAI2",1
"GNAQ",1
"GNAS-AS1",1
"GNG2",1
"GOLT1A",1
"GPANK1",1
"GPC6",1
"GPCPD1",1
"GPM6B",1
"GPR107",1
"GPR126",1
"GPR132",1
"GPR137",1
"GPR157",1
"GPR176",1
"GPR18",1
"GPR25",1
"GPR37L1",1
"GPR56",1
"GPR84",1
"GPR98",1
"GPRASP2",1
"GPSM1",1
"GPX2",1
"GPX5",1
"GPX6",1
"GRAMD1B",1
"GRAP2",1
"GRASP",1
"GRB10",1
"GREM2",1
"GRHL1",1
"GRIA1",1
"GRID2IP",1
"GRIK1",1
"GRIK1-AS1",1
"GRIK4",1
"GRK5",1
"GRK6P1",1
"GRM4",1
"GS1-115G20.1",1
"GS1-279B7.1",1
"GSAP",1
"GSC",1
"GSG1",1
"GSN-AS1",1
"GSPT1",1
"GSTO1",1
"GSTZ1",1
"GUCY2D",1
"GUF1",1
"GULOP",1
"GUSBP10",1
"GUSBP11",1
"GYG1",1
"GYPC",1
"H19_1",1
"H1F0",1
"H2AFY",1
"H2AFZP3",1
"H3F3B",1
"H6PD",1
"HAGLR",1
"HAND2",1
"HAND2-AS1",1
"HBQ1",1
"HCCAT5",1
"HCG16",1
"HCG4P11",1
"HCRTR2",1
"HCST",1
"HDAC8",1
"HEATR5A",1
"HECW1",1
"HELLPAR",1
"HELZ",1
"HEPACAM2",1
"HEPN1",1
"HERC1",1
"HERC3",1
"HES2",1
"HEY2",1
"HFE2",1
"HHAT",1
"HID1-AS1",1
"HIGD1A",1
"HILS1",1
"HIPK1",1
"HIST1H4L",1
"HIST2H2AB",1
"HK2",1
"HLA-DMA",1
"HLA-DRB5",1
"HLA-F-AS1",1
"HLF",1
"HMBOX1",1
"HMG20A",1
"HMG20B",1
"HMGA1",1
"HMGB1P21",1
"HMGB2",1
"HMGN1P4",1
"HMGN2P20",1
"HMGN2P46",1
"HMGN3",1
"HMGN3-AS1",1
"HMHB1",1
"HMP19",1
"HNF1B",1
"HNRNPA0",1
"HNRNPD",1
"HNRNPM",1
"HNRNPU",1
"HNRNPUL1",1
"HOGA1",1
"HOMER1",1
"HOMER3",1
"HOOK1",1
"HORMAD2",1
"HORMAD2-AS1",1
"HOTAIR_4",1
"HOTAIRM1",1
"HOTAIRM1_1",1
"HOTTIP",1
"HOTTIP_3",1
"HOXA1",1
"HOXA7",1
"HOXB6",1
"HOXC8",1
"HOXC-AS3",1
"HPCAL1",1
"HPDL",1
"HPX",1
"HR",1
"HRAS",1
"HRC",1
"HRCT1",1
"HS3ST1",1
"HS3ST3A1",1
"HS6ST2",1
"HSD17B12",1
"HSD17B14",1
"HSPA2",1
"HSPA6",1
"HSPB2",1
"HSPBP1",1
"HTR5A",1
"HTR5A-AS1",1
"HTR7",1
"HYAL2",1
"HYDIN",1
"HYMAI",1
"IAPP",1
"ICK",1
"ICT1",1
"ID3",1
"IDH3A",1
"IDI2",1
"IDI2-AS1",1
"IDUA",1
"IFITM10",1
"IFITM5",1
"IFNL1",1
"IFRD1",1
"IFT46",1
"IGDCC3",1
"IGF1R",1
"IGF2-AS",1
"IGF2BP2",1
"IGF2BP3",1
"IGFBP7-AS1",1
"IGHG1",1
"IGHG3",1
"IGHV5-78",1
"IGKV2D-29",1
"IGSF11",1
"IGSF6",1
"IKBKG",1
"IL10RB-AS1",1
"IL12A",1
"IL12RB1",1
"IL17RA",1
"IL17RE",1
"IL18RAP",1
"IL19",1
"IL1R1",1
"IL31",1
"IL32",1
"IL36B",1
"IL36RN",1
"IL4R",1
"IL6R",1
"INCA1",1
"INPP4A",1
"INS",1
"INSRR",1
"INTS3",1
"IPO9-AS1",1
"IQCA1",1
"IQCC",1
"IQGAP1",1
"IQSEC3",1
"IRS1",1
"IRX3",1
"ISCU",1
"ISG20",1
"ITFG3",1
"ITGA2",1
"ITGA4",1
"ITGA9",1
"ITGA9-AS1",1
"ITGAE",1
"ITGAL",1
"ITGB2-AS1",1
"ITGB5-AS1",1
"ITIH4",1
"ITIH5",1
"ITPKB-IT1",1
"ITPKC",1
"ITPR1",1
"ITSN2",1
"IVD",1
"IZUMO2",1
"JAK1",1
"JAKMIP2",1
"JMJD7",1
"JMJD8",1
"JPH1",1
"JPH4",1
"JRK",1
"KANK4",1
"KANSL3",1
"KAT8",1
"KAZALD1",1
"KB-1471A8.1",1
"KB-1572G7.2",1
"KB-1615E4.2",1
"KB-1930G5.4",1
"KBTBD11-OT1",1
"KCNAB1",1
"KCNAB2",1
"KCNB1",1
"KCNC1",1
"KCNG3",1
"KCNH1",1
"KCNIP1",1
"KCNIP2",1
"KCNIP3",1
"KCNJ10",1
"KCNJ2",1
"KCNJ3",1
"KCNJ8",1
"KCNK10",1
"KCNK16",1
"KCNK5",1
"KCNMB1",1
"KCNMB3",1
"KCNN1",1
"KCNQ3",1
"KCNQ4",1
"KCNQ5",1
"KCNS1",1
"KCNS2",1
"KCNS3",1
"KCP",1
"KCTD14",1
"KCTD16",1
"KCTD6",1
"KCTD7",1
"KDF1",1
"KDM2A",1
"KDR",1
"KIAA0020",1
"KIAA0195",1
"KIAA0226L",1
"KIAA0586",1
"KIAA1024",1
"KIAA1033",1
"KIAA1147",1
"KIAA1161",1
"KIAA1257",1
"KIAA1429",1
"KIAA1467",1
"KIAA1549",1
"KIAA1549L",1
"KIAA1614",1
"KIAA1919",1
"KIF1C",1
"KIF21B",1
"KIF24",1
"KIF26B",1
"KIF3B",1
"KIF5B",1
"KIR3DL1",1
"KIRREL2",1
"KITLG",1
"KLC1",1
"KLC4",1
"KLF16",1
"KLF2",1
"KLF3",1
"KLF3-AS1",1
"KLHDC2",1
"KLHDC8B",1
"KLHL18",1
"KLHL21",1
"KLHL23",1
"KLHL26",1
"KLHL29",1
"KLHL30",1
"KLHL36",1
"KLHL38",1
"KLK11",1
"KLK9",1
"KLKB1",1
"KLLN",1
"KLRG2",1
"KMT2D",1
"KMT2E",1
"KNOP1",1
"KRAS",1
"KRBA2",1
"KRBOX1",1
"KREMEN2",1
"KRI1",1
"KRT16",1
"KRT16P4",1
"KRT17",1
"KRT222",1
"KRT39",1
"KRT80",1
"KRT85",1
"KRTAP13-2",1
"KRTAP20-4",1
"KRTAP3-1",1
"KRTAP3-2",1
"KRTDAP",1
"KSR1",1
"KSR2",1
"KY",1
"LA16c-306E5.3",1
"LA16c-313D11.13",1
"LA16c-329F2.1",1
"LA16c-380H5.3",1
"LA16c-380H5.4",1
"LAMC1",1
"LAMP3",1
"LAMP5",1
"LARP4",1
"LARS2",1
"LASP1",1
"LAX1",1
"LAYN",1
"LBP",1
"LBX2",1
"LCAT",1
"LCE3E",1
"LCN8",1
"LCNL1",1
"LCP1",1
"LCP2",1
"LDB3",1
"LDHAL6A",1
"LDHD",1
"LECT1",1
"LEF1-AS1",1
"LEKR1",1
"LEMD1",1
"LEMD2",1
"LENG8-AS1",1
"LETM1",1
"LETMD1",1
"LGALS2",1
"LGALS7B",1
"LGALS9C",1
"LGMN",1
"LGR4",1
"LHCGR",1
"LHFPL1",1
"LHX4-AS1",1
"LIG1",1
"LIM2",1
"LIMK2",1
"LIMS1",1
"LINC00092",1
"LINC00229",1
"LINC00237",1
"LINC00239",1
"LINC00299",1
"LINC00390",1
"LINC00461",1
"LINC00466",1
"LINC00469",1
"LINC00482",1
"LINC00483",1
"LINC00504",1
"LINC00505",1
"LINC00506",1
"LINC00511",1
"LINC00523",1
"LINC00524",1
"LINC00535",1
"LINC00539",1
"LINC00554",1
"LINC00567",1
"LINC00605",1
"LINC00612",1
"LINC00619",1
"LINC00657",1
"LINC00672",1
"LINC00698",1
"LINC00710",1
"LINC00852",1
"LINC00864",1
"LINC00880",1
"LINC00901",1
"LINC00926",1
"LINC01016",1
"LINC01030",1
"LINC01089",1
"LINC01091",1
"LINC01096",1
"LINC01105",1
"LINC01107",1
"LINC01140",1
"LINC01158",1
"LINC01170",1
"LINC01183",1
"LINC01207",1
"LINC01234",1
"LINC01252",1
"LINC01276",1
"LINC01299",1
"LINC01300",1
"LINC01331",1
"LINC01381",1
"LINC01385",1
"LINC01391",1
"LINC01398",1
"LINC01405",1
"LINC01470",1
"LINC01473",1
"LINC01475",1
"LINC01513",1
"LINC01517",1
"LINC01551",1
"LINC01588",1
"LIPE",1
"LL09NC01-251B2.3",1
"LL22NC03-86G7.1",1
"LLGL2",1
"LMAN2",1
"LMCD1",1
"LMF1",1
"LMNA",1
"LMNB2",1
"LMOD3",1
"LNX1",1
"LNX1-AS2",1
"LONP1",1
"LOXHD1",1
"LOXL1",1
"LPA",1
"LPAR3",1
"LPAR5",1
"LPCAT3",1
"LPHN1",1
"LPHN2",1
"LPHN3",1
"LPIN1",1
"LRAT",1
"LRFN1",1
"LRP11",1
"LRP2BP",1
"LRRC1",1
"LRRC15",1
"LRRC16A",1
"LRRC17",1
"LRRC24",1
"LRRC26",1
"LRRC36",1
"LRRC38",1
"LRRC63",1
"LRRC74A",1
"LRRC8C",1
"LRRC8D",1
"LRRC8E",1
"LRRK1",1
"LRRN4CL",1
"LRTM1",1
"LRTM2",1
"LSMEM1",1
"LTB4R",1
"LTBP1",1
"LURAP1L-AS1",1
"LUZP2",1
"LYN",1
"LYPD3",1
"LYPD5",1
"LYPD6",1
"LYRM4",1
"LYVE1",1
"M1AP",1
"MAB21L2",1
"MACROD2",1
"MAFG",1
"MAFG-AS1",1
"MAGEA10",1
"MAGI3",1
"MAML2",1
"MAN1C1",1
"MANF",1
"MAOA",1
"MAP1S",1
"MAP2K2",1
"MAP3K1",1
"MAP3K14",1
"MAP3K14-AS1",1
"MAP3K3",1
"MAP4K2",1
"MAPK1",1
"MAPK8",1
"MAPK8IP3",1
"MAPKAPK2",1
"MAPKBP1",1
"MAPRE3",1
"MAPT",1
"MAPT-AS1",1
"MARCH10",1
"MARCH8",1
"MARVELD3",1
"MASP1",1
"MAST1",1
"MAST3",1
"MBD1",1
"MBNL1-AS1",1
"MCM3AP",1
"MCM6",1
"MCRS1",1
"ME3",1
"MECOM",1
"MED11",1
"MED16",1
"MED27",1
"MEF2B",1
"MEF2BNB-MEF2B",1
"MEG9",1
"MEGF11",1
"MEIG1",1
"MEOX1",1
"MERTK",1
"MESDC2",1
"MESTIT1_2",1
"Metazoa_SRP",1
"METTL24",1
"METTL8",1
"MEX3B",1
"MEX3D",1
"MFI2-AS1",1
"MFNG",1
"MFSD3",1
"MFSD7",1
"MGAM",1
"MGAT3",1
"MGAT4B",1
"MGC27382",1
"MGMT",1
"MIA3",1
"MICAL1",1
"MICB",1
"MID1",1
"MIEN1",1
"MIER3",1
"MINK1",1
"MINOS1",1
"MINOS1-NBL1",1
"MIOX",1
"MIR10B",1
"MIR1199",1
"MIR1227",1
"MIR1238",1
"MIR181D",1
"MIR184",1
"MIR1914",1
"MIR208B",1
"MIR224",1
"MIR30E",1
"MIR3189",1
"MIR3622B",1
"MIR365A",1
"MIR3677",1
"MIR3679",1
"MIR4435-1HG",1
"MIR4492",1
"MIR452",1
"MIR4664",1
"MIR4740",1
"MIR503HG",1
"MIR506",1
"MIR507",1
"MIR5193",1
"MIR5195",1
"MIR549A",1
"MIR609",1
"MIR645",1
"MIR647",1
"MIR663A",1
"MIR663AHG",1
"MIR6813",1
"MIR6840",1
"MIR6855",1
"MIR765",1
"MIR767",1
"MIR890",1
"MIR921",1
"MIR96",1
"MKRN2OS",1
"MKX-AS1",1
"MLK7-AS1",1
"MLLT6",1
"MLYCD",1
"MME-AS1",1
"MMP10",1
"MMP17",1
"MMP3",1
"MNAT1",1
"MORN3",1
"MPP5",1
"MPPED1",1
"MPRIPP1",1
"MPZ",1
"MRAP2",1
"MRAS",1
"MREG",1
"MRGPRD",1
"MRI1",1
"MRPL2",1
"MRPL33",1
"MRPL34",1
"MRPL43",1
"MRPL54",1
"MRPL9",1
"MRPS27",1
"MRPS36",1
"MRPS6",1
"MSI1",1
"MSS51",1
"MST1L",1
"MSX2",1
"MTCH2",1
"MTERF1",1
"MTG1",1
"MTHFD1",1
"MTHFD1L",1
"MTHFD2L",1
"MTHFR",1
"MTIF3",1
"MTNR1A",1
"MTRNR2L6",1
"MTSS1L",1
"MUC5B",1
"MUM1",1
"MVP",1
"MX2",1
"MXRA7",1
"MXRA8",1
"MYBPC1",1
"MYCN",1
"MYCNOS",1
"MYEOV",1
"MYH1",1
"MYH16",1
"MYH7",1
"MYHAS",1
"MYLK4",1
"MYLK-AS1",1
"MYO1B",1
"MYO3B",1
"MYOCD",1
"MYOM1",1
"MYOZ3",1
"MYPN",1
"MYT1L",1
"N4BP3",1
"NAA30",1
"NAALADL2",1
"NADK2",1
"NAE1",1
"NAGPA",1
"NALCN",1
"NALCN-AS1",1
"NANOS3",1
"NAP1L4",1
"NAP1L4P1",1
"NARFL",1
"NAV2-AS2",1
"NBAT1",1
"NBPF15",1
"NCEH1",1
"NCOA1",1
"NCOA2",1
"NDE1",1
"NDST1",1
"NDUFA10",1
"NDUFA13",1
"NDUFA7",1
"NDUFC2-KCTD14",1
"NDUFS5",1
"NDUFS6",1
"NECAB3",1
"NEDD9",1
"NEIL2",1
"NEK11",1
"NEK5",1
"NEK6",1
"NELFB",1
"NETO1",1
"NEURL3",1
"NEUROD1",1
"NEUROD6",1
"NEUROG3",1
"NFASC",1
"NFE2L2",1
"NFE2L3P1",1
"NFKBID",1
"NFYC",1
"NGEF",1
"NGF",1
"NHSL1",1
"NIN",1
"NIPAL2",1
"NIT1",1
"NKAPL",1
"NKPD1",1
"NKX1-1",1
"NKX2-1",1
"NKX2-6",1
"NKX6-1",1
"NLRC5",1
"NLRP12",1
"NMD3",1
"NME4",1
"NME6",1
"NMRAL1",1
"NOBOX",1
"NODAL",1
"NOL4L",1
"NOP14",1
"NOP14-AS1",1
"NOP58",1
"NOS3",1
"NOTCH4",1
"NOX4",1
"NOXA1",1
"NPAS3",1
"NPFFR1",1
"NPHS1",1
"NPLOC4",1
"NPM3",1
"NPSR1-AS1",1
"NR1H2",1
"NR1H3",1
"NR2E3",1
"NRAP",1
"NRBF2P5",1
"NREP",1
"NRG1",1
"NRG2",1
"NRG3",1
"NRIP3",1
"NRN1",1
"NRP2",1
"NRTN",1
"NRXN1",1
"NRXN2",1
"NT5E",1
"NTF4",1
"NTNG2",1
"NTRK1",1
"NTRK2",1
"NTSR2",1
"NUAK2",1
"NUDC",1
"NUDT14",1
"NUDT3",1
"NUMA1",1
"NUP62",1
"NWD1",1
"NWD2",1
"NXN",1
"NXPH4",1
"OARD1",1
"OAZ2",1
"OAZ3",1
"ODF4",1
"ONECUT2",1
"OPRM1",1
"OR10A2",1
"OR10A4",1
"OR10D3",1
"OR10G3",1
"OR10X1",1
"OR10Z1",1
"OR11H12",1
"OR1A1",1
"OR1M1",1
"OR2I1P",1
"OR2T27",1
"OR2Y1",1
"OR4D11",1
"OR4F15",1
"OR4F6",1
"OR4N2",1
"OR52B2",1
"OR52K2",1
"OR5B12",1
"OR6K3",1
"OR6P1",1
"OR7D4",1
"OR8S1",1
"ORAI3",1
"ORC2",1
"ORMDL3",1
"OSBP2",1
"OST4",1
"OTOR",1
"OTUB2",1
"OTUD7A",1
"OVCH2",1
"OVOL1",1
"OVOL2",1
"OXLD1",1
"OXNAD1",1
"P2RY10",1
"P2RY12",1
"P4HA3",1
"PABPC1P4",1
"PACS1",1
"PACSIN3",1
"PADI3",1
"PAGR1",1
"PAK1",1
"PAK2",1
"PAK4",1
"PAK6",1
"PANDAR",1
"PANK4",1
"PAPD5",1
"PAPOLG",1
"PAPSS1",1
"PAQR5",1
"PAQR8",1
"PARD3B",1
"PASD1",1
"PAUPAR",1
"PAXBP1",1
"PAXBP1-AS1",1
"PAXIP1-AS1",1
"PBOV1",1
"PBX2P1",1
"PC",1
"PCAT29",1
"PCBD2",1
"PCBP1-AS1",1
"PCDH11X",1
"PCDH20",1
"PCDH7",1
"PCDHAC1",1
"PCDHAC2",1
"PCED1B",1
"PCED1B-AS1",1
"PCK1",1
"PCLO",1
"PCNXL2",1
"PCNXL3",1
"PCOLCE",1
"PCOLCE-AS1",1
"PDCD11",1
"PDCD1LG2",1
"PDCD6",1
"PDE10A",1
"PDE11A",1
"PDE6A",1
"PDE6G",1
"PDE8B",1
"PDGFD",1
"PDGFRB",1
"PDHX",1
"PDIA4",1
"PDLIM5",1
"PDPK2P",1
"PDPR",1
"PDSS1",1
"PDX1-AS1",1
"PDXDC1",1
"PDZRN3",1
"PDZRN3-AS1",1
"PELI2",1
"PENK",1
"PERP",1
"PEX14",1
"PEX26",1
"PFKFB4",1
"PFN3",1
"PGBD1",1
"PGLYRP4",1
"PGPEP1L",1
"PHACTR2P1",1
"PHC1",1
"PHEX",1
"PHF1",1
"PHLDB1",1
"PHOSPHO2",1
"PHRF1",1
"PHYH",1
"PHYHIPL",1
"PI4KB",1
"PIDD1",1
"PIF1",1
"PIGR",1
"PIGT",1
"PIGZ",1
"PIK3C2B",1
"PIK3R1",1
"PIK3R2",1
"PILRB",1
"PIM1",1
"PIP",1
"PITPNC1",1
"PITRM1",1
"pk",1
"PKIB",1
"PKNOX2",1
"PKP1",1
"PLA2G4E",1
"PLA2G4E-AS1",1
"PLA2G6",1
"PLAC1",1
"PLB1",1
"PLCE1-AS2",1
"PLCG2",1
"PLD4",1
"PLEK2",1
"PLEKHB1",1
"PLEKHD1",1
"PLEKHF2",1
"PLEKHG6",1
"PLEKHJ1",1
"PLEKHM2",1
"PLEKHN1",1
"PLGLB2",1
"PLGRKT",1
"PLSCR2",1
"PLVAP",1
"PLXNA2",1
"PLXNA4",1
"PMM1",1
"PMP22",1
"PNLIPRP1",1
"PNMAL2",1
"PNOC",1
"PNPLA2",1
"PNPO",1
"POC1A",1
"POC5",1
"PODXL",1
"POLE",1
"POLR1A",1
"POLR2D",1
"POLR2F",1
"POMGNT1",1
"POMK",1
"POMT2",1
"POPDC2",1
"POU2F2",1
"POU3F1",1
"POU4F3",1
"POU5F2",1
"POU6F2-AS2",1
"PPAP2B",1
"PPAPDC1A",1
"PPARGC1A",1
"PPM1F",1
"PPP1R16A",1
"PPP1R2P1",1
"PPP1R3D",1
"PPP1R9A",1
"PPP2R1A",1
"PPP2R3A",1
"PPP5D1",1
"PPP6R1",1
"PQLC1",1
"PQLC2",1
"PRAC1",1
"PRAC2",1
"PRAM1",1
"PRDM13",1
"PRDX3",1
"PRELID2",1
"PRG3",1
"PRH1",1
"PRH1-PRR4",1
"PRICKLE2-AS1",1
"PRIM2",1
"PRKCQ",1
"PRKCQ-AS1",1
"PRKD1",1
"PRKG1",1
"PRKRIP1",1
"PRLHR",1
"PRLR",1
"PRMT3",1
"PRMT8",1
"PROC",1
"PROCR",1
"PROM1",1
"PROZ",1
"PRPF40B",1
"PRPSAP1",1
"PRR16",1
"PRR18",1
"PRR4",1
"PRRT2",1
"PRRX2",1
"PRRX2-AS1",1
"PRSS27",1
"PRSS42",1
"PRSS51",1
"PRSS55",1
"PRSS57",1
"PSCA",1
"PSD3",1
"PSEN1",1
"PSKH2",1
"PSMA2",1
"PSMB10",1
"PSMC4",1
"PSME1",1
"PSTK",1
"PSTPIP1",1
"PTBP1",1
"PTCHD3",1
"PTCHD3P3",1
"PTF1A",1
"PTGER2",1
"PTGER4",1
"PTGES3L",1
"PTGES3L-AARSD1",1
"PTGIS",1
"PTH1R",1
"PTK2B",1
"PTPLAD1",1
"PTPRH",1
"PTRF",1
"PTRH1",1
"PURA",1
"PUSL1",1
"PVR",1
"PWWP2A",1
"PXDC1",1
"PXYLP1",1
"PYCR2",1
"QRICH2",1
"QSOX1",1
"RAB18",1
"RAB19",1
"RAB20",1
"RAB24",1
"RAB26",1
"RAB27A",1
"RAB33B",1
"RAB37",1
"RAB3A",1
"RAB3IP",1
"RAB40B",1
"RAB40C",1
"RAD54B",1
"RALGDS",1
"RALGPS1",1
"RANBP20P",1
"RANBP3L",1
"RAPGEF2",1
"RAPGEFL1",1
"RARRES1",1
"RASEF",1
"RASGEF1C",1
"RASGRF1",1
"RASGRF2",1
"RASGRF2-AS1",1
"RASGRP3",1
"RASIP1",1
"RASSF6",1
"RASSF8-AS1",1
"RBBP4",1
"RBBP6",1
"RBM14-RBM4",1
"RBM20",1
"RBM24",1
"RBM28",1
"RBP3",1
"RCC2P6",1
"RCN3",1
"RCOR3",1
"RDH10",1
"RDH16",1
"RDH8",1
"RDX",1
"REEP3",1
"REG1A",1
"REG1B",1
"REG3G",1
"REM2",1
"RERG",1
"RETN",1
"RFPL1S",1
"RFX1",1
"RFX2",1
"RGL1",1
"RGL4",1
"RGMA",1
"RGMB",1
"RGMB-AS1",1
"RGR",1
"RGS1",1
"RGS10",1
"RGS14",1
"RGS17",1
"RGS19",1
"RGS9",1
"RHBDF1",1
"RHBDL1",1
"RIBC2",1
"RIIAD1",1
"RILPL1",1
"RIN2",1
"RLBP1",1
"RN7SL160P",1
"RN7SL471P",1
"RN7SL674P",1
"RNA5SP75",1
"RNASE10",1
"RNASE4",1
"RNASEH2B",1
"RND1",1
"RNF144A-AS1",1
"RNF167",1
"RNF2",1
"RNF212B",1
"RNF223",1
"RNF4",1
"RNF43",1
"RNFT2",1
"RNPS1",1
"RNU2-19P",1
"RNU4-39P",1
"RNU5F-1",1
"RNU6-1116P",1
"RNU6-1175P",1
"RNU6-1290P",1
"RNU6-9",1
"RNU7-140P",1
"ROBO3",1
"ROPN1B",1
"RORB",1
"RP11-1007I13.4",1
"RP11-1029J19.2",1
"RP11-1029J19.5",1
"RP11-1070A24.2",1
"RP11-1070N10.6",1
"RP11-107E5.3",1
"RP11-1084I9.1",1
"RP11-109A6.3",1
"RP11-10K16.1",1
"RP11-1105O14.1",1
"RP11-110L15.2",1
"RP11-1149O23.3",1
"RP11-1149O23.4",1
"RP11-114H23.1",1
"RP11-11N7.5",1
"RP11-122F24.1",1
"RP11-1252I4.2",1
"RP11-125M16.1",1
"RP11-1260E13.3",1
"RP11-1260E13.4",1
"RP11-126K1.9",1
"RP11-127B20.3",1
"RP11-1299A16.3",1
"RP11-12J10.3",1
"RP11-1336O20.2",1
"RP11-134G8.7",1
"RP11-13P5.2",1
"RP11-141M3.6",1
"RP11-145M4.3",1
"RP11-148L24.1",1
"RP11-154B12.3",1
"RP11-154J22.1",1
"RP11-156L14.1",1
"RP11-158M2.3",1
"RP11-158M2.4",1
"RP11-159F24.5",1
"RP11-159F24.6",1
"RP11-15B17.1",1
"RP11-164J13.1",1
"RP11-165E7.1",1
"RP11-168J18.6",1
"RP11-169K17.3",1
"RP11-169K17.4",1
"RP11-16P20.4",1
"RP11-175E9.1",1
"RP11-175K6.1",1
"RP11-176H8.1",1
"RP11-17E2.2",1
"RP11-181G12.4",1
"RP11-182J1.17",1
"RP11-185E12.2",1
"RP11-186B7.7",1
"RP11-191A15.4",1
"RP11-195B3.1",1
"RP11-196H14.3",1
"RP11-215A19.2",1
"RP11-216L13.18",1
"RP11-216L13.19",1
"RP11-218D6.4",1
"RP11-21B21.4",1
"RP11-221J22.1",1
"RP11-229P13.27",1
"RP11-231P20.2",1
"RP11-231P20.6",1
"RP11-236L14.1",1
"RP11-239E10.2",1
"RP11-23D24.2",1
"RP11-24H2.3",1
"RP11-254I22.1",1
"RP11-259N19.1",1
"RP11-25K21.6",1
"RP11-25O3.1",1
"RP11-266O8.1",1
"RP11-269G24.3",1
"RP11-269G24.4",1
"RP11-275N1.1",1
"RP11-276H7.3",1
"RP11-27M24.2",1
"RP11-283G6.4",1
"RP11-284F21.10",1
"RP11-288I21.1",1
"RP11-288L9.4",1
"RP11-290F24.3",1
"RP11-290H9.2",1
"RP11-294J22.6",1
"RP11-295P9.3",1
"RP11-296A16.1",1
"RP11-296I10.3",1
"RP11-297D21.4",1
"RP11-297K8.2",1
"RP11-2F20.1",1
"RP11-2H3.7",1
"RP11-2I17.4",1
"RP11-304L19.13",1
"RP11-304L19.2",1
"RP11-305L7.3",1
"RP11-305L7.6",1
"RP11-306G20.1",1
"RP11-307B6.3",1
"RP11-307E17.8",1
"RP11-309L24.4",1
"RP11-310N16.1",1
"RP11-314A20.5",1
"RP11-314N13.10",1
"RP11-316M1.3",1
"RP11-317G6.1",1
"RP11-317J19.1",1
"RP11-318A15.8",1
"RP11-318C2.1",1
"RP11-319G6.1",1
"RP11-31F15.2",1
"RP11-326I11.3",1
"RP11-326I11.4",1
"RP11-328K15.1",1
"RP11-329B9.1",1
"RP11-331F4.5",1
"RP11-331H2.4",1
"RP11-332J15.3",1
"RP11-342I1.2",1
"RP11-345P4.9",1
"RP11-347I19.8",1
"RP11-349F21.1",1
"RP11-34F20.7",1
"RP11-350G8.5",1
"RP11-350J20.12",1
"RP11-350O14.18",1
"RP11-352M15.1",1
"RP11-357G3.2",1
"RP11-35J10.4",1
"RP11-35J10.5",1
"RP11-363N22.3",1
"RP11-367J11.2",1
"RP11-370I10.4",1
"RP11-370I10.6",1
"RP11-379C10.4",1
"RP11-37C7.1",1
"RP11-380I10.4",1
"RP11-380O24.1",1
"RP11-383H13.1",1
"RP11-384F7.2",1
"RP11-385D13.1",1
"RP11-386G11.8",1
"RP11-386M24.3",1
"RP11-386M24.8",1
"RP11-386M24.9",1
"RP11-388M20.2",1
"RP11-393I2.4",1
"RP11-396O20.2",1
"RP11-398G24.2",1
"RP11-398M15.1",1
"RP11-399K21.11",1
"RP11-399L7.3",1
"RP11-400G3.5",1
"RP11-400N13.1",1
"RP11-400N9.1",1
"RP11-401F2.3",1
"RP11-401P9.5",1
"RP11-404H14.1",1
"RP11-404P21.3",1
"RP11-404P21.8",1
"RP11-409K20.6",1
"RP11-412D9.4",1
"RP11-415F23.3",1
"RP11-420N3.2",1
"RP11-420N3.3",1
"RP11-421F16.3",1
"RP11-423H2.1",1
"RP11-425M5.7",1
"RP11-428F8.2",1
"RP11-429J17.7",1
"RP11-42A4.1",1
"RP11-42O4.2",1
"RP11-431K24.1",1
"RP11-431M7.3",1
"RP11-432B6.3",1
"RP11-432I5.2",1
"RP11-434C1.2",1
"RP11-434D12.1",1
"RP11-434D2.11",1
"RP11-434D9.2",1
"RP11-436H11.5",1
"RP11-438J1.1",1
"RP11-439C15.4",1
"RP11-442J21.2",1
"RP11-442O1.4",1
"RP11-443B7.3",1
"RP11-444D3.1",1
"RP11-449J10.1",1
"RP11-449J1.1",1
"RP11-44N21.4",1
"RP11-452H21.4",1
"RP11-452K12.4",1
"RP11-452L6.6",1
"RP11-455F5.5",1
"RP11-455J15.1",1
"RP11-45D17.1",1
"RP11-461L13.4",1
"RP11-462L8.1",1
"RP11-464C19.3",1
"RP11-465B22.3",1
"RP11-465B22.8",1
"RP11-467K18.2",1
"RP11-467L13.4",1
"RP11-470E16.2",1
"RP11-476H16.1",1
"RP11-478H13.4",1
"RP11-478J18.2",1
"RP11-478K15.6",1
"RP11-480I12.5",1
"RP11-480I12.7",1
"RP11-482H16.1",1
"RP11-484O2.1",1
"RP11-486L19.2",1
"RP11-488I20.8",1
"RP11-497H17.1",1
"RP11-498B4.5",1
"RP11-498C9.3",1
"RP11-4B16.4",1
"RP11-501O2.5",1
"RP11-505K9.4",1
"RP11-505P4.7",1
"RP11-506M12.1",1
"RP11-510C10.4",1
"RP11-513I15.6",1
"RP11-513O17.2",1
"RP11-514D23.2",1
"RP11-514O12.4",1
"RP11-519G16.2",1
"RP11-519G16.3",1
"RP1-151F17.1",1
"RP11-527L4.2",1
"RP11-52L5.6",1
"RP11-536C5.2",1
"RP11-536I6.2",1
"RP11-539L10.2",1
"RP11-539L10.3",1
"RP11-53M11.3",1
"RP11-540D14.8",1
"RP11-544M22.8",1
"RP11-548K23.11",1
"RP11-54O7.18",1
"RP11-554A11.9",1
"RP11-554D15.1",1
"RP11-571L19.7",1
"RP11-580J4.1",1
"RP11-588P8.1",1
"RP11-58E21.5",1
"RP11-58E21.7",1
"RP11-599B13.3",1
"RP11-599B13.6",1
"RP1-159A19.4",1
"RP11-59C5.3",1
"RP11-59O6.3",1
"RP11-60A24.3",1
"RP11-613M10.9",1
"RP11-616M22.11",1
"RP11-618K13.2",1
"RP11-61A14.1",1
"RP11-61E11.2",1
"RP11-61I13.3",1
"RP11-624C23.1",1
"RP11-624G17.3",1
"RP11-624M8.1",1
"RP11-626I20.3",1
"RP11-62H7.2",1
"RP11-631F7.1",1
"RP11-632K5.3",1
"RP11-638I2.8",1
"RP11-63G10.3",1
"RP11-63K6.5",1
"RP11-640I15.1",1
"RP11-654A16.3",1
"RP11-654D12.2",1
"RP11-662M24.2",1
"RP11-666A8.9",1
"RP11-66B24.4",1
"RP1-166H1.2",1
"RP11-672L10.2",1
"RP11-672L10.3",1
"RP11-673P17.2",1
"RP11-676J15.1",1
"RP11-677M14.3",1
"RP11-67A1.2",1
"RP1-167F1.2",1
"RP11-67L3.5",1
"RP11-680B3.2",1
"RP11-689B22.2",1
"RP11-691N7.6",1
"RP11-6L6.7",1
"RP11-701I24.3",1
"RP11-704M14.1",1
"RP1-170O19.24",1
"RP11-712B9.2",1
"RP11-715J22.6",1
"RP11-71H17.8",1
"RP11-728E14.3",1
"RP11-72I8.1",1
"RP11-732M18.4",1
"RP11-736K20.5",1
"RP11-739N20.2",1
"RP11-739P1.2",1
"RP11-73G16.1",1
"RP11-73M18.2",1
"RP11-73M7.6",1
"RP11-744N12.3",1
"RP11-74C1.4",1
"RP11-74E22.3",1
"RP11-74K11.2",1
"RP11-753D20.1",1
"RP11-756A22.7",1
"RP11-759A24.3",1
"RP11-761B3.1",1
"RP11-762H8.3",1
"RP11-768F21.1",1
"RP11-777F6.3",1
"RP11-77H9.6",1
"RP11-78A18.2",1
"RP11-78O7.3",1
"RP11-793H13.10",1
"RP11-794P6.1",1
"RP11-798K3.2",1
"RP11-799B12.4",1
"RP11-799N11.1",1
"RP11-7C6.1",1
"RP11-806H10.4",1
"RP11-80H8.4",1
"RP11-810P8.1",1
"RP11-811I15.1",1
"RP11-815J4.5",1
"RP11-815M8.1",1
"RP11-81A22.5",1
"RP11-81F13.2",1
"RP11-81K2.1",1
"RP11-81K2.2",1
"RP11-834C11.4",1
"RP11-839D17.3",1
"RP11-83M16.6",1
"RP11-845M18.7",1
"RP11-849F2.5",1
"RP11-849F2.7",1
"RP11-849N15.4",1
"RP11-84A14.5",1
"RP11-855O10.2",1
"RP11-872D17.4",1
"RP11-881M11.8",1
"RP11-88E10.4",1
"RP11-88H9.2",1
"RP11-895M11.3",1
"RP11-89K21.2",1
"RP11-902B17.1",1
"RP11-903H12.5",1
"RP11-90P5.2",1
"RP11-933H2.4",1
"RP11-936I5.1",1
"RP11-93B14.10",1
"RP11-944L7.4",1
"RP11-944L7.5",1
"RP11-95O2.5",1
"RP11-966I7.2",1
"RP11-973N13.4",1
"RP11-977B10.2",1
"RP11-98D18.3",1
"RP11-98D18.9",1
"RP11-98F14.11",1
"RP11-98G7.1",1
"RP11-98O2.1",1
"RP11-99J16__A.2",1
"RP11-9L18.3",1
"RP1-20B21.4",1
"RP1-223B1.1",1
"RP1-225E12.2",1
"RP1-225E12.3",1
"RP1-228P16.4",1
"RP1-228P16.5",1
"RP1-249H1.2",1
"RP1-257A7.4",1
"RP13-492C18.2",1
"RP13-726E6.2",1
"RP1-37E16.12",1
"RP1-37N7.1",1
"RP13-890H12.2",1
"RP1-40E16.11",1
"RP1-50J22.4",1
"RP1-66N13.1",1
"RP3-330M21.5",1
"RP3-333B15.4",1
"RP3-370M22.8",1
"RP3-402G11.25",1
"RP3-434P1.6",1
"RP3-438O4.4",1
"RP3-453C12.14",1
"RP3-497J21.1",1
"RP4-536B24.3",1
"RP4-555D20.4",1
"RP4-576H24.2",1
"RP4-584D14.5",1
"RP4-604G5.1",1
"RP4-613B23.5",1
"RP4-622L5.7",1
"RP4-635E18.6",1
"RP4-663N10.1",1
"RP4-710M16.2",1
"RP4-712E4.2",1
"RP4-725G10.4",1
"RP4-758J18.10",1
"RP4-769N13.6",1
"RP4-777O23.1",1
"RP4-777O23.3",1
"RP4-778K6.3",1
"RP4-815D20.1",1
"RP5-1039K5.19",1
"RP5-1050D4.4",1
"RP5-1050D4.5",1
"RP5-1052I5.2",1
"RP5-1061H20.5",1
"RP5-1063M23.2",1
"RP5-1070G24.2",1
"RP5-1071N3.1",1
"RP5-1092A11.5",1
"RP5-1101C3.1",1
"RP5-1119A7.17",1
"RP5-1180C18.1",1
"RP5-832C2.5",1
"RP5-862P8.3",1
"RP5-874C20.8",1
"RP5-877J2.1",1
"RP5-899B16.1",1
"RP5-899E9.1",1
"RP5-906A24.1",1
"RP5-906A24.2",1
"RP5-916O11.3",1
"RPH3A",1
"RPL13A",1
"RPL28",1
"RPL35P3",1
"RPL37A",1
"RPL39P5",1
"RPP21",1
"RPS11",1
"RPS15A",1
"RPS16",1
"RPS6KA2-IT1",1
"RPSA",1
"RRM2",1
"RRM2B",1
"RRN3",1
"RRN3P1",1
"RSPH14",1
"RSPH6A",1
"RTP5",1
"RUFY1",1
"RUFY4",1
"RUNDC1",1
"RUNX1T1",1
"RYK",1
"RYR3",1
"S100A10",1
"S100A5",1
"SAC3D1",1
"SACS",1
"SAMD10",1
"SAMD14",1
"SAMD8",1
"SARS",1
"SART1",1
"SBK2",1
"SCARF1",1
"SCARNA6",1
"SCD",1
"SCD5",1
"SCFD2",1
"SCGB1B2P",1
"SCHIP1",1
"SCN4A",1
"SCN8A",1
"SCNN1A",1
"SCNN1D",1
"SCNN1G",1
"SCTR",1
"SDC4",1
"SDCBP2",1
"SDCBP2-AS1",1
"SDCCAG3",1
"SDE2",1
"SDHAF1",1
"SDHAP1",1
"SDPR",1
"SDR16C5",1
"SEC14L1",1
"SEC14L3",1
"SECTM1",1
"SEL1L2",1
"SELPLG",1
"SEMA3D",1
"SEMA3E",1
"SEMA4D",1
"SEMA4G",1
"SEMA5A",1
"SEMA6B",1
"SEMA6D",1
"SENCR",1
"SEPHS2",1
"SEPT10",1
"SEPT12",1
"SEPT4-AS1",1
"SEPT6",1
"SEPT7-AS1",1
"SERF2",1
"SERGEF",1
"SERINC5",1
"SERP1",1
"SERP2",1
"SERPINA13P",1
"SERPINA3",1
"SERPINA4",1
"SERPINE1",1
"SERPINF2",1
"SERPINI1",1
"SESN1",1
"SETD1A",1
"SETD7",1
"SETD8",1
"SEZ6",1
"SF3A3",1
"SFSWAP",1
"SFTA3",1
"SFTPC",1
"SFXN5",1
"SGCD",1
"SGPP2",1
"SGSH",1
"SGSM2",1
"SH2D3A",1
"SH3BP5L",1
"SH3YL1",1
"SHB",1
"SHF",1
"SHKBP1",1
"SHROOM3",1
"SIAH2",1
"SIGLEC15",1
"SIGLEC17P",1
"SIGLEC9",1
"SIL1",1
"SIRPB1",1
"SIRPD",1
"Six3os1_1",1
"SKOR1",1
"SKOR2",1
"SLA",1
"SLAMF7",1
"SLAMF8",1
"SLC10A6",1
"SLC11A1",1
"SLC12A4",1
"SLC12A8",1
"SLC12A9",1
"SLC15A3",1
"SLC16A12",1
"SLC16A8",1
"SLC17A6",1
"SLC18A1",1
"SLC19A1",1
"SLC19A2",1
"SLC20A2",1
"SLC23A2",1
"SLC24A1",1
"SLC25A15",1
"SLC25A30",1
"SLC25A30-AS1",1
"SLC25A34",1
"SLC25A45",1
"SLC26A1",1
"SLC26A11",1
"SLC26A4",1
"SLC26A4-AS1",1
"SLC27A1",1
"SLC27A3",1
"SLC29A1",1
"SLC2A10",1
"SLC2A2",1
"SLC2A5",1
"SLC2A7",1
"SLC2A8",1
"SLC2A9",1
"SLC30A4",1
"SLC30A5",1
"SLC35C2",1
"SLC35F3",1
"SLC35G5",1
"SLC38A1",1
"SLC40A1",1
"SLC41A1",1
"SLC43A2",1
"SLC44A3",1
"SLC45A3",1
"SLC4A4",1
"SLC5A10",1
"SLC5A2",1
"SLC5A3",1
"SLC5A6",1
"SLC6A17",1
"SLC6A6",1
"SLC7A5",1
"SLC8A1",1
"SLC9A3",1
"SLC9A3R2",1
"SLC9A7",1
"SLCO1A2",1
"SLCO2A1",1
"SLCO4A1",1
"SLFN11",1
"SLFN12L",1
"SLIT1",1
"SLURP1",1
"SMAD9",1
"SMARCAL1",1
"SMARCD1",1
"SMARCD3",1
"SMC5",1
"SMG1P3",1
"SMG7-AS1",1
"SMIM3",1
"SMIM6",1
"SMIM8",1
"SMLR1",1
"SMOC1",1
"SMPDL3B",1
"SMPX",1
"SMS",1
"SMTN",1
"SMURF1",1
"SMYD3",1
"SNAP25",1
"SNAPC2",1
"SNAPC4",1
"SNCAIP",1
"SNHG11",1
"SNHG14",1
"SNHG15",1
"SNORA1",1
"SNORA11B",1
"SNORA18",1
"SNORA27",1
"SNORA38",1
"SNORA6",1
"SNORA62",1
"SNORA8",1
"SNORD33",1
"SNORD34",1
"SNORD35A",1
"SNORD5",1
"SNRPD3",1
"SNX11",1
"SNX21",1
"SNX29",1
"SOAT1",1
"SOCS5P3",1
"SORBS1",1
"SORCS2",1
"SORCS3",1
"SOWAHC",1
"SOX10",1
"SOX13",1
"SOX2-OT",1
"SP110",1
"SP140",1
"SP7",1
"SP8",1
"SPAG1",1
"SPAG11A",1
"SPAG17",1
"SPATA19",1
"SPATA41",1
"SPATA8-AS1",1
"SPDYC",1
"SPEN",1
"SPICE1",1
"SPNS1",1
"SPOCK1",1
"SPPL2B",1
"SPR",1
"SPRY4-IT1",1
"SPRY4-IT1_1",1
"SPRY4-IT1_2",1
"SPSB4",1
"SPTA1",1
"SPTBN4",1
"SPTLC2",1
"SRD5A2",1
"SRD5A3P1",1
"SRGN",1
"SRRM1",1
"SRRM4",1
"SSC4D",1
"SSH1",1
"SSPN",1
"SSR4P1",1
"ST3GAL1",1
"ST3GAL4",1
"ST6GAL2",1
"ST6GALNAC2",1
"ST6GALNAC4",1
"ST6GALNAC6",1
"ST8SIA1",1
"ST8SIA3",1
"ST8SIA6",1
"STAC2",1
"STAG1",1
"STAG3L5P-PVRIG2P-PILRB",1
"STAP1",1
"STAR",1
"STARD4-AS1",1
"STARD5",1
"STK16",1
"STK17A",1
"STK3",1
"STK32C",1
"STK38L",1
"STK39",1
"STMN3",1
"STOML1",1
"STON1-GTF2A1L",1
"STOX2",1
"STPG1",1
"STPG2",1
"STX18-AS1",1
"STX1A",1
"STX6",1
"STYK1",1
"SUCLG1",1
"SUMF2",1
"SUN1",1
"SUN2",1
"SUOX",1
"SUPT5H",1
"SV2B",1
"SVIL-AS1",1
"SVOP",1
"SYCP1",1
"SYCP2",1
"SYMPK",1
"SYNC",1
"SYNGR3",1
"SYNRG",1
"SYS1",1
"SYS1-DBNDD2",1
"SYT11",1
"SYT12",1
"SYT6",1
"SYT8",1
"SYTL2",1
"T",1
"TAB1",1
"TAC3",1
"TADA2A",1
"TADA2B",1
"TADA3",1
"TAF10",1
"TAF1D",1
"TALDO1",1
"TAPBP",1
"TARID",1
"TAS2R38",1
"TATDN1",1
"TBATA",1
"TBC1D20",1
"TBC1D22A",1
"TBC1D24",1
"TBC1D4",1
"TBC1D5",1
"TBC1D8",1
"TBCA",1
"TBKBP1",1
"TBX20",1
"TBX3",1
"TBXA2R",1
"TBXAS1",1
"TCERG1L",1
"TCF12",1
"TCF20",1
"TCF21",1
"TCF24",1
"TCF25",1
"TCL1B",1
"TCN1",1
"TCP11",1
"TDRD1",1
"TDRKH",1
"TEAD3",1
"TECR",1
"TEKT4",1
"TEKT5",1
"TENM2",1
"TERF2IP",1
"TERT",1
"TESC",1
"TEX33",1
"TEX35",1
"TF",1
"TFCP2L1",1
"TFF2",1
"TFP1",1
"TFRC",1
"TG",1
"TGFB2",1
"TGFBR3L",1
"THADA",1
"THAP11",1
"THBS2",1
"THSD4-AS1",1
"TIAM1",1
"TICAM1",1
"TICRR",1
"TIFA",1
"TIFAB",1
"TIGD6",1
"TINAGL1",1
"TINCR",1
"TLDC1",1
"TLE2",1
"TLE3",1
"TLK1",1
"TLN1",1
"TLN2",1
"TLR5",1
"TLR7",1
"TLX1",1
"TLX2",1
"TM4SF18",1
"TM4SF4",1
"TMBIM6",1
"TMC3-AS1",1
"TMCC3",1
"TMEM104",1
"TMEM106A",1
"TMEM132A",1
"TMEM140",1
"TMEM144",1
"TMEM150B",1
"TMEM156",1
"TMEM158",1
"TMEM167B",1
"TMEM168",1
"TMEM171",1
"TMEM180",1
"TMEM181",1
"TMEM184A",1
"TMEM184B",1
"TMEM196",1
"TMEM207",1
"TMEM210",1
"TMEM238",1
"TMEM246",1
"TMEM246-AS1",1
"TMEM25",1
"TMEM257",1
"TMEM263",1
"TMEM40",1
"TMEM43",1
"TMEM45A",1
"TMEM45B",1
"TMEM51-AS1",1
"TMEM56",1
"TMEM5-AS1",1
"TMEM71",1
"TMEM79",1
"TMEM80",1
"TMEM86A",1
"TMEM8A",1
"TMEM8C",1
"TMIGD2",1
"TMOD3",1
"TMPRSS2",1
"TMPRSS4-AS1",1
"TMUB1",1
"TMX2-CTNND1",1
"TNFAIP8",1
"TNFRSF10C",1
"TNFRSF11A",1
"TNFRSF13B",1
"TNFRSF1A",1
"TNFRSF1B",1
"TNFRSF4",1
"TNFSF12-TNFSF13",1
"TNFSF13",1
"TNFSF18",1
"TNFSF4",1
"TNFSF8",1
"TNIP1",1
"TNIP2",1
"TNNT3",1
"TNP1",1
"TNR",1
"TNRC18",1
"TNXB",1
"TOPAZ1",1
"TOX2",1
"TP53INP2",1
"TPCN1",1
"TPCN2",1
"TPGS1",1
"TPK1",1
"TPM1",1
"TPRA1",1
"TPRG1-AS1",1
"TPSP2",1
"TPTE2P1",1
"TRAF3IP2",1
"TRAF3IP2-AS1",1
"TRAM2",1
"TRBV30",1
"TRBV6-1",1
"TREH",1
"TREML2",1
"TRIB1",1
"TRIM10",1
"TRIM16",1
"TRIM39-RPP21",1
"TRIM4",1
"TRIM45",1
"TRIM47",1
"TRIM59",1
"TRIM65",1
"TRIOBP",1
"TRIP11",1
"TRMT1",1
"TRNT1",1
"TRPC2",1
"TRPM5",1
"TRPM8",1
"TRPV2",1
"TRPV4",1
"TRRAP",1
"TSPAN1",1
"TSPAN10",1
"TSPAN14",1
"TSPAN15",1
"TSPAN31",1
"TSPAN4",1
"TSPAN8",1
"TSPO2",1
"TSSK6",1
"TSTD1",1
"TTC1",1
"TTC12",1
"TTC39A",1
"TTC39A-AS1",1
"TTC7B",1
"TTLL10-AS1",1
"TTYH2",1
"TUBA1C",1
"TUBGCP2",1
"TULP2",1
"TULP4",1
"TUSC3",1
"TUSC8",1
"TVP23C",1
"TVP23C-CDRT4",1
"TWIST1",1
"TYRP1",1
"U7",1
"UBA3",1
"UBA6-AS1",1
"UBA7",1
"UBALD2",1
"UBC",1
"UBE2D2",1
"UBE2N",1
"UBE2O",1
"UBE2R2",1
"UBE3A",1
"UBE3C",1
"UBE4A",1
"UBTF",1
"uc_338",1
"UCKL1",1
"UCN2",1
"UCP3",1
"UFD1L",1
"UGCG",1
"UGT2B11",1
"UGT2B15",1
"UGT8",1
"UHRF1BP1L",1
"ULK2",1
"UNC45A",1
"UNK",1
"UPB1",1
"UPF1",1
"UPK2",1
"UPP2",1
"USHBP1",1
"USP20",1
"USP21",1
"USP22",1
"USP25",1
"USP29",1
"USP30",1
"USP30-AS1",1
"USP44",1
"USP47",1
"USP6",1
"UTF1",1
"UTS2R",1
"UVSSA",1
"VAC14",1
"VAMP1",1
"VAMP2",1
"VASH2",1
"VCAM1",1
"VEGFB",1
"VILL",1
"VOPP1",1
"VPS18",1
"VPS26B",1
"VPS37C",1
"VPS4A",1
"VTRNA1-2",1
"VWA1",1
"VWC2L",1
"WARS",1
"WBP1L",1
"WBSCR17",1
"WBSCR27",1
"WDPCP",1
"WDR24",1
"WDR27",1
"WDR37",1
"WDR44",1
"WDR5",1
"WDR60",1
"WDR72",1
"WDR86-AS1",1
"WFDC11",1
"WFS1",1
"WHAMM",1
"WI2-85898F10.1",1
"WI2-87327B8.2",1
"WIPF3",1
"WRB",1
"WT1-AS",1
"WT1-AS_7",1
"WT1-AS_8",1
"WWC2-AS2",1
"WWP1",1
"WWP2",1
"XBP1",1
"XXbac-B562F10.12",1
"XXbac-BPG294E21.9",1
"XXbac-BPG300A18.13",1
"XXbac-BPGBPG24O18.1",1
"XXcos-LUCA11.5",1
"XXyac-YX65C7_A.2",1
"XXYLT1-AS1",1
"XYLT1",1
"YAE1D1",1
"YBX1",1
"YBX3",1
"YIPF5",1
"YJEFN3",1
"YWHAG",1
"Z95704.3",1
"Z97634.3",1
"ZACN",1
"ZAR1L",1
"ZBTB10",1
"ZBTB47",1
"ZBTB7A",1
"ZBTB7B",1
"ZC3H12B",1
"ZC3H18",1
"ZC3H4",1
"ZCCHC11",1
"ZCCHC24",1
"ZDHHC18",1
"ZDHHC7",1
"ZFAT",1
"ZFPM2-AS1",1
"ZFR2",1
"ZFYVE28",1
"ZFYVE9",1
"ZIK1",1
"ZKSCAN1",1
"ZMAT3",1
"ZMIZ1-AS1",1
"ZNF106",1
"ZNF132",1
"ZNF208",1
"ZNF232",1
"ZNF267",1
"ZNF274",1
"ZNF277",1
"ZNF280B",1
"ZNF281",1
"ZNF282",1
"ZNF283",1
"ZNF30",1
"ZNF30-AS1",1
"ZNF318",1
"ZNF320",1
"ZNF350-AS1",1
"ZNF385A",1
"ZNF441",1
"ZNF444",1
"ZNF444P1",1
"ZNF467",1
"ZNF487",1
"ZNF490",1
"ZNF497",1
"ZNF502",1
"ZNF511",1
"ZNF512B",1
"ZNF516",1
"ZNF526",1
"ZNF536",1
"ZNF541",1
"ZNF573",1
"ZNF574",1
"ZNF579",1
"ZNF586",1
"ZNF587B",1
"ZNF589",1
"ZNF608",1
"ZNF609",1
"ZNF627",1
"ZNF641",1
"ZNF660",1
"ZNF692",1
"ZNF704",1
"ZNF706",1
"ZNF735",1
"ZNF736",1
"ZNF740",1
"ZNF747",1
"ZNF768",1
"ZNF783",1
"ZNF791",1
"ZNF833P",1
"ZNF844",1
"ZNF876P",1
"ZNF92",1
"ZNRF2P2",1
"ZP3",1
"ZSCAN10",1
"ZSCAN2",1
"ZSCAN5B",1
"ZSWIM3",1
"ZSWIM6",1
"ZZEF1",1
