"Gene","panels.present","panel.counts","alive.counts","dead.counts"
"LSAMP","sleeping.neg;sleeping.pos;neg.shutting;pos.shutting","4","4;19;12;19","11;21;13;16"
"TFAP2A","sleeping.neg;sleeping.pos;neg.shutting;pos.shutting","4","4;8;5;16","21;28;4;35"
"CDH4","sleeping.neg;sleeping.pos;neg.shutting;pos.shutting","4","3;52;11;30","12;56;18;48"
"CUX1","sleeping.neg;sleeping.pos;neg.shutting;pos.shutting","4","3;7;22;37","5;18;14;35"
"DAB2IP","pos2neg;sleeping.pos;neg.shutting;pos.shutting","4","3;5;8;14","3;9;7;19"
"DLEU1","sleeping.neg;sleeping.pos;neg.shutting;pos.shutting","4","4;7;12;16","14;21;7;28"
"FOXP1","sleeping.neg;sleeping.pos;neg.shutting;pos.shutting","4","3;5;18;28","5;15;14;40"
"RUNX1","sleeping.neg;sleeping.pos;neg.shutting;pos.shutting","4","4;9;7;19","7;13;9;25"
"TSPAN32","sleeping.neg;sleeping.pos;neg.shutting;pos.shutting","4","3;4;3;5","18;33;9;24"
"MTUS1","sleeping.neg;sleeping.pos;neg.shutting;pos.shutting","4","4;3;5;6","4;9;3;8"
"ESR1","sleeping.neg;sleeping.pos;neg.shutting;pos.shutting","4","5;17;5;18","10;34;9;24"
"HIVEP3","sleeping.neg;sleeping.pos;neg.shutting;pos.shutting","4","7;12;8;13","10;21;5;31"
"PPP1CA","sleeping.neg;sleeping.pos;neg.shutting;pos.shutting","4","4;6;3;9","8;12;8;17"
"PRKCE","sleeping.neg;sleeping.pos;neg.shutting;pos.shutting","4","5;4;8;16","3;8;3;20"
"PROX1","sleeping.neg;sleeping.pos;neg.shutting;pos.shutting","4","3;11;6;16","3;21;10;24"
"RUNX3","sleeping.neg;sleeping.pos;neg.shutting;pos.shutting","4","4;8;19;30","8;36;14;36"
"PRKCB","sleeping.neg;sleeping.pos;neg.shutting;pos.shutting","4","3;19;3;9","10;24;8;18"
"BLCAP","sleeping.neg;sleeping.pos;neg.shutting;pos.shutting","4","4;8;10;10","10;21;11;22"
"CDK6","sleeping.neg;sleeping.pos;neg.shutting;pos.shutting","4","4;6;8;12","5;10;5;20"
"PRR5","sleeping.neg;sleeping.pos;neg.shutting;pos.shutting","4","5;8;5;10","7;12;5;9"
"ST5","sleeping.neg;sleeping.pos;neg.shutting;pos.shutting","4","3;5;5;13","6;15;8;21"
"DDR2","sleeping.neg;sleeping.pos;neg.shutting;pos.shutting","4","4;6;4;10","3;7;6;9"
"NNAT","sleeping.neg;sleeping.pos;neg.shutting;pos.shutting","4","4;6;4;5","8;17;5;8"
"TAGLN","sleeping.neg;sleeping.pos;neg.shutting;pos.shutting","4","4;6;4;5","5;6;5;6"
"DNMT3A","sleeping.neg;sleeping.pos;neg.shutting;pos.shutting","4","3;5;3;12","7;17;4;27"
"KRT19","sleeping.neg;sleeping.pos;neg.shutting;pos.shutting","4","4;6;3;7","6;10;4;8"
"PTPN6","sleeping.neg;sleeping.pos;neg.shutting;pos.shutting","4","3;4;3;11","10;11;5;15"
"ZIC1","neg2pos;pos2neg;sleeping.pos;neg.shutting;pos.shutting","5","4;3;36;24;56","4;19;93;31;84"
"CBFA2T3","neg2pos;sleeping.neg;sleeping.pos;neg.shutting;pos.shutting","5","3;3;5;16;39","4;10;44;23;43"
"RUNX2","neg2pos;sleeping.neg;sleeping.pos;neg.shutting;pos.shutting","5","3;3;6;5;15","5;4;22;6;25"
"TP73","neg2pos;pos2neg;sleeping.neg;sleeping.pos;neg.shutting;pos.shutting","6","6;6;7;33;18;38","10;12;13;71;23;57"
"EPHB3","neg2pos;pos2neg;sleeping.neg;sleeping.pos;neg.shutting;pos.shutting","6","3;6;4;3;7;13","5;6;7;8;6;13"
"MAD1L1","neg2pos;pos2neg;sleeping.neg;sleeping.pos;neg.shutting;pos.shutting","6","3;6;8;21;26;95","9;7;26;74;38;106"
