"Gene","panels.present","panel.counts","alive.counts","dead.counts"
"C1orf210","pos2neg;sleeping.neg;sleeping.pos;neg.shutting;pos.shutting","5","3;5;5;8;7","5;7;9;6;7"
"TSPAN9","sleeping.neg;sleeping.pos;neg.shutting;pos.shutting","4","3;5;3;7","4;9;6;19"
"PSMB8-AS1","sleeping.neg;sleeping.pos;neg.shutting;pos.shutting","4","5;8;3;10","9;14;4;17"
"GNG7","sleeping.neg;sleeping.pos;neg.shutting;pos.shutting","4","4;11;3;14","11;19;3;28"
"AGO2","sleeping.neg;sleeping.pos;neg.shutting;pos.shutting","4","5;7;3;19","3;19;6;29"
"PSMB8","sleeping.neg;sleeping.pos;neg.shutting;pos.shutting","4","8;9;4;13","13;20;5;25"
"PRR5-ARHGAP8","sleeping.neg;sleeping.pos;neg.shutting;pos.shutting","4","5;7;4;11","10;14;5;14"
"ARHGEF10","sleeping.neg;sleeping.pos;neg.shutting;pos.shutting","4","3;3;4;22","10;30;13;31"
"AGAP2","sleeping.neg;sleeping.pos;neg.shutting;pos.shutting","4","4;9;4;14","6;11;7;26"
"ZFPM1","sleeping.neg;sleeping.pos;neg.shutting;pos.shutting","4","5;9;5;24","6;32;7;26"
"TRAK1","sleeping.neg;sleeping.pos;neg.shutting;pos.shutting","4","5;5;6;10","6;11;3;17"
"SLC44A4","sleeping.neg;sleeping.pos;neg.shutting;pos.shutting","4","5;20;6;5","13;24;5;20"
"SSBP3","sleeping.neg;sleeping.pos;neg.shutting;pos.shutting","4","3;6;7;11","7;12;5;25"
"GREB1","sleeping.neg;sleeping.pos;neg.shutting;pos.shutting","4","3;6;7;4","6;13;6;14"
"PSMB9","sleeping.neg;sleeping.pos;neg.shutting;pos.shutting","4","6;9;8;21","12;17;7;41"
"LRP5","sleeping.neg;sleeping.pos;neg.shutting;pos.shutting","4","4;11;8;19","6;17;10;41"
"FOXP4","sleeping.neg;sleeping.pos;neg.shutting;pos.shutting","4","3;7;8;16","8;10;6;17"
"SPATA13","sleeping.neg;sleeping.pos;neg.shutting;pos.shutting","4","9;10;10;17","11;18;3;22"
"RP11-307N16.6","sleeping.neg;sleeping.pos;neg.shutting;pos.shutting","4","9;10;10;18","11;18;3;24"
"PCDHGB1","sleeping.neg;sleeping.pos;neg.shutting;pos.shutting","4","3;3;10;28","6;79;7;64"
"PCDHGA3","sleeping.neg;sleeping.pos;neg.shutting;pos.shutting","4","3;3;10;28","6;88;7;68"
"PCDHGA2","sleeping.neg;sleeping.pos;neg.shutting;pos.shutting","4","3;4;10;28","6;93;7;71"
"PCDHGA1","sleeping.neg;sleeping.pos;neg.shutting;pos.shutting","4","3;4;10;29","6;95;7;74"
"RPTOR","sleeping.neg;sleeping.pos;neg.shutting;pos.shutting","4","7;14;12;47","17;54;20;42"
"AGAP1","sleeping.neg;sleeping.pos;neg.shutting;pos.shutting","4","7;15;14;47","18;49;15;46"
"SH3BP4","sleeping.neg;sleeping.pos;neg.shutting;pos.shutting","4","5;5;16;17","9;8;10;30"
"SKI","sleeping.neg;sleeping.pos;neg.shutting;pos.shutting","4","6;11;17;33","13;35;11;43"
"PRRT1","sleeping.neg;sleeping.pos;neg.shutting;pos.shutting","4","4;7;17;51","28;56;8;42"
"HDAC4","sleeping.neg;sleeping.pos;neg.shutting;pos.shutting","4","5;15;19;65","12;44;23;77"
"CASZ1","sleeping.neg;sleeping.pos;neg.shutting;pos.shutting","4","3;9;19;39","5;32;18;35"
"PRKCZ","sleeping.neg;sleeping.pos;neg.shutting;pos.shutting","4","4;7;20;61","9;55;16;86"
"TBCD","sleeping.neg;sleeping.pos;neg.shutting;pos.shutting","4","5;16;29;56","19;25;25;87"
"SSTR5-AS1","sleeping.neg;sleeping.pos;neg.shutting;pos.shutting","4","3;6;5;9","5;11;4;10"
"SSTR5","sleeping.neg;sleeping.pos;neg.shutting;pos.shutting","4","3;6;4;6","5;7;3;7"
"FAM83H-AS1","sleeping.neg;sleeping.pos;neg.shutting;pos.shutting","4","4;4;9;8","3;5;4;12"
"DGKZ","sleeping.neg;sleeping.pos;neg.shutting;pos.shutting","4","6;12;3;8","12;18;4;11"
"PWWP2B","sleeping.neg;sleeping.pos;neg.shutting;pos.shutting","4","4;5;4;11","5;12;5;19"
"UBAC2","sleeping.neg;sleeping.pos;neg.shutting;pos.shutting","4","5;3;5;13","6;6;3;15"
"PRSS8","sleeping.neg;sleeping.pos;neg.shutting;pos.shutting","4","3;5;6;6","5;5;4;7"
"PLEC","sleeping.neg;sleeping.pos;neg.shutting;pos.shutting","4","4;10;8;26","12;23;6;37"
"SHANK2","sleeping.neg;sleeping.pos;neg.shutting;pos.shutting","4","3;14;4;61","33;91;5;71"
"IFT140","sleeping.neg;sleeping.pos;neg.shutting;pos.shutting","4","7;9;4;29","11;29;4;33"
"CTD-2201E18.3","sleeping.neg;sleeping.pos;neg.shutting;pos.shutting","4","6;14;3;24","17;25;3;30"
"C7orf50","sleeping.neg;sleeping.pos;neg.shutting;pos.shutting","4","6;17;18;49","16;53;16;77"
"SLC38A2","sleeping.neg;sleeping.pos;neg.shutting;pos.shutting","4","4;3;3;6","5;5;4;6"
"NCKAP5","sleeping.neg;sleeping.pos;neg.shutting;pos.shutting","4","3;5;8;11","5;15;3;20"
"KRT8","sleeping.neg;sleeping.pos;neg.shutting;pos.shutting","4","12;13;12;8","15;17;4;12"
"FIP1L1","sleeping.neg;sleeping.pos;neg.shutting;pos.shutting","4","3;9;18;44","3;53;7;59"
"FAM101A","sleeping.neg;sleeping.pos;neg.shutting;pos.shutting","4","5;7;21;26","6;21;9;30"
"COX19","sleeping.neg;sleeping.pos;neg.shutting;pos.shutting","4","4;8;8;24","4;24;11;39"
"ADAP1","sleeping.neg;sleeping.pos;neg.shutting;pos.shutting","4","4;8;9;22","4;22;8;33"
"SLC45A4","sleeping.neg;sleeping.pos;neg.shutting;pos.shutting","4","6;10;19;37","8;35;12;52"
"SIPA1","sleeping.neg;sleeping.pos;neg.shutting;pos.shutting","4","3;8;10;20","6;27;9;35"
"ZMIZ1","sleeping.neg;sleeping.pos;neg.shutting;pos.shutting","4","5;10;16;31","8;21;16;42"
"TNS1","sleeping.neg;sleeping.pos;neg.shutting;pos.shutting","4","6;11;3;11","9;24;6;23"
"RP11-834C11.14","sleeping.neg;sleeping.pos;neg.shutting;pos.shutting","4","4;11;12;26","9;24;4;36"
"RP11-834C11.12","sleeping.neg;sleeping.pos;neg.shutting;pos.shutting","4","4;24;23;68","20;44;18;91"
"RP11-753H16.3","sleeping.neg;sleeping.pos;neg.shutting;pos.shutting","4","3;6;7;19","6;17;12;32"
"RHOD","sleeping.neg;sleeping.pos;neg.shutting;pos.shutting","4","3;4;4;6","5;5;4;9"
"MCF2L","sleeping.neg;sleeping.pos;neg.shutting;pos.shutting","4","11;28;21;90","14;81;14;127"
"HOXC4","sleeping.neg;sleeping.pos;neg.shutting;pos.shutting","4","6;26;13;41","20;52;7;53"
"SEPT9","sleeping.neg;sleeping.pos;neg.shutting;pos.shutting","4","11;26;22;29","21;37;9;46"
"RGS12","sleeping.neg;sleeping.pos;neg.shutting;pos.shutting","4","4;15;9;20","14;30;8;26"
"NCOR2","sleeping.neg;sleeping.pos;neg.shutting;pos.shutting","4","11;28;15;45","22;65;18;63"
"DDR1","sleeping.neg;sleeping.pos;neg.shutting;pos.shutting","4","4;30;24;32","22;34;12;44"
"SLC38A10","sleeping.neg;sleeping.pos;neg.shutting;pos.shutting","4","3;6;9;18","9;16;6;24"
"ANO1","neg2pos;sleeping.pos;neg.shutting;pos.shutting","4","3;10;9;25","3;14;5;31"
"EIF2B5","neg2pos;pos2neg;sleeping.neg;sleeping.pos;neg.shutting;pos.shutting","6","4;6;5;14;28;70","8;9;21;60;19;108"
